x_m,y_m,value
0.0000,0.0000,-19.912435
0.1667,0.0000,-20.626381
0.3333,0.0000,-21.386390
0.5000,0.0000,-22.193904
0.6667,0.0000,-23.050115
0.8333,0.0000,-23.955692
1.0000,0.0000,-24.910345
1.1667,0.0000,-25.912237
1.3333,0.0000,-26.957387
1.5000,0.0000,-28.039211
1.6667,0.0000,-29.148445
1.8333,0.0000,-30.273543
2.0000,0.0000,-31.401487
2.1667,0.0000,-32.518781
2.3333,0.0000,-33.612351
2.5000,0.0000,-34.670266
2.6667,0.0000,-35.682484
2.8333,0.0000,-36.642022
3.0000,0.0000,-37.546738
3.1667,0.0000,-38.401387
3.3333,0.0000,-39.218986
3.5000,0.0000,-40.020252
3.6667,0.0000,-40.830287
3.8333,0.0000,-41.672770
4.0000,0.0000,-42.563211
4.1667,0.0000,-43.503741
4.3333,0.0000,-44.481804
4.5000,0.0000,-45.473884
4.6667,0.0000,-46.453525
4.8333,0.0000,-47.401141
5.0000,0.0000,-48.312182
5.1667,0.0000,-49.200456
5.3333,0.0000,-50.094888
5.5000,0.0000,-51.030145
5.6667,0.0000,-52.033851
5.8333,0.0000,-53.114555
6.0000,0.0000,-54.254717
6.1667,0.0000,-55.411409
6.3333,0.0000,-56.524761
6.5000,0.0000,-57.531367
6.6667,0.0000,-58.378159
6.8333,0.0000,-59.032563
7.0000,0.0000,-59.486834
7.1667,0.0000,-59.757090
7.3333,0.0000,-59.879211
7.5000,0.0000,-59.903681
7.6667,0.0000,-59.890166
7.8333,0.0000,-59.901553
8.0000,0.0000,-59.997090
8.1667,0.0000,-60.225170
8.3333,0.0000,-60.617252
8.5000,0.0000,-61.184655
8.6667,0.0000,-61.919367
8.8333,0.0000,-62.798761
9.0000,0.0000,-63.792834
9.1667,0.0000,-64.871655
9.3333,0.0000,-66.010511
9.5000,0.0000,-67.191034
9.6667,0.0000,-68.398201
9.8333,0.0000,-69.614925
10.0000,0.0000,-70.817188
10.1667,0.0000,-71.972472
10.3333,0.0000,-73.042759
10.5000,0.0000,-73.991195
10.6667,0.0000,-74.790001
10.8333,0.0000,-75.427000
11.0000,0.0000,-75.909144
11.1667,0.0000,-76.262778
11.3333,0.0000,-76.531288
11.5000,0.0000,-76.771048
11.6667,0.0000,-77.046430
11.8333,0.0000,-77.424508
12.0000,0.0000,-77.969969
12.1667,0.0000,-78.740585
12.3333,0.0000,-79.783320
12.5000,0.0000,-81.130994
12.6667,0.0000,-82.799664
12.8333,0.0000,-84.787371
13.0000,0.0000,-87.075246
13.1667,0.0000,-89.631765
13.3333,0.0000,-92.419961
13.5000,0.0000,-95.406181
13.6667,0.0000,-98.568097
13.8333,0.0000,-101.899771
14.0000,0.0000,-105.412645
14.1667,0.0000,-109.132918
14.3333,0.0000,-113.097147
14.5000,0.0000,-117.348364
14.6667,0.0000,-121.934551
14.8333,0.0000,-126.910096
15.0000,0.0000,-132.339556
15.1667,0.0000,-138.302147
15.3333,0.0000,-144.895385
15.5000,0.0000,-152.236989
15.6667,0.0000,-160.465296
15.8333,0.0000,-169.739233
16.0000,0.0000,-180.239174
16.1667,0.0000,-192.169479
16.3333,0.0000,-205.762661
16.5000,0.0000,-221.284276
16.6667,0.0000,-239.037208
16.8333,0.0000,-259.364335
17.0000,0.0000,-282.649546
17.1667,0.0000,-309.318249
17.3333,0.0000,-339.839405
17.5000,0.0000,-374.731028
17.6667,0.0000,-414.569798
17.8333,0.0000,-460.003266
18.0000,0.0000,-511.761044
18.1667,0.0000,-570.660889
18.3333,0.0000,-637.607474
18.5000,0.0000,-713.585439
18.6667,0.0000,-799.652100
18.8333,0.0000,-896.936688
19.0000,0.0000,-1006.651585
19.1667,0.0000,-1130.117438
19.3333,0.0000,-1268.799662
19.5000,0.0000,-1424.348863
19.6667,0.0000,-1598.630169
19.8333,0.0000,-1793.714276
20.0000,0.0000,-2011.786181
20.1667,0.0000,-2254.911132
20.3333,0.0000,-2524.592456
20.5000,0.0000,-2821.077973
20.6667,0.0000,-3142.434263
20.8333,0.0000,-3483.511934
21.0000,0.0000,-3835.047559
21.1667,0.0000,-4183.240796
21.3333,0.0000,-4510.149222
21.5000,0.0000,-4795.116735
21.6667,0.0000,-5017.195937
21.8333,0.0000,-5158.199454
22.0000,0.0000,-5205.728893
22.1667,0.0000,-5155.412855
22.3333,0.0000,-5011.727661
22.5000,0.0000,-4787.159623
22.6667,0.0000,-4499.952921
22.8333,0.0000,-4171.072166
23.0000,0.0000,-3821.150402
23.1667,0.0000,-3468.074754
23.3333,0.0000,-3125.573846
23.5000,0.0000,-2802.843545
23.6667,0.0000,-2504.990571
23.8333,0.0000,-2233.946247
24.0000,0.0000,-1989.507574
24.1667,0.0000,-1770.257799
24.3333,0.0000,-1574.243943
24.5000,0.0000,-1399.395406
24.6667,0.0000,-1243.732212
24.8333,0.0000,-1105.434362
25.0000,0.0000,-982.838265
25.1667,0.0000,-874.407676
25.3333,0.0000,-778.706423
25.5000,0.0000,-694.384087
25.6667,0.0000,-620.175346
25.8333,0.0000,-554.908047
26.0000,0.0000,-497.512987
26.1667,0.0000,-447.029164
26.3333,0.0000,-402.601209
26.5000,0.0000,-363.469756
26.6667,0.0000,-328.958851
26.8333,0.0000,-298.465417
27.0000,0.0000,-271.453845
27.1667,0.0000,-247.455364
27.3333,0.0000,-226.069150
27.5000,0.0000,-206.961653
27.6667,0.0000,-189.862082
27.8333,0.0000,-174.554061
28.0000,0.0000,-160.864690
28.1667,0.0000,-148.652571
28.3333,0.0000,-137.796115
28.5000,0.0000,-128.183351
28.6667,0.0000,-119.704354
28.8333,0.0000,-112.247146
29.0000,0.0000,-105.697186
29.1667,0.0000,-99.939730
29.3333,0.0000,-94.863728
29.5000,0.0000,-90.365836
29.6667,0.0000,-86.353500
29.8333,0.0000,-82.746654
30.0000,0.0000,-79.478029
0.0000,0.1667,-20.296529
0.1667,0.1667,-21.079435
0.3333,0.1667,-21.917801
0.5000,0.1667,-22.813895
0.6667,0.1667,-23.769797
0.8333,0.1667,-24.787081
1.0000,0.1667,-25.866243
1.1667,0.1667,-27.005885
1.3333,0.1667,-28.201798
1.5000,0.1667,-29.446192
1.6667,0.1667,-30.727420
1.8333,0.1667,-32.030403
2.0000,0.1667,-33.337727
2.1667,0.1667,-34.631060
2.3333,0.1667,-35.892456
2.5000,0.1667,-37.105346
2.6667,0.1667,-38.255493
2.8333,0.1667,-39.332509
3.0000,0.1667,-40.332341
3.1667,0.1667,-41.260332
3.3333,0.1667,-42.133470
3.5000,0.1667,-42.979973
3.6667,0.1667,-43.834852
3.8333,0.1667,-44.731661
4.0000,0.1667,-45.692669
4.1667,0.1667,-46.721062
4.3333,0.1667,-47.798726
4.5000,0.1667,-48.891394
4.6667,0.1667,-49.960174
4.8333,0.1667,-50.975925
5.0000,0.1667,-51.931441
5.1667,0.1667,-52.846752
5.3333,0.1667,-53.764809
5.5000,0.1667,-54.738075
5.6667,0.1667,-55.809893
5.8333,0.1667,-56.996780
6.0000,0.1667,-58.277890
6.1667,0.1667,-59.595650
6.3333,0.1667,-60.867619
6.5000,0.1667,-62.005504
6.6667,0.1667,-62.934794
6.8333,0.1667,-63.608998
7.0000,0.1667,-64.015525
7.1667,0.1667,-64.174206
7.3333,0.1667,-64.131713
7.5000,0.1667,-63.954805
7.6667,0.1667,-63.723317
7.8333,0.1667,-63.522139
8.0000,0.1667,-63.431603
8.1667,0.1667,-63.517158
8.3333,0.1667,-63.820759
8.5000,0.1667,-64.356602
8.6667,0.1667,-65.112701
8.8333,0.1667,-66.057940
9.0000,0.1667,-67.152438
9.1667,0.1667,-68.357832
9.3333,0.1667,-69.643949
9.5000,0.1667,-70.989486
9.6667,0.1667,-72.376660
9.8333,0.1667,-73.782552
10.0000,0.1667,-75.171664
10.1667,0.1667,-76.493923
10.3333,0.1667,-77.689939
10.5000,0.1667,-78.701872
10.6667,0.1667,-79.485880
10.8333,0.1667,-80.021913
11.0000,0.1667,-80.318463
11.1667,0.1667,-80.412132
11.3333,0.1667,-80.363366
11.5000,0.1667,-80.249895
11.6667,0.1667,-80.159086
11.8333,0.1667,-80.180101
12.0000,0.1667,-80.396710
12.1667,0.1667,-80.881355
12.3333,0.1667,-81.690535
12.5000,0.1667,-82.861156
12.6667,0.1667,-84.407637
12.8333,0.1667,-86.320385
13.0000,0.1667,-88.567111
13.1667,0.1667,-91.098347
13.3333,0.1667,-93.857301
13.5000,0.1667,-96.792151
13.6667,0.1667,-99.867324
13.8333,0.1667,-103.070297
14.0000,0.1667,-106.412136
14.1667,0.1667,-109.922600
14.3333,0.1667,-113.642788
14.5000,0.1667,-117.618980
14.6667,0.1667,-121.900310
14.8333,0.1667,-126.540920
15.0000,0.1667,-131.605253
15.1667,0.1667,-137.174073
15.3333,0.1667,-143.349036
15.5000,0.1667,-150.254883
15.6667,0.1667,-158.039854
15.8333,0.1667,-166.875823
16.0000,0.1667,-176.959667
16.1667,0.1667,-188.516564
16.3333,0.1667,-201.804814
16.5000,0.1667,-217.120997
16.6667,0.1667,-234.804006
16.8333,0.1667,-255.236999
17.0000,0.1667,-278.847504
17.1667,0.1667,-306.107410
17.3333,0.1667,-337.535775
17.5000,0.1667,-373.707274
17.6667,0.1667,-415.267210
17.8333,0.1667,-462.950563
18.0000,0.1667,-517.599208
18.1667,0.1667,-580.170602
18.3333,0.1667,-651.734542
18.5000,0.1667,-733.460959
18.6667,0.1667,-826.607788
18.8333,0.1667,-932.520096
19.0000,0.1667,-1052.648873
19.1667,0.1667,-1188.592376
19.3333,0.1667,-1342.157558
19.5000,0.1667,-1515.433904
19.6667,0.1667,-1710.863419
19.8333,0.1667,-1931.273684
20.0000,0.1667,-2179.814644
20.1667,0.1667,-2459.710718
20.3333,0.1667,-2773.724296
20.5000,0.1667,-3123.248829
20.6667,0.1667,-3507.032655
20.8333,0.1667,-3919.684580
21.0000,0.1667,-4350.298968
21.1667,0.1667,-4781.689835
21.3333,0.1667,-5190.748927
21.5000,0.1667,-5550.274679
21.6667,0.1667,-5832.255436
21.8333,0.1667,-6012.112880
22.0000,0.1667,-6072.978367
22.1667,0.1667,-6008.881862
22.3333,0.1667,-5825.927440
22.5000,0.1667,-5541.095948
22.6667,0.1667,-5179.037528
22.8333,0.1667,-4767.783396
23.0000,0.1667,-4334.500269
23.1667,0.1667,-3902.216615
23.3333,0.1667,-3488.014212
23.5000,0.1667,-3102.698160
23.6667,0.1667,-2751.592205
23.8333,0.1667,-2435.936986
24.0000,0.1667,-2154.395090
24.1667,0.1667,-1904.321502
24.3333,0.1667,-1682.648782
24.5000,0.1667,-1486.390252
24.6667,0.1667,-1312.850593
24.8333,0.1667,-1159.656795
25.0000,0.1667,-1024.706317
25.1667,0.1667,-906.097306
25.3333,0.1667,-802.074383
25.5000,0.1667,-711.000614
25.6667,0.1667,-631.352836
25.8333,0.1667,-561.731152
26.0000,0.1667,-500.871567
26.1667,0.1667,-447.652173
26.3333,0.1667,-401.087602
26.5000,0.1667,-360.312683
26.6667,0.1667,-324.561724
26.8333,0.1667,-293.151613
27.0000,0.1667,-265.473979
27.1667,0.1667,-240.995945
27.3333,0.1667,-219.264387
27.5000,0.1667,-199.907693
27.6667,0.1667,-182.631522
27.8333,0.1667,-167.208499
28.0000,0.1667,-153.463880
28.1667,0.1667,-141.259615
28.3333,0.1667,-130.478760
28.5000,0.1667,-121.011935
28.6667,0.1667,-112.747480
28.8333,0.1667,-105.566515
29.0000,0.1667,-99.343083
29.1667,0.1667,-93.948241
29.3333,0.1667,-89.256070
29.5000,0.1667,-85.149529
29.6667,0.1667,-81.524739
29.8333,0.1667,-78.293154
30.0000,0.1667,-75.381796
0.0000,0.3333,-20.691632
0.1667,0.3333,-21.551037
0.3333,0.3333,-22.477029
0.5000,0.3333,-23.472913
0.6667,0.3333,-24.541924
0.8333,0.3333,-25.686879
1.0000,0.3333,-26.909487
1.1667,0.3333,-28.209257
1.3333,0.3333,-29.582165
1.5000,0.3333,-31.019430
1.6667,0.3333,-32.506896
1.8333,0.3333,-34.025410
2.0000,0.3333,-35.552208
2.1667,0.3333,-37.062858
2.3333,0.3333,-38.533073
2.5000,0.3333,-39.940034
2.6667,0.3333,-41.263568
2.8333,0.3333,-42.488089
3.0000,0.3333,-43.606024
3.1667,0.3333,-44.622328
3.3333,0.3333,-45.558147
3.5000,0.3333,-46.450869
3.6667,0.3333,-47.348391
3.8333,0.3333,-48.297688
4.0000,0.3333,-49.330756
4.1667,0.3333,-50.453142
4.3333,0.3333,-51.640254
4.5000,0.3333,-52.844168
4.6667,0.3333,-54.009696
4.8333,0.3333,-55.094800
5.0000,0.3333,-56.088273
5.1667,0.3333,-57.017864
5.3333,0.3333,-57.944769
5.5000,0.3333,-58.944986
5.6667,0.3333,-60.082978
5.8333,0.3333,-61.386385
6.0000,0.3333,-62.830764
6.1667,0.3333,-64.340065
6.3333,0.3333,-65.802919
6.5000,0.3333,-67.098967
6.6667,0.3333,-68.126002
6.8333,0.3333,-68.819457
7.0000,0.3333,-69.160277
7.1667,0.3333,-69.172762
7.3333,0.3333,-68.917141
7.5000,0.3333,-68.480907
7.6667,0.3333,-67.969827
7.8333,0.3333,-67.497219
8.0000,0.3333,-67.170572
8.1667,0.3333,-67.077035
8.3333,0.3333,-67.271552
8.5000,0.3333,-67.771450
8.6667,0.3333,-68.559384
8.8333,0.3333,-69.593701
9.0000,0.3333,-70.822921
9.1667,0.3333,-72.199554
9.3333,0.3333,-73.688422
9.5000,0.3333,-75.266293
9.6667,0.3333,-76.912989
9.8333,0.3333,-78.598062
10.0000,0.3333,-80.269794
10.1667,0.3333,-81.852820
10.3333,0.3333,-83.256867
10.5000,0.3333,-84.393877
10.6667,0.3333,-85.197074
10.8333,0.3333,-85.635447
11.0000,0.3333,-85.720115
11.1667,0.3333,-85.502744
11.3333,0.3333,-85.068349
11.5000,0.3333,-84.524968
11.6667,0.3333,-83.991969
11.8333,0.3333,-83.588349
12.0000,0.3333,-83.422446
12.1667,0.3333,-83.584187
12.3333,0.3333,-84.140039
12.5000,0.3333,-85.129716
12.6667,0.3333,-86.563653
12.8333,0.3333,-88.421504
13.0000,0.3333,-90.653604
13.1667,0.3333,-93.187776
13.3333,0.3333,-95.942278
13.5000,0.3333,-98.842552
13.6667,0.3333,-101.836810
13.8333,0.3333,-104.905127
14.0000,0.3333,-108.059282
14.1667,0.3333,-111.334644
14.3333,0.3333,-114.778786
14.5000,0.3333,-118.442346
14.6667,0.3333,-122.375821
14.8333,0.3333,-126.632775
15.0000,0.3333,-131.277067
15.1667,0.3333,-136.390551
15.3333,0.3333,-142.078513
15.5000,0.3333,-148.472142
15.6667,0.3333,-155.729231
15.8333,0.3333,-164.035112
16.0000,0.3333,-173.605196
16.1667,0.3333,-184.689214
16.3333,0.3333,-197.576201
16.5000,0.3333,-212.598861
16.6667,0.3333,-230.136210
16.8333,0.3333,-250.614004
17.0000,0.3333,-274.503641
17.1667,0.3333,-302.321788
17.3333,0.3333,-334.634583
17.5000,0.3333,-372.070374
17.6667,0.3333,-415.342322
17.8333,0.3333,-465.277021
18.0000,0.3333,-522.839920
18.1667,0.3333,-589.146997
18.3333,0.3333,-665.457469
18.5000,0.3333,-753.152679
18.6667,0.3333,-853.715815
18.8333,0.3333,-968.729782
19.0000,0.3333,-1099.905323
19.1667,0.3333,-1249.142948
19.3333,0.3333,-1418.625833
19.5000,0.3333,-1610.936719
19.6667,0.3333,-1829.183171
19.8333,0.3333,-2077.093276
20.0000,0.3333,-2359.004465
20.1667,0.3333,-2679.620472
20.3333,0.3333,-3043.378972
20.5000,0.3333,-3453.291230
20.6667,0.3333,-3909.222438
20.8333,0.3333,-4405.792215
21.0000,0.3333,-4930.350249
21.1667,0.3333,-5461.718195
21.3333,0.3333,-5970.448636
21.5000,0.3333,-6421.132368
21.6667,0.3333,-6776.779114
21.8333,0.3333,-7004.615383
22.0000,0.3333,-7082.007889
22.1667,0.3333,-7000.918048
22.3333,0.3333,-6769.551832
22.5000,0.3333,-6410.682703
22.6667,0.3333,-5957.173399
22.8333,0.3333,-5446.036332
23.0000,0.3333,-4912.631325
23.1667,0.3333,-4386.295524
23.3333,0.3333,-3888.062081
23.5000,0.3333,-3430.438573
23.6667,0.3333,-3018.705706
23.8333,0.3333,-2652.975043
24.0000,0.3333,-2330.304980
24.1667,0.3333,-2046.414206
24.3333,0.3333,-1796.813092
24.5000,0.3333,-1577.390148
24.6667,0.3333,-1384.602692
24.8333,0.3333,-1215.442094
25.0000,0.3333,-1067.311006
25.1667,0.3333,-937.898362
25.3333,0.3333,-825.091214
25.5000,0.3333,-726.930961
25.6667,0.3333,-641.605166
25.8333,0.3333,-567.459974
26.0000,0.3333,-503.017126
26.1667,0.3333,-446.981706
26.3333,0.3333,-398.232579
26.5000,0.3333,-355.796548
26.6667,0.3333,-318.815961
26.8333,0.3333,-286.522818
27.0000,0.3333,-258.227998
27.1667,0.3333,-233.324986
27.3333,0.3333,-211.299815
27.5000,0.3333,-191.737320
27.6667,0.3333,-174.317924
27.8333,0.3333,-158.804918
28.0000,0.3333,-145.025584
28.1667,0.3333,-132.849979
28.3333,0.3333,-122.170242
28.5000,0.3333,-112.882760
28.6667,0.3333,-104.875462
28.8333,0.3333,-98.021979
29.0000,0.3333,-92.182865
29.1667,0.3333,-87.212133
29.3333,0.3333,-82.966119
29.5000,0.3333,-79.311715
29.6667,0.3333,-76.132076
29.8333,0.3333,-73.329262
30.0000,0.3333,-70.824234
0.0000,0.5000,-21.088130
0.1667,0.5000,-22.030359
0.3333,0.5000,-23.051922
0.5000,0.5000,-24.157343
0.6667,0.5000,-25.351239
0.8333,0.5000,-26.638004
1.0000,0.5000,-28.021031
1.1667,0.5000,-29.501336
1.3333,0.5000,-31.075736
1.5000,0.5000,-32.735012
1.6667,0.5000,-34.462774
1.8333,0.5000,-36.235649
2.0000,0.5000,-38.024907
2.1667,0.5000,-39.798943
2.3333,0.5000,-41.525644
2.5000,0.5000,-43.174033
2.6667,0.5000,-44.715632
2.8333,0.5000,-46.126905
3.0000,0.5000,-47.393977
3.1667,0.5000,-48.519251
3.3333,0.5000,-49.527307
3.5000,0.5000,-50.466000
3.6667,0.5000,-51.399383
3.8333,0.5000,-52.392267
4.0000,0.5000,-53.490523
4.1667,0.5000,-54.704529
4.3333,0.5000,-56.003172
4.5000,0.5000,-57.322416
4.6667,0.5000,-58.586940
4.8333,0.5000,-59.738197
5.0000,0.5000,-60.759208
5.1667,0.5000,-61.686555
5.3333,0.5000,-62.603672
5.5000,0.5000,-63.615819
5.6667,0.5000,-64.814072
5.8333,0.5000,-66.240449
6.0000,0.5000,-67.866600
6.1667,0.5000,-69.593989
6.3333,0.5000,-71.275661
6.5000,0.5000,-72.751672
6.6667,0.5000,-73.885565
6.8333,0.5000,-74.590382
7.0000,0.5000,-74.838972
7.1667,0.5000,-74.661014
7.3333,0.5000,-74.133420
7.5000,0.5000,-73.369435
7.6667,0.5000,-72.507269
7.8333,0.5000,-71.695893
8.0000,0.5000,-71.076677
8.1667,0.5000,-70.763440
8.3333,0.5000,-70.826527
8.5000,0.5000,-71.286328
8.6667,0.5000,-72.118389
8.8333,0.5000,-73.268313
9.0000,0.5000,-74.671509
9.1667,0.5000,-76.271258
9.3333,0.5000,-78.028675
9.5000,0.5000,-79.920448
9.6667,0.5000,-81.924835
9.8333,0.5000,-84.001912
10.0000,0.5000,-86.077844
10.1667,0.5000,-88.042207
10.3333,0.5000,-89.761782
10.5000,0.5000,-91.106472
10.6667,0.5000,-91.977619
10.8333,0.5000,-92.329010
11.0000,0.5000,-92.175526
11.1667,0.5000,-91.589953
11.3333,0.5000,-90.691646
11.5000,0.5000,-89.630728
11.6667,0.5000,-88.570361
11.8333,0.5000,-87.669210
12.0000,0.5000,-87.066571
12.1667,0.5000,-86.872323
12.3333,0.5000,-87.162025
12.5000,0.5000,-87.975268
12.6667,0.5000,-89.314746
12.8333,0.5000,-91.145382
13.0000,0.5000,-93.395892
13.1667,0.5000,-95.966658
13.3333,0.5000,-98.745914
13.5000,0.5000,-101.631724
13.6667,0.5000,-104.552891
13.8333,0.5000,-107.480993
14.0000,0.5000,-110.429349
14.1667,0.5000,-113.440788
14.3333,0.5000,-116.571170
14.5000,0.5000,-119.876624
14.6667,0.5000,-123.409458
14.8333,0.5000,-127.222765
15.0000,0.5000,-131.379842
15.1667,0.5000,-135.963508
15.3333,0.5000,-141.082184
15.5000,0.5000,-146.872666
15.6667,0.5000,-153.501765
15.8333,0.5000,-161.169114
16.0000,0.5000,-170.111800
16.1667,0.5000,-180.609600
16.3333,0.5000,-192.988942
16.5000,0.5000,-207.624579
16.6667,0.5000,-224.939071
16.8333,0.5000,-245.400865
17.0000,0.5000,-269.522156
17.1667,0.5000,-297.858971
17.3333,0.5000,-331.017894
17.5000,0.5000,-369.674711
17.6667,0.5000,-414.607068
17.8333,0.5000,-466.735749
18.0000,0.5000,-527.160833
18.1667,0.5000,-597.176693
18.3333,0.5000,-678.258011
18.5000,0.5000,-772.025137
18.6667,0.5000,-880.211508
18.8333,0.5000,-1004.658885
19.0000,0.5000,-1147.356858
19.1667,0.5000,-1310.529862
19.3333,0.5000,-1496.767842
19.5000,0.5000,-1709.195607
19.6667,0.5000,-1951.669076
19.8333,0.5000,-2228.957917
20.0000,0.5000,-2546.816988
20.1667,0.5000,-2911.774935
20.3333,0.5000,-3330.410938
20.5000,0.5000,-3807.901442
20.6667,0.5000,-4345.754620
20.8333,0.5000,-4938.939484
21.0000,0.5000,-5573.010252
21.1667,0.5000,-6222.177800
21.3333,0.5000,-6849.389411
21.5000,0.5000,-7409.195130
21.6667,0.5000,-7853.490326
21.8333,0.5000,-8139.279194
22.0000,0.5000,-8236.703002
22.1667,0.5000,-8135.122697
22.3333,0.5000,-7845.381377
22.5000,0.5000,-7397.508676
22.6667,0.5000,-6834.608588
22.8333,0.5000,-6204.809859
23.0000,0.5000,-5553.495077
23.1667,0.5000,-4917.569757
23.3333,0.5000,-4322.628315
23.5000,0.5000,-3782.922972
23.6667,0.5000,-3303.346598
23.8333,0.5000,-2882.353944
24.0000,0.5000,-2514.855908
24.1667,0.5000,-2194.477925
24.3333,0.5000,-1914.975170
24.5000,0.5000,-1670.894351
24.6667,0.5000,-1457.714285
24.8333,0.5000,-1271.711790
25.0000,0.5000,-1109.741874
25.1667,0.5000,-969.042254
25.3333,0.5000,-847.104994
25.5000,0.5000,-741.615952
25.6667,0.5000,-650.444151
25.8333,0.5000,-571.658740
26.0000,0.5000,-503.551784
26.1667,0.5000,-444.647993
26.3333,0.5000,-393.689642
26.5000,0.5000,-349.597602
26.6667,0.5000,-311.422806
26.8333,0.5000,-278.308186
27.0000,0.5000,-249.474672
27.1667,0.5000,-224.230417
27.3333,0.5000,-201.990047
27.5000,0.5000,-182.288183
27.6667,0.5000,-164.778183
27.8333,0.5000,-149.216241
28.0000,0.5000,-135.436420
28.1667,0.5000,-123.322511
28.3333,0.5000,-112.780833
28.5000,0.5000,-103.717062
28.6667,0.5000,-96.020095
28.8333,0.5000,-89.555308
29.0000,0.5000,-84.167399
29.1667,0.5000,-79.690244
29.3333,0.5000,-75.959445
29.5000,0.5000,-72.823487
29.6667,0.5000,-70.151076
29.8333,0.5000,-67.834176
30.0000,0.5000,-65.787554
0.0000,0.6667,-21.472064
0.1667,0.6667,-22.501020
0.3333,0.6667,-23.623314
0.5000,0.6667,-24.844777
0.6667,0.6667,-26.171530
0.8333,0.6667,-27.609777
1.0000,0.6667,-29.165014
1.1667,0.6667,-30.840429
1.3333,0.6667,-32.634555
1.5000,0.6667,-34.538721
1.6667,0.6667,-36.535205
1.8333,0.6667,-38.597037
2.0000,0.6667,-40.689693
2.1667,0.6667,-42.773994
2.3333,0.6667,-44.808869
2.5000,0.6667,-46.753151
2.6667,0.6667,-48.566992
2.8333,0.6667,-50.214888
3.0000,0.6667,-51.672182
3.1667,0.6667,-52.934764
3.3333,0.6667,-54.028392
3.5000,0.6667,-55.011780
3.6667,0.6667,-55.968364
3.8333,0.6667,-56.985975
4.0000,0.6667,-58.129896
4.1667,0.6667,-59.419463
4.3333,0.6667,-60.818618
4.5000,0.6667,-62.246083
4.6667,0.6667,-63.603416
4.8333,0.6667,-64.812183
5.0000,0.6667,-65.847444
5.1667,0.6667,-66.754744
5.3333,0.6667,-67.642433
5.5000,0.6667,-68.649412
5.6667,0.6667,-69.897839
5.8333,0.6667,-71.446834
6.0000,0.6667,-73.263867
6.1667,0.6667,-75.224401
6.3333,0.6667,-77.140010
6.5000,0.6667,-78.804494
6.6667,0.6667,-80.041342
6.8333,0.6667,-80.737419
7.0000,0.6667,-80.856126
7.1667,0.6667,-80.433532
7.3333,0.6667,-79.566361
7.5000,0.6667,-78.398699
7.6667,0.6667,-77.107871
7.8333,0.6667,-75.885930
8.0000,0.6667,-74.914998
8.1667,0.6667,-74.340469
8.3333,0.6667,-74.250245
8.5000,0.6667,-74.667301
8.6667,0.6667,-75.557983
8.8333,0.6667,-76.852831
9.0000,0.6667,-78.472885
9.1667,0.6667,-80.352743
9.3333,0.6667,-82.452050
9.5000,0.6667,-84.750234
9.6667,0.6667,-87.225466
9.8333,0.6667,-89.826414
10.0000,0.6667,-92.450436
10.1667,0.6667,-94.940754
10.3333,0.6667,-97.107072
10.5000,0.6667,-98.763155
10.6667,0.6667,-99.767422
10.8333,0.6667,-100.052762
11.0000,0.6667,-99.638528
11.1667,0.6667,-98.625562
11.3333,0.6667,-97.179423
11.5000,0.6667,-95.506926
11.6667,0.6667,-93.829620
11.8333,0.6667,-92.357638
12.0000,0.6667,-91.268250
12.1667,0.6667,-90.692967
12.3333,0.6667,-90.713823
12.5000,0.6667,-91.365345
12.6667,0.6667,-92.637116
12.8333,0.6667,-94.474563
13.0000,0.6667,-96.780640
13.1667,0.6667,-99.424246
13.3333,0.6667,-102.259359
13.5000,0.6667,-105.152544
13.6667,0.6667,-108.009920
13.8333,0.6667,-110.792771
14.0000,0.6667,-113.515687
14.1667,0.6667,-116.229689
14.3333,0.6667,-118.999936
14.5000,0.6667,-121.888940
14.6667,0.6667,-124.951590
14.8333,0.6667,-128.241323
15.0000,0.6667,-131.821672
15.1667,0.6667,-135.776837
15.3333,0.6667,-140.218063
15.5000,0.6667,-145.286955
15.6667,0.6667,-151.159088
15.8333,0.6667,-158.050217
16.0000,0.6667,-166.224055
16.1667,0.6667,-175.998089
16.3333,0.6667,-187.744432
16.5000,0.6667,-201.885816
16.6667,0.6667,-218.889611
16.8333,0.6667,-239.262988
17.0000,0.6667,-263.550914
17.1667,0.6667,-292.338587
17.3333,0.6667,-326.262488
17.5000,0.6667,-366.036616
17.6667,0.6667,-412.497434
17.8333,0.6667,-466.660748
18.0000,0.6667,-529.771191
18.1667,0.6667,-603.320918
18.3333,0.6667,-689.025990
18.5000,0.6667,-788.773061
18.6667,0.6667,-904.569946
18.8333,0.6667,-1038.536855
19.0000,0.6667,-1192.959444
19.1667,0.6667,-1370.405065
19.3333,0.6667,-1573.896251
19.5000,0.6667,-1807.140496
19.6667,0.6667,-2074.813025
19.8333,0.6667,-2382.853424
20.0000,0.6667,-2738.656224
20.1667,0.6667,-3150.925913
20.3333,0.6667,-3628.874953
20.5000,0.6667,-4180.441063
20.6667,0.6667,-4809.368983
20.8333,0.6667,-5511.388728
21.0000,0.6667,-6270.267359
21.1667,0.6667,-7055.011880
21.3333,0.6667,-7819.676786
21.5000,0.6667,-8506.869852
21.6667,0.6667,-9055.134789
21.8333,0.6667,-9409.117746
22.0000,0.6667,-9530.190083
22.1667,0.6667,-9404.548580
22.3333,0.6667,-9046.239369
22.5000,0.6667,-8494.094159
22.6667,0.6667,-7803.593805
22.8333,0.6667,-7036.218331
23.0000,0.6667,-6249.269691
23.1667,0.6667,-5488.502221
23.3333,0.6667,-4784.656981
23.5000,0.6667,-4153.716336
23.6667,0.6667,-3599.771247
23.8333,0.6667,-3119.028554
24.0000,0.6667,-2703.662678
24.1667,0.6667,-2344.724136
24.3333,0.6667,-2033.872655
24.5000,0.6667,-1764.099647
24.6667,0.6667,-1529.781697
24.8333,0.6667,-1326.408852
25.0000,0.6667,-1150.239948
25.1667,0.6667,-998.022051
25.3333,0.6667,-866.817260
25.5000,0.6667,-753.925620
25.6667,0.6667,-656.873520
25.8333,0.6667,-573.436414
26.0000,0.6667,-501.668221
26.1667,0.6667,-439.912875
26.3333,0.6667,-386.781579
26.5000,0.6667,-341.096325
26.6667,0.6667,-301.820020
26.8333,0.6667,-268.002837
27.0000,0.6667,-238.765280
27.1667,0.6667,-213.316517
27.3333,0.6667,-190.987652
27.5000,0.6667,-171.255875
27.6667,0.6667,-153.745978
27.8333,0.6667,-138.210109
28.0000,0.6667,-124.494699
28.1667,0.6667,-112.503495
28.3333,0.6667,-102.162398
28.5000,0.6667,-93.389957
28.6667,0.6667,-86.077314
28.8333,0.6667,-80.080668
29.0000,0.6667,-75.226411
29.1667,0.6667,-71.325229
29.3333,0.6667,-68.189206
29.5000,0.6667,-65.646425
29.6667,0.6667,-63.550062
29.8333,0.6667,-61.781661
30.0000,0.6667,-60.249983
0.0000,0.8333,-21.824862
0.1667,0.8333,-22.940609
0.3333,0.8333,-24.164276
0.5000,0.8333,-25.502939
0.6667,0.8333,-26.964154
0.8333,0.8333,-28.555947
1.0000,0.8333,-30.286143
1.1667,0.8333,-32.160670
1.3333,0.8333,-34.180786
1.5000,0.8333,-36.339785
1.6667,0.8333,-38.620325
1.8333,0.8333,-40.993602
2.0000,0.8333,-43.420807
2.1667,0.8333,-45.856049
2.3333,0.8333,-48.249067
2.5000,0.8333,-50.546708
2.6667,0.8333,-52.694092
2.8333,0.8333,-54.638307
3.0000,0.8333,-56.337406
3.1667,0.8333,-57.774511
3.3333,0.8333,-58.972203
3.5000,0.8333,-59.998965
3.6667,0.8333,-60.960229
3.8333,0.8333,-61.972423
4.0000,0.8333,-63.127058
4.1667,0.8333,-64.458531
4.3333,0.8333,-65.929752
4.5000,0.8333,-67.443432
4.6667,0.8333,-68.876924
4.8333,0.8333,-70.129512
5.0000,0.8333,-71.165763
5.1667,0.8333,-72.038555
5.3333,0.8333,-72.880995
5.5000,0.8333,-73.866866
5.6667,0.8333,-75.151283
5.8333,0.8333,-76.811888
6.0000,0.8333,-78.811919
6.1667,0.8333,-80.998918
6.3333,0.8333,-83.139540
6.5000,0.8333,-84.977286
6.6667,0.8333,-86.292037
6.8333,0.8333,-86.942171
7.0000,0.8333,-86.880904
7.1667,0.8333,-86.151538
7.3333,0.8333,-84.873108
7.5000,0.8333,-83.224762
7.6667,0.8333,-81.428759
7.8333,0.8333,-79.726908
8.0000,0.8333,-78.348307
8.1667,0.8333,-77.474332
8.3333,0.8333,-77.212179
8.5000,0.8333,-77.586629
8.6667,0.8333,-78.552517
8.8333,0.8333,-80.022939
9.0000,0.8333,-81.903510
9.1667,0.8333,-84.121241
9.3333,0.8333,-86.637402
9.5000,0.8333,-89.437935
9.6667,0.8333,-92.503206
9.8333,0.8333,-95.768958
10.0000,0.8333,-99.097046
10.1667,0.8333,-102.272617
10.3333,0.8333,-105.033324
10.5000,0.8333,-107.121426
10.6667,0.8333,-108.339749
10.8333,0.8333,-108.592967
11.0000,0.8333,-107.904592
11.1667,0.8333,-106.410548
11.3333,0.8333,-104.335784
11.5000,0.8333,-101.960519
11.6667,0.8333,-99.581328
11.8333,0.8333,-97.472803
12.0000,0.8333,-95.857157
12.1667,0.8333,-94.888065
12.3333,0.8333,-94.649626
12.5000,0.8333,-95.164514
12.6667,0.8333,-96.402476
12.8333,0.8333,-98.284196
13.0000,0.8333,-100.683257
13.1667,0.8333,-103.434437
13.3333,0.8333,-106.354947
13.5000,0.8333,-109.276981
13.6667,0.8333,-112.080808
13.8333,0.8333,-114.714388
14.0000,0.8333,-117.191131
14.1667,0.8333,-119.568637
14.3333,0.8333,-121.920690
14.5000,0.8333,-124.316441
14.6667,0.8333,-126.814501
14.8333,0.8333,-129.470395
15.0000,0.8333,-132.349693
15.1667,0.8333,-135.539149
15.3333,0.8333,-139.153080
15.5000,0.8333,-143.337724
15.6667,0.8333,-148.278289
15.8333,0.8333,-154.210318
16.0000,0.8333,-161.431501
16.1667,0.8333,-170.306936
16.3333,0.8333,-181.263628
16.5000,0.8333,-194.776804
16.6667,0.8333,-211.355821
16.8333,0.8333,-231.536590
17.0000,0.8333,-255.882395
17.1667,0.8333,-284.992116
17.3333,0.8333,-319.518142
17.5000,0.8333,-360.201567
17.6667,0.8333,-407.930688
17.8333,0.8333,-463.815525
18.0000,0.8333,-529.252842
18.1667,0.8333,-605.948999
18.3333,0.8333,-695.884132
18.5000,0.8333,-801.235372
18.6667,0.8333,-924.306377
18.8333,0.8333,-1067.513491
19.0000,0.8333,-1233.454366
19.1667,0.8333,-1425.056423
19.3333,0.8333,-1645.795868
19.5000,0.8333,-1899.993086
19.6667,0.8333,-2193.195889
19.8333,0.8333,-2532.618273
20.0000,0.8333,-2927.490957
20.1667,0.8333,-3389.023961
20.3333,0.8333,-3929.544801
20.5000,0.8333,-4560.355069
20.6667,0.8333,-5288.055104
20.8333,0.8333,-6109.591274
21.0000,0.8333,-7007.010732
21.1667,0.8333,-7943.593677
21.3333,0.8333,-8863.291809
21.5000,0.8333,-9694.949343
21.6667,0.8333,-10361.597393
21.8333,0.8333,-10793.452041
22.0000,0.8333,-10941.612542
22.1667,0.8333,-10788.562391
22.3333,0.8333,-10352.101131
22.5000,0.8333,-9681.364629
22.6667,0.8333,-8846.280142
22.8333,0.8333,-7923.834734
23.0000,0.8333,-6985.063716
23.1667,0.8333,-6085.772462
23.3333,0.8333,-5262.365707
23.5000,0.8333,-4532.487179
23.6667,0.8333,-3898.974777
23.8333,0.8333,-3355.177642
24.0000,0.8333,-2889.942726
24.1667,0.8333,-2491.274167
24.3333,0.8333,-2148.412558
24.5000,0.8333,-1852.597853
24.6667,0.8333,-1596.994829
24.8333,0.8333,-1376.243964
25.0000,0.8333,-1185.964948
25.1667,0.8333,-1022.378730
25.3333,0.8333,-882.087182
25.5000,0.8333,-761.981038
25.6667,0.8333,-659.228667
25.8333,0.8333,-571.304860
26.0000,0.8333,-496.026501
26.1667,0.8333,-431.564857
26.3333,0.8333,-376.412370
26.5000,0.8333,-329.303822
26.6667,0.8333,-289.119750
26.8333,0.8333,-254.814180
27.0000,0.8333,-225.395888
27.1667,0.8333,-199.960531
27.3333,0.8333,-177.743430
27.5000,0.8333,-158.157809
27.6667,0.8333,-140.799544
27.8333,0.8333,-125.420829
28.0000,0.8333,-111.886624
28.1667,0.8333,-100.126923
28.3333,0.8333,-90.092341
28.5000,0.8333,-81.717506
28.6667,0.8333,-74.896799
28.8333,0.8333,-69.476259
29.0000,0.8333,-65.261720
29.1667,0.8333,-62.038095
29.3333,0.8333,-59.591803
29.5000,0.8333,-57.729221
29.6667,0.8333,-56.287569
29.8333,0.8333,-55.138214
30.0000,0.8333,-54.184528
0.0000,1.0000,-22.123759
0.1667,1.0000,-23.321100
0.3333,1.0000,-24.640515
0.5000,1.0000,-26.090077
0.6667,1.0000,-27.678446
0.8333,1.0000,-29.415152
1.0000,1.0000,-31.310215
1.1667,1.0000,-33.372583
1.3333,1.0000,-35.607157
1.5000,1.0000,-38.010923
1.6667,1.0000,-40.569443
1.8333,1.0000,-43.255191
2.0000,1.0000,-46.028323
2.1667,1.0000,-48.838915
2.3333,1.0000,-51.628766
2.5000,1.0000,-54.331714
2.6667,1.0000,-56.874011
2.8333,1.0000,-59.178794
3.0000,1.0000,-61.178484
3.1667,1.0000,-62.834954
3.3333,1.0000,-64.160995
3.5000,1.0000,-65.231813
3.6667,1.0000,-66.176110
3.8333,1.0000,-67.144011
4.0000,1.0000,-68.260664
4.1667,1.0000,-69.583331
4.3333,1.0000,-71.080493
4.5000,1.0000,-72.643264
4.6667,1.0000,-74.126686
4.8333,1.0000,-75.407175
5.0000,1.0000,-76.436094
5.1667,1.0000,-77.269506
5.3333,1.0000,-78.060722
5.5000,1.0000,-79.014561
5.6667,1.0000,-80.316774
5.8333,1.0000,-82.062880
6.0000,1.0000,-84.212486
6.1667,1.0000,-86.586317
6.3333,1.0000,-88.907136
6.5000,1.0000,-90.868845
6.6667,1.0000,-92.208101
6.8333,1.0000,-92.754971
7.0000,1.0000,-92.452549
7.1667,1.0000,-91.351613
7.3333,1.0000,-89.594413
7.5000,1.0000,-87.397297
7.6667,1.0000,-85.031053
7.8333,1.0000,-82.791861
8.0000,1.0000,-80.960393
8.1667,1.0000,-79.757338
8.3333,1.0000,-79.310458
8.5000,1.0000,-79.645479
8.6667,1.0000,-80.703498
8.8333,1.0000,-82.377894
9.0000,1.0000,-84.557970
9.1667,1.0000,-87.164600
9.3333,1.0000,-90.164376
9.5000,1.0000,-93.554303
9.6667,1.0000,-97.320035
9.8333,1.0000,-101.383766
10.0000,1.0000,-105.566202
10.1667,1.0000,-109.583927
10.3333,1.0000,-113.088707
10.5000,1.0000,-115.736432
10.6667,1.0000,-117.261190
10.8333,1.0000,-117.530763
11.0000,1.0000,-116.570938
11.1667,1.0000,-114.558713
11.3333,1.0000,-111.791429
11.5000,1.0000,-108.639746
11.6667,1.0000,-105.492059
11.8333,1.0000,-102.699923
12.0000,1.0000,-100.536323
12.1667,1.0000,-99.176247
12.3333,1.0000,-98.700238
12.5000,1.0000,-99.111472
12.6667,1.0000,-100.352683
12.8333,1.0000,-102.314669
13.0000,1.0000,-104.838999
13.1667,1.0000,-107.725620
13.3333,1.0000,-110.754888
13.5000,1.0000,-113.723684
13.6667,1.0000,-116.483624
13.8333,1.0000,-118.964639
14.0000,1.0000,-121.173311
14.1667,1.0000,-123.168700
14.3333,1.0000,-125.029916
14.5000,1.0000,-126.831908
14.6667,1.0000,-128.638398
14.8333,1.0000,-130.509735
15.0000,1.0000,-132.516460
15.1667,1.0000,-134.750117
15.3333,1.0000,-137.329431
15.5000,1.0000,-140.406561
15.6667,1.0000,-144.179243
15.8333,1.0000,-148.908999
16.0000,1.0000,-154.937320
16.1667,1.0000,-162.688352
16.3333,1.0000,-172.652719
16.5000,1.0000,-185.359426
16.6667,1.0000,-201.351101
16.8333,1.0000,-221.175015
17.0000,1.0000,-245.391302
17.1667,1.0000,-274.592160
17.3333,1.0000,-309.429806
17.5000,1.0000,-350.661231
17.6667,1.0000,-399.219760
17.8333,1.0000,-456.307490
18.0000,1.0000,-523.477104
18.1667,1.0000,-602.659565
18.3333,1.0000,-696.114616
18.5000,1.0000,-806.327241
18.6667,1.0000,-935.913345
18.8333,1.0000,-1087.600409
19.0000,1.0000,-1264.313194
19.1667,1.0000,-1469.355371
19.3333,1.0000,-1706.673428
19.5000,1.0000,-1981.218983
19.6667,1.0000,-2299.443402
19.8333,1.0000,-2669.905723
20.0000,1.0000,-3103.825133
20.1667,1.0000,-3615.195407
20.3333,1.0000,-4219.887044
20.5000,1.0000,-4933.119178
20.6667,1.0000,-5764.934005
20.8333,1.0000,-6713.948812
21.0000,1.0000,-7760.608364
21.1667,1.0000,-8862.061841
21.3333,1.0000,-9951.143458
21.5000,1.0000,-10941.374989
21.6667,1.0000,-11738.410990
21.8333,1.0000,-12256.244210
22.0000,1.0000,-12434.399689
22.1667,1.0000,-12251.171292
22.3333,1.0000,-11728.588832
22.5000,1.0000,-10927.392711
22.6667,1.0000,-9933.744534
22.8333,1.0000,-8841.993671
23.0000,1.0000,-7738.457552
23.1667,1.0000,-6689.998955
23.3333,1.0000,-5739.087660
23.5000,1.0000,-4904.916415
23.6667,1.0000,-4188.628669
23.8333,1.0000,-3580.147410
24.0000,1.0000,-3064.454963
24.1667,1.0000,-2626.090318
24.3333,1.0000,-2251.595036
24.5000,1.0000,-1930.293367
24.6667,1.0000,-1654.049281
24.8333,1.0000,-1416.602876
25.0000,1.0000,-1212.898989
25.1667,1.0000,-1038.603353
25.3333,1.0000,-889.835431
25.5000,1.0000,-763.063722
25.6667,1.0000,-655.095517
25.8333,1.0000,-563.110395
26.0000,1.0000,-484.700216
26.1667,1.0000,-417.880018
26.3333,1.0000,-361.041235
26.5000,1.0000,-312.845964
26.6667,1.0000,-272.099134
26.8333,1.0000,-237.655589
27.0000,1.0000,-208.401674
27.1667,1.0000,-183.306443
27.3333,1.0000,-161.499413
27.5000,1.0000,-142.325853
27.6667,1.0000,-125.354485
27.8333,1.0000,-110.342801
28.0000,1.0000,-97.180565
28.1667,1.0000,-85.829644
28.3333,1.0000,-76.269510
28.5000,1.0000,-68.453208
28.6667,1.0000,-62.278890
28.8333,1.0000,-57.581543
29.0000,1.0000,-54.144785
29.1667,1.0000,-51.726103
29.3333,1.0000,-50.085172
29.5000,1.0000,-49.006400
29.6667,1.0000,-48.311509
29.8333,1.0000,-47.862621
30.0000,1.0000,-47.558853
0.0000,1.1667,-22.343181
0.1667,1.1667,-23.610521
0.3333,1.1667,-25.012412
0.5000,1.1667,-26.557476
0.6667,1.1667,-28.254874
0.8333,1.1667,-30.114943
1.0000,1.1667,-32.149292
1.1667,1.1667,-34.369671
1.3333,1.1667,-36.785189
1.5000,1.1667,-39.398223
1.6667,1.1667,-42.200288
1.8333,1.1667,-45.169417
2.0000,1.1667,-48.269685
2.1667,1.1667,-51.451809
2.3333,1.1667,-54.652780
2.5000,1.1667,-57.793806
2.6667,1.1667,-60.779159
2.8333,1.1667,-63.501465
3.0000,1.1667,-65.858525
3.1667,1.1667,-67.781324
3.3333,1.1667,-69.264629
3.5000,1.1667,-70.385312
3.6667,1.1667,-71.294447
3.8333,1.1667,-72.179066
4.0000,1.1667,-73.204389
4.1667,1.1667,-74.458842
4.3333,1.1667,-75.925184
4.5000,1.1667,-77.490698
4.6667,1.1667,-78.993603
4.8333,1.1667,-80.289357
5.0000,1.1667,-81.313543
5.1667,1.1667,-82.118405
5.3333,1.1667,-82.867513
5.5000,1.1667,-83.786496
5.6667,1.1667,-85.084114
5.8333,1.1667,-86.870695
6.0000,1.1667,-89.104028
6.1667,1.1667,-91.583576
6.3333,1.1667,-93.995576
6.5000,1.1667,-95.991589
6.6667,1.1667,-97.270735
6.8333,1.1667,-97.638065
7.0000,1.1667,-97.027408
7.1667,1.1667,-95.496051
7.3333,1.1667,-93.207810
7.5000,1.1667,-90.415053
7.6667,1.1667,-87.437091
7.8333,1.1667,-84.625667
8.0000,1.1667,-82.314834
8.1667,1.1667,-80.766201
8.3333,1.1667,-80.128750
8.5000,1.1667,-80.428519
8.6667,1.1667,-81.591218
8.8333,1.1667,-83.488764
9.0000,1.1667,-85.993621
9.1667,1.1667,-89.022256
9.3333,1.1667,-92.550551
9.5000,1.1667,-96.591484
9.6667,1.1667,-101.139721
9.8333,1.1667,-106.104498
10.0000,1.1667,-111.261897
10.1667,1.1667,-116.252590
10.3333,1.1667,-120.632164
10.5000,1.1667,-123.958216
10.6667,1.1667,-125.884341
10.8333,1.1667,-126.232349
11.0000,1.1667,-125.026675
11.1667,1.1667,-122.489077
11.3333,1.1667,-118.999867
11.5000,1.1667,-115.034611
11.6667,1.1667,-111.087410
11.8333,1.1667,-107.596204
12.0000,1.1667,-104.888025
12.1667,1.1667,-103.156970
12.3333,1.1667,-102.474430
12.5000,1.1667,-102.817328
12.6667,1.1667,-104.095269
12.8333,1.1667,-106.165020
13.0000,1.1667,-108.834794
13.1667,1.1667,-111.871058
13.3333,1.1667,-115.019921
13.5000,1.1667,-118.044333
13.6667,1.1667,-120.765117
13.8333,1.1667,-123.087784
14.0000,1.1667,-125.002868
14.1667,1.1667,-126.561650
14.3333,1.1667,-127.842038
14.5000,1.1667,-128.922334
14.6667,1.1667,-129.872652
14.8333,1.1667,-130.761709
15.0000,1.1667,-131.669145
15.1667,1.1667,-132.694929
15.3333,1.1667,-133.965276
15.5000,1.1667,-135.641725
15.6667,1.1667,-137.939912
15.8333,1.1667,-141.155842
16.0000,1.1667,-145.686113
16.1667,1.1667,-152.025178
16.3333,1.1667,-160.733607
16.5000,1.1667,-172.390641
16.6667,1.1667,-187.556770
16.8333,1.1667,-206.766025
17.0000,1.1667,-230.547962
17.1667,1.1667,-259.464538
17.3333,1.1667,-294.151678
17.5000,1.1667,-335.373027
17.6667,1.1667,-384.101802
17.8333,1.1667,-441.629035
18.0000,1.1667,-509.662045
18.1667,1.1667,-590.357855
18.3333,1.1667,-686.260276
18.5000,1.1667,-800.168926
18.6667,1.1667,-935.020498
18.8333,1.1667,-1093.864489
19.0000,1.1667,-1279.966634
19.1667,1.1667,-1497.022090
19.3333,1.1667,-1749.459781
19.5000,1.1667,-2042.868596
19.6667,1.1667,-2384.609991
19.8333,1.1667,-2784.618215
20.0000,1.1667,-3256.193536
20.1667,1.1667,-3816.310994
20.3333,1.1667,-4484.711914
20.5000,1.1667,-5280.976310
20.6667,1.1667,-6219.074865
20.8333,1.1667,-7299.696070
21.0000,1.1667,-8501.834603
21.1667,1.1667,-9776.269133
21.3333,1.1667,-11044.017254
21.5000,1.1667,-12202.170424
21.6667,1.1667,-13137.668967
21.8333,1.1667,-13746.991461
22.0000,1.1667,-13957.150818
22.1667,1.1667,-13741.908065
22.3333,1.1667,-13127.866077
22.5000,1.1667,-12188.304205
22.6667,1.1667,-11026.901089
22.8333,1.1667,-9756.694197
23.0000,1.1667,-8480.378759
23.1667,1.1667,-7276.566557
23.3333,1.1667,-6194.033629
23.5000,1.1667,-5253.382608
23.6667,1.1667,-4453.684856
23.8333,1.1667,-3780.976291
24.0000,1.1667,-3215.951013
24.1667,1.1667,-2739.360669
24.3333,1.1667,-2334.838461
24.5000,1.1667,-1989.674101
24.6667,1.1667,-1694.367992
24.8333,1.1667,-1441.723710
25.0000,1.1667,-1225.985517
25.1667,1.1667,-1042.244943
25.3333,1.1667,-886.129336
25.5000,1.1667,-753.686720
25.6667,1.1667,-641.375372
25.8333,1.1667,-546.098457
26.0000,1.1667,-465.244595
26.1667,1.1667,-396.694523
26.3333,1.1667,-338.758166
26.5000,1.1667,-290.039121
26.6667,1.1667,-249.273016
26.8333,1.1667,-215.213542
27.0000,1.1667,-186.617106
27.1667,1.1667,-162.317931
27.3333,1.1667,-141.335096
27.5000,1.1667,-122.946540
27.6667,1.1667,-106.698562
27.8333,1.1667,-92.360288
28.0000,1.1667,-79.852079
28.1667,1.1667,-69.171900
28.3333,1.1667,-60.330599
28.5000,1.1667,-53.300720
28.6667,1.1667,-47.984207
28.8333,1.1667,-44.204390
29.0000,1.1667,-41.721982
29.1667,1.1667,-40.266722
29.3333,1.1667,-39.571868
29.5000,1.1667,-39.400841
29.6667,1.1667,-39.561317
29.8333,1.1667,-39.907840
30.0000,1.1667,-40.336945
0.0000,1.3333,-22.457161
0.1667,1.3333,-23.776035
0.3333,1.3333,-25.238921
0.5000,1.3333,-26.854397
0.6667,1.3333,-28.631319
0.8333,1.3333,-30.579825
1.0000,1.3333,-32.712040
1.1667,1.3333,-35.041695
1.3333,1.3333,-37.582018
1.5000,1.3333,-40.341982
1.6667,1.3333,-43.321969
1.8333,1.3333,-46.510254
2.0000,1.3333,-49.880800
2.1667,1.3333,-53.391142
2.3333,1.3333,-56.978430
2.5000,1.3333,-60.553625
2.6667,1.3333,-63.997933
2.8333,1.3333,-67.168891
3.0000,1.3333,-69.922428
3.1667,1.3333,-72.150120
3.3333,1.3333,-73.820506
3.5000,1.3333,-75.005610
3.6667,1.3333,-75.875054
3.8333,1.3333,-76.652280
4.0000,1.3333,-77.545635
4.1667,1.3333,-78.681126
4.3333,1.3333,-80.064821
4.5000,1.3333,-81.590280
4.6667,1.3333,-83.087727
4.8333,1.3333,-84.396350
5.0000,1.3333,-85.434029
5.1667,1.3333,-86.239873
5.3333,1.3333,-86.972761
5.5000,1.3333,-87.862729
5.6667,1.3333,-89.128759
5.8333,1.3333,-90.890733
6.0000,1.3333,-93.108151
6.1667,1.3333,-95.569959
6.3333,1.3333,-97.940424
6.5000,1.3333,-99.843288
6.6667,1.3333,-100.951457
6.8333,1.3333,-101.051352
7.0000,1.3333,-100.068798
7.1667,1.3333,-98.064918
7.3333,1.3333,-95.220296
7.5000,1.3333,-91.818109
7.6667,1.3333,-88.221679
7.8333,1.3333,-84.834993
8.0000,1.3333,-82.043453
8.1667,1.3333,-80.148645
8.3333,1.3333,-79.320477
8.5000,1.3333,-79.585091
8.6667,1.3333,-80.852348
8.8333,1.3333,-82.972281
9.0000,1.3333,-85.800993
9.1667,1.3333,-89.252746
9.3333,1.3333,-93.316685
9.5000,1.3333,-98.026444
9.6667,1.3333,-103.389559
9.8333,1.3333,-109.304169
10.0000,1.3333,-115.501294
10.1667,1.3333,-121.543200
10.3333,1.3333,-126.884868
10.5000,1.3333,-130.979185
10.6667,1.3333,-133.391266
10.8333,1.3333,-133.889095
11.0000,1.3333,-132.490804
11.1667,1.3333,-129.463143
11.3333,1.3333,-125.274901
11.5000,1.3333,-120.514764
11.6667,1.3333,-115.789716
11.8333,1.3333,-111.627513
12.0000,1.3333,-108.408578
12.1667,1.3333,-106.342887
12.3333,1.3333,-105.488665
12.5000,1.3333,-105.792738
12.6667,1.3333,-107.128270
12.8333,1.3333,-109.315866
13.0000,1.3333,-112.130577
13.1667,1.3333,-115.308550
13.3333,1.3333,-118.566600
13.5000,1.3333,-121.637381
13.6667,1.3333,-124.309806
13.8333,1.3333,-126.457597
14.0000,1.3333,-128.043197
14.1667,1.3333,-129.097268
14.3333,1.3333,-129.686832
14.5000,1.3333,-129.889131
14.6667,1.3333,-129.781316
14.8333,1.3333,-129.444401
15.0000,1.3333,-128.972391
15.1667,1.3333,-128.479040
15.3333,1.3333,-128.103271
15.5000,1.3333,-128.021689
15.6667,1.3333,-128.474980
15.8333,1.3333,-129.802815
16.0000,1.3333,-132.467238
16.1667,1.3333,-137.041477
16.3333,1.3333,-144.157928
16.5000,1.3333,-154.437072
16.6667,1.3333,-168.436259
16.8333,1.3333,-186.646958
17.0000,1.3333,-209.537891
17.1667,1.3333,-237.616957
17.3333,1.3333,-271.489868
17.5000,1.3333,-311.921134
17.6667,1.3333,-359.921247
17.8333,1.3333,-416.866199
18.0000,1.3333,-484.610836
18.1667,1.3333,-565.528965
18.3333,1.3333,-662.439271
18.5000,1.3333,-778.449286
18.6667,1.3333,-916.814514
18.8333,1.3333,-1080.910927
19.0000,1.3333,-1274.355865
19.1667,1.3333,-1501.248638
19.3333,1.3333,-1766.507602
19.5000,1.3333,-2076.353348
19.6667,1.3333,-2439.040816
19.8333,1.3333,-2865.868043
20.0000,1.3333,-3372.240407
20.1667,1.3333,-3978.208381
20.3333,1.3333,-4707.571678
20.5000,1.3333,-5584.547903
20.6667,1.3333,-6627.360315
20.8333,1.3333,-7839.062686
21.0000,1.3333,-9197.368347
21.1667,1.3333,-10646.646329
21.3333,1.3333,-12095.813827
21.5000,1.3333,-13425.032732
21.6667,1.3333,-14501.908678
21.8333,1.3333,-15204.802879
22.0000,1.3333,-15447.777511
22.1667,1.3333,-15199.899934
22.3333,1.3333,-14492.504533
22.5000,1.3333,-13411.842522
22.6667,1.3333,-12079.702411
22.8333,1.3333,-10628.416918
23.0000,1.3333,-9177.546701
23.1667,1.3333,-7817.732255
23.3333,1.3333,-6604.103063
23.5000,1.3333,-5558.523941
23.6667,1.3333,-4677.729830
23.8333,1.3333,-3943.575066
24.0000,1.3333,-3332.207340
24.1667,1.3333,-2820.402305
24.3333,1.3333,-2388.767714
24.5000,1.3333,-2022.495678
24.6667,1.3333,-1710.690940
24.8333,1.3333,-1445.202000
25.0000,1.3333,-1219.560547
25.1667,1.3333,-1028.279895
25.3333,1.3333,-866.502950
25.5000,1.3333,-729.877218
25.6667,1.3333,-614.540289
25.8333,1.3333,-517.149400
26.0000,1.3333,-434.917373
26.1667,1.3333,-365.612417
26.3333,1.3333,-307.478534
26.5000,1.3333,-259.070496
26.6667,1.3333,-219.059038
26.8333,1.3333,-186.097216
27.0000,1.3333,-158.810621
27.1667,1.3333,-135.899239
27.3333,1.3333,-116.275595
27.5000,1.3333,-99.157258
27.6667,1.3333,-84.076261
27.8333,1.3333,-70.820497
28.0000,1.3333,-59.345730
28.1667,1.3333,-49.688394
28.3333,1.3333,-41.891367
28.5000,1.3333,-35.946471
28.6667,1.3333,-31.759061
28.8333,1.3333,-29.140737
29.0000,1.3333,-27.829822
29.1667,1.3333,-27.529507
29.3333,1.3333,-27.948442
29.5000,1.3333,-28.831265
29.6667,1.3333,-29.973974
29.8333,1.3333,-31.225861
30.0000,1.3333,-32.483020
0.0000,1.5000,-22.442598
0.1667,1.5000,-23.788188
0.3333,1.5000,-25.283038
0.5000,1.5000,-26.935058
0.6667,1.5000,-28.751954
0.8333,1.5000,-30.742531
1.0000,1.5000,-32.918059
1.1667,1.5000,-35.292868
1.3333,1.5000,-37.883375
1.5000,1.5000,-40.705307
1.6667,1.5000,-43.769766
1.8333,1.5000,-47.079115
2.0000,1.5000,-50.622791
2.1667,1.5000,-54.371650
2.3333,1.5000,-58.269220
2.5000,1.5000,-62.220951
2.6667,1.5000,-66.087424
2.8333,1.5000,-69.691003
3.0000,1.5000,-72.843348
3.1667,1.5000,-75.392341
3.3333,1.5000,-77.274495
3.5000,1.5000,-78.550128
3.6667,1.5000,-79.400288
3.8333,1.5000,-80.078841
4.0000,1.5000,-80.834217
4.1667,1.5000,-81.831484
4.3333,1.5000,-83.106496
4.5000,1.5000,-84.569300
4.6667,1.5000,-86.052942
4.8333,1.5000,-87.387485
5.0000,1.5000,-88.472623
5.1667,1.5000,-89.324407
5.3333,1.5000,-90.079380
5.5000,1.5000,-90.951726
5.6667,1.5000,-92.154489
5.8333,1.5000,-93.810565
6.0000,1.5000,-95.886424
6.1667,1.5000,-98.175802
6.3333,1.5000,-100.341762
6.5000,1.5000,-102.000871
6.6667,1.5000,-102.815686
6.8333,1.5000,-102.562507
7.0000,1.5000,-101.160241
7.1667,1.5000,-98.669279
7.3333,1.5000,-95.279176
7.5000,1.5000,-91.294889
7.6667,1.5000,-87.114750
7.8333,1.5000,-83.186830
8.0000,1.5000,-79.941313
8.1667,1.5000,-77.715460
8.3333,1.5000,-76.698270
8.5000,1.5000,-76.916149
8.6667,1.5000,-78.264461
8.8333,1.5000,-80.573338
9.0000,1.5000,-83.685079
9.1667,1.5000,-87.515000
9.3333,1.5000,-92.069276
9.5000,1.5000,-97.405941
9.6667,1.5000,-103.548636
9.8333,1.5000,-110.387261
10.0000,1.5000,-117.610805
10.1667,1.5000,-124.706565
10.3333,1.5000,-131.031988
10.5000,1.5000,-135.936370
10.6667,1.5000,-138.894349
10.8333,1.5000,-139.615392
11.0000,1.5000,-138.105922
11.1667,1.5000,-134.673664
11.3333,1.5000,-129.873761
11.5000,1.5000,-124.406416
11.6667,1.5000,-118.988530
11.8333,1.5000,-114.232848
12.0000,1.5000,-110.567911
12.1667,1.5000,-108.215954
12.3333,1.5000,-107.220943
12.5000,1.5000,-107.500188
12.6667,1.5000,-108.891200
12.8333,1.5000,-111.179138
13.0000,1.5000,-114.107797
13.1667,1.5000,-117.387468
13.3333,1.5000,-120.712115
13.5000,1.5000,-123.789433
13.6667,1.5000,-126.376677
13.8333,1.5000,-128.308816
14.0000,1.5000,-129.507365
14.1667,1.5000,-129.967768
14.3333,1.5000,-129.734364
14.5000,1.5000,-128.877091
14.6667,1.5000,-127.479676
14.8333,1.5000,-125.639271
15.0000,1.5000,-123.470424
15.1667,1.5000,-121.107673
15.3333,1.5000,-118.709640
15.5000,1.5000,-116.474772
15.6667,1.5000,-114.675545
15.8333,1.5000,-113.702019
16.0000,1.5000,-114.087492
16.1667,1.5000,-116.486530
16.3333,1.5000,-121.599275
16.5000,1.5000,-130.073824
16.6667,1.5000,-142.441055
16.8333,1.5000,-159.120695
17.0000,1.5000,-180.492509
17.1667,1.5000,-206.989949
17.3333,1.5000,-239.178626
17.5000,1.5000,-277.821914
17.6667,1.5000,-323.967222
17.8333,1.5000,-379.070533
18.0000,1.5000,-445.121436
18.1667,1.5000,-524.690671
18.3333,1.5000,-620.848716
18.5000,1.5000,-736.989908
18.6667,1.5000,-876.674247
18.8333,1.5000,-1043.599428
19.0000,1.5000,-1241.738228
19.1667,1.5000,-1475.600870
19.3333,1.5000,-1750.595422
19.5000,1.5000,-2073.558594
19.6667,1.5000,-2453.603662
19.8333,1.5000,-2903.344234
20.0000,1.5000,-3440.246115
20.1667,1.5000,-4087.415195
20.3333,1.5000,-4872.731666
20.5000,1.5000,-5825.122306
20.6667,1.5000,-6967.179716
20.8333,1.5000,-8304.472430
21.0000,1.5000,-9813.600653
21.1667,1.5000,-11432.702116
21.3333,1.5000,-13058.781233
21.5000,1.5000,-14555.269038
21.6667,1.5000,-15770.640064
21.8333,1.5000,-16565.324413
22.0000,1.5000,-16840.567211
22.1667,1.5000,-16560.789569
22.3333,1.5000,-15762.003724
22.5000,1.5000,-14543.290471
22.6667,1.5000,-13044.350537
22.8333,1.5000,-11416.596661
23.0000,1.5000,-9796.249321
23.1667,1.5000,-8285.793231
23.3333,1.5000,-6946.548951
23.5000,1.5000,-5801.502391
23.6667,1.5000,-4844.934301
23.8333,1.5000,-4054.427030
24.0000,1.5000,-3401.521148
24.1667,1.5000,-2858.983080
24.3333,1.5000,-2404.382307
24.5000,1.5000,-2020.811466
24.6667,1.5000,-1695.980900
24.8333,1.5000,-1420.785874
25.0000,1.5000,-1188.051321
25.1667,1.5000,-991.728103
25.3333,1.5000,-826.503812
25.5000,1.5000,-687.665480
25.6667,1.5000,-571.073380
25.8333,1.5000,-473.176750
26.0000,1.5000,-391.039293
26.1667,1.5000,-322.331181
26.3333,1.5000,-265.235930
26.5000,1.5000,-218.260769
26.6667,1.5000,-180.013138
26.8333,1.5000,-149.050232
27.0000,1.5000,-123.875800
27.1667,1.5000,-103.068219
27.3333,1.5000,-85.447983
27.5000,1.5000,-70.186380
27.6667,1.5000,-56.812645
27.8333,1.5000,-45.141022
28.0000,1.5000,-35.166315
28.1667,1.5000,-26.964102
28.3333,1.5000,-20.608401
28.5000,1.5000,-16.109192
28.6667,1.5000,-13.374786
28.8333,1.5000,-12.205694
29.0000,1.5000,-12.319587
29.1667,1.5000,-13.395681
29.3333,1.5000,-15.121041
29.5000,1.5000,-17.224664
29.6667,1.5000,-19.493876
29.8333,1.5000,-21.775470
30.0000,1.5000,-23.967575
0.0000,1.6667,-22.282836
0.1667,1.6667,-23.625638
0.3333,1.6667,-25.117949
0.5000,1.6667,-26.766493
0.6667,1.6667,-28.577135
0.8333,1.6667,-30.556363
1.0000,1.6667,-32.713196
1.1667,1.6667,-35.060819
1.3333,1.6667,-37.617037
1.5000,1.6667,-40.403027
1.6667,1.6667,-43.440492
1.8333,1.6667,-46.747509
2.0000,1.6667,-50.332572
2.1667,1.6667,-54.185168
2.3333,1.6667,-58.261698
2.5000,1.6667,-62.469166
2.6667,1.6667,-66.654603
2.8333,1.6667,-70.611702
3.0000,1.6667,-74.113027
3.1667,1.6667,-76.965446
3.3333,1.6667,-79.072308
3.5000,1.6667,-80.476360
3.6667,1.6667,-81.359892
3.8333,1.6667,-81.994820
4.0000,1.6667,-82.658599
4.1667,1.6667,-83.549211
4.3333,1.6667,-84.733171
4.5000,1.6667,-86.144384
4.6667,1.6667,-87.629305
4.8333,1.6667,-89.017594
5.0000,1.6667,-90.192612
5.1667,1.6667,-91.139582
5.3333,1.6667,-91.956405
5.5000,1.6667,-92.821565
5.6667,1.6667,-93.925838
5.8333,1.6667,-95.388609
6.0000,1.6667,-97.189514
6.1667,1.6667,-99.144564
6.3333,1.6667,-100.939428
6.5000,1.6667,-102.207146
6.6667,1.6667,-102.617757
6.8333,1.6667,-101.946446
7.0000,1.6667,-100.105513
7.1667,1.6667,-97.148505
7.3333,1.6667,-93.264151
7.5000,1.6667,-88.767622
7.6667,1.6667,-84.079893
7.8333,1.6667,-79.680742
8.0000,1.6667,-76.034047
8.1667,1.6667,-73.504576
8.3333,1.6667,-72.296379
8.5000,1.6667,-72.436368
8.6667,1.6667,-73.809012
8.8333,1.6667,-76.230021
9.0000,1.6667,-79.533741
9.1667,1.6667,-83.641546
9.3333,1.6667,-88.580092
9.5000,1.6667,-94.433837
9.6667,1.6667,-101.244273
9.8333,1.6667,-108.896364
10.0000,1.6667,-117.043480
10.1667,1.6667,-125.107571
10.3333,1.6667,-132.359608
10.5000,1.6667,-138.054818
10.6667,1.6667,-141.582634
10.8333,1.6667,-142.593862
11.0000,1.6667,-141.078168
11.1667,1.6667,-137.375515
11.3333,1.6667,-132.115916
11.5000,1.6667,-126.097388
11.6667,1.6667,-120.131935
11.8333,1.6667,-114.903725
12.0000,1.6667,-110.880141
12.1667,1.6667,-108.292611
12.3333,1.6667,-107.173406
12.5000,1.6667,-107.415693
12.6667,1.6667,-108.826525
12.8333,1.6667,-111.159489
13.0000,1.6667,-114.130817
13.1667,1.6667,-117.430186
13.3333,1.6667,-120.735599
13.5000,1.6667,-123.735928
13.6667,1.6667,-126.158540
13.8333,1.6667,-127.794723
14.0000,1.6667,-128.514136
14.1667,1.6667,-128.263500
14.3333,1.6667,-127.052633
14.5000,1.6667,-124.937058
14.6667,1.6667,-122.005656
14.8333,1.6667,-118.375142
15.0000,1.6667,-114.187141
15.1667,1.6667,-109.604658
15.3333,1.6667,-104.813141
15.5000,1.6667,-100.038253
15.6667,1.6667,-95.587250
15.8333,1.6667,-91.900985
16.0000,1.6667,-89.581584
16.1667,1.6667,-89.359004
16.3333,1.6667,-91.990539
16.5000,1.6667,-98.135873
16.6667,1.6667,-108.278537
16.8333,1.6667,-122.743625
17.0000,1.6667,-141.801629
17.1667,1.6667,-165.798134
17.3333,1.6667,-195.253670
17.5000,1.6667,-230.931244
17.6667,1.6667,-273.915720
17.8333,1.6667,-325.736788
18.0000,1.6667,-388.501524
18.1667,1.6667,-464.949561
18.3333,1.6667,-558.368753
18.5000,1.6667,-672.406327
18.6667,1.6667,-810.899866
18.8333,1.6667,-977.852377
19.0000,1.6667,-1177.585082
19.1667,1.6667,-1415.015846
19.3333,1.6667,-1696.033949
19.5000,1.6667,-2028.068523
19.6667,1.6667,-2421.043862
19.8333,1.6667,-2888.813340
20.0000,1.6667,-3450.798335
20.1667,1.6667,-4133.029902
20.3333,1.6667,-4967.322123
20.5000,1.6667,-5987.167000
20.6667,1.6667,-7219.420961
20.8333,1.6667,-8672.156554
21.0000,1.6667,-10321.015989
21.1667,1.6667,-12098.293630
21.3333,1.6667,-13889.735858
21.5000,1.6667,-15542.935836
21.6667,1.6667,-16888.258831
21.8333,1.6667,-17769.171362
22.0000,1.6667,-18074.799552
22.1667,1.6667,-17765.169913
22.3333,1.6667,-16880.708817
22.5000,1.6667,-15532.616402
22.6667,1.6667,-13877.527090
22.8333,1.6667,-12084.905251
23.0000,1.6667,-10306.740263
23.1667,1.6667,-8656.719900
23.3333,1.6667,-7201.992291
23.5000,1.6667,-5966.539357
23.6667,1.6667,-4942.225622
23.8333,1.6667,-4102.482338
24.0000,1.6667,-3414.383895
24.1667,1.6667,-2846.810965
24.3333,1.6667,-2374.385775
24.5000,1.6667,-1978.160184
24.6667,1.6667,-1644.485191
24.8333,1.6667,-1363.327072
25.0000,1.6667,-1126.830672
25.1667,1.6667,-928.422848
25.3333,1.6667,-762.387882
25.5000,1.6667,-623.711404
25.6667,1.6667,-508.031071
25.8333,1.6667,-411.627713
26.0000,1.6667,-331.435209
26.1667,1.6667,-265.026869
26.3333,1.6667,-210.516693
26.5000,1.6667,-166.355152
26.6667,1.6667,-131.085100
26.8333,1.6667,-103.178116
27.0000,1.6667,-81.036454
27.1667,1.6667,-63.142516
27.3333,1.6667,-48.250069
27.5000,1.6667,-35.504838
27.6667,1.6667,-24.447475
27.8333,1.6667,-14.926407
28.0000,1.6667,-6.978319
28.1667,1.6667,-0.717658
28.3333,1.6667,3.751960
28.5000,1.6667,6.403693
28.6667,1.6667,7.326380
28.8333,1.6667,6.729192
29.0000,1.6667,4.912416
29.1667,1.6667,2.217348
29.3333,1.6667,-1.025200
29.5000,1.6667,-4.532133
29.6667,1.6667,-8.085334
29.8333,1.6667,-11.531981
30.0000,1.6667,-14.774831
0.0000,1.8333,-21.970752
0.1667,1.8333,-23.279293
0.3333,1.8333,-24.732426
0.5000,1.8333,-26.335398
0.6667,1.8333,-28.091884
0.8333,1.8333,-30.005435
1.0000,1.8333,-32.081697
1.1667,1.8333,-34.330879
1.3333,1.8333,-36.769663
1.5000,1.8333,-39.421811
1.6667,1.8333,-42.317048
1.8333,1.8333,-45.487683
2.0000,1.8333,-48.961668
2.1667,1.8333,-52.750028
2.3333,1.8333,-56.827865
2.5000,1.8333,-61.112642
2.6667,1.8333,-65.449575
2.8333,1.8333,-69.617274
3.0000,1.8333,-73.362688
3.1667,1.8333,-76.462196
3.3333,1.8333,-78.790435
3.5000,1.8333,-80.368752
3.6667,1.8333,-81.368468
3.8333,1.8333,-82.061576
4.0000,1.8333,-82.735628
4.1667,1.8333,-83.606897
4.3333,1.8333,-84.765907
4.5000,1.8333,-86.172387
4.6667,1.8333,-87.694140
4.8333,1.8333,-89.169478
5.0000,1.8333,-90.470394
5.1667,1.8333,-91.548700
5.3333,1.8333,-92.453419
5.5000,1.8333,-93.312926
5.6667,1.8333,-94.282990
5.8333,1.8333,-95.474200
6.0000,1.8333,-96.884872
6.1667,1.8333,-98.369140
6.3333,1.8333,-99.657307
6.5000,1.8333,-100.420941
6.6667,1.8333,-100.353943
6.8333,1.8333,-99.238064
7.0000,1.8333,-96.978245
7.1667,1.8333,-93.614486
7.3333,1.8333,-89.324623
7.5000,1.8333,-84.421974
7.6667,1.8333,-79.336380
7.8333,1.8333,-74.564283
8.0000,1.8333,-70.588492
8.1667,1.8333,-67.789356
8.3333,1.8333,-66.379392
8.5000,1.8333,-66.386000
8.6667,1.8333,-67.688686
8.8333,1.8333,-70.098300
9.0000,1.8333,-73.451142
9.1667,1.8333,-77.681844
9.3333,1.8333,-82.840542
9.5000,1.8333,-89.037803
9.6667,1.8333,-96.332448
9.8333,1.8333,-104.607585
10.0000,1.8333,-113.490156
10.1667,1.8333,-122.351932
10.3333,1.8333,-130.395758
10.5000,1.8333,-136.800126
10.6667,1.8333,-140.881559
10.8333,1.8333,-142.236648
11.0000,1.8333,-140.833606
11.1667,1.8333,-137.030908
11.3333,1.8333,-131.512164
11.5000,1.8333,-125.147468
11.6667,1.8333,-118.818317
11.8333,1.8333,-113.259971
12.0000,1.8333,-108.967462
12.1667,1.8333,-106.180217
12.3333,1.8333,-104.925126
12.5000,1.8333,-105.080684
12.6667,1.8333,-106.432314
12.8333,1.8333,-108.708703
13.0000,1.8333,-111.603835
13.1667,1.8333,-114.792327
13.3333,1.8333,-117.942605
13.5000,1.8333,-120.730621
13.6667,1.8333,-122.856860
13.8333,1.8333,-124.067115
14.0000,1.8333,-124.172531
14.1667,1.8333,-123.061658
14.3333,1.8333,-120.700697
14.5000,1.8333,-117.124825
14.6667,1.8333,-112.426744
14.8333,1.8333,-106.745779
15.0000,1.8333,-100.256440
15.1667,1.8333,-93.156458
15.3333,1.8333,-85.662437
15.5000,1.8333,-78.027808
15.6667,1.8333,-70.590394
15.8333,1.8333,-63.832808
16.0000,1.8333,-58.412953
16.1667,1.8333,-55.120570
16.3333,1.8333,-54.753728
16.5000,1.8333,-57.968135
16.6667,1.8333,-65.186344
16.8333,1.8333,-76.627789
17.0000,1.8333,-92.445845
17.1667,1.8333,-112.894149
17.3333,1.8333,-138.447773
17.5000,1.8333,-169.870972
17.6667,1.8333,-208.285691
17.8333,1.8333,-255.287621
18.0000,1.8333,-313.081872
18.1667,1.8333,-384.544854
18.3333,1.8333,-473.140759
18.5000,1.8333,-582.726725
18.6667,1.8333,-717.380027
18.8333,1.8333,-881.380020
19.0000,1.8333,-1079.375746
19.1667,1.8333,-1316.676158
19.3333,1.8333,-1599.632638
19.5000,1.8333,-1936.236312
19.6667,1.8333,-2337.168794
19.8333,1.8333,-2817.430355
20.0000,1.8333,-3398.247721
20.1667,1.8333,-4108.354924
20.3333,1.8333,-4983.205639
20.5000,1.8333,-6060.519865
20.6667,1.8333,-7371.110057
20.8333,1.8333,-8925.393147
21.0000,1.8333,-10698.188739
21.1667,1.8333,-12616.511056
21.3333,1.8333,-14555.902124
21.5000,1.8333,-16349.603740
21.6667,1.8333,-17811.590749
21.8333,1.8333,-18769.995978
22.0000,1.8333,-19103.000825
22.1667,1.8333,-18766.660160
22.3333,1.8333,-17805.372884
22.5000,1.8333,-16341.268519
22.6667,1.8333,-14546.276002
22.8333,1.8333,-12606.193200
23.0000,1.8333,-10687.305026
23.1667,1.8333,-8913.473463
23.3333,1.8333,-7357.142343
23.5000,1.8333,-6043.183293
23.6667,1.8333,-4961.221562
23.8333,1.8333,-4080.844314
24.0000,1.8333,-3364.977312
24.1667,1.8333,-2778.875812
24.3333,1.8333,-2294.396724
24.5000,1.8333,-1890.663829
24.6667,1.8333,-1552.735645
24.8333,1.8333,-1269.696437
25.0000,1.8333,-1033.058993
25.1667,1.8333,-835.786385
25.3333,1.8333,-671.831414
25.5000,1.8333,-535.951441
25.6667,1.8333,-423.621605
25.8333,1.8333,-330.989997
26.0000,1.8333,-254.868569
26.1667,1.8333,-192.719760
26.3333,1.8333,-142.564605
26.5000,1.8333,-102.778082
26.6667,1.8333,-71.835067
26.8333,1.8333,-48.136951
27.0000,1.8333,-30.014721
27.1667,1.8333,-15.891174
27.3333,1.8333,-4.487084
27.5000,1.8333,5.051780
27.6667,1.8333,13.157187
27.8333,1.8333,19.938283
28.0000,1.8333,25.313634
28.1667,1.8333,29.130032
28.3333,1.8333,31.255397
28.5000,1.8333,31.646764
28.6667,1.8333,30.389596
28.8333,1.8333,27.700750
29.0000,1.8333,23.895332
29.1667,1.8333,19.331440
29.3333,1.8333,14.354051
29.5000,1.8333,9.254939
29.6667,1.8333,4.254639
29.8333,1.8333,-0.497117
30.0000,1.8333,-4.910213
0.0000,2.0000,-21.510498
0.1667,2.0000,-22.754640
0.3333,2.0000,-24.133849
0.5000,2.0000,-25.651890
0.6667,2.0000,-27.310300
0.8333,2.0000,-29.109560
1.0000,2.0000,-31.051255
1.1667,2.0000,-33.140968
1.3333,2.0000,-35.391360
1.5000,2.0000,-37.824678
1.6667,2.0000,-40.473875
1.8333,2.0000,-43.380995
2.0000,2.0000,-46.590569
2.1667,2.0000,-50.135347
2.3333,2.0000,-54.013710
2.5000,2.0000,-58.163390
2.6667,2.0000,-62.442769
2.8333,2.0000,-66.634137
3.0000,2.0000,-70.478461
3.1667,2.0000,-73.738056
3.3333,2.0000,-76.267819
3.5000,2.0000,-78.066196
3.6667,2.0000,-79.281082
3.8333,2.0000,-80.163796
4.0000,2.0000,-80.988064
4.1667,2.0000,-81.967263
4.3333,2.0000,-83.202099
4.5000,2.0000,-84.673516
4.6667,2.0000,-86.274124
4.8333,2.0000,-87.858960
5.0000,2.0000,-89.296944
5.1667,2.0000,-90.511284
5.3333,2.0000,-91.501698
5.5000,2.0000,-92.341645
5.6667,2.0000,-93.145806
5.8333,2.0000,-94.012709
6.0000,2.0000,-94.962260
6.1667,2.0000,-95.896759
6.3333,2.0000,-96.606190
6.5000,2.0000,-96.816275
6.6667,2.0000,-96.256356
6.8333,2.0000,-94.719661
7.0000,2.0000,-92.102289
7.1667,2.0000,-88.424866
7.3333,2.0000,-83.846051
7.5000,2.0000,-78.666987
7.6667,2.0000,-73.313415
7.8333,2.0000,-68.282701
8.0000,2.0000,-64.059680
8.1667,2.0000,-61.025530
8.3333,2.0000,-59.392361
8.5000,2.0000,-59.187583
8.6667,2.0000,-60.293598
8.8333,2.0000,-62.529640
9.0000,2.0000,-65.747639
9.1667,2.0000,-69.904697
9.3333,2.0000,-75.076797
9.5000,2.0000,-81.397761
9.6667,2.0000,-88.940598
9.8333,2.0000,-97.588776
10.0000,2.0000,-106.953777
10.1667,2.0000,-116.376493
10.3333,2.0000,-125.015587
10.5000,2.0000,-131.996162
10.6667,2.0000,-136.579382
10.8333,2.0000,-138.315102
11.0000,2.0000,-137.144660
11.1667,2.0000,-133.426111
11.3333,2.0000,-127.866706
11.5000,2.0000,-121.373450
11.6667,2.0000,-114.864699
11.8333,2.0000,-109.103737
12.0000,2.0000,-104.603306
12.1667,2.0000,-101.613051
12.3333,2.0000,-100.164456
12.5000,2.0000,-100.133839
12.6667,2.0000,-101.296212
12.8333,2.0000,-103.363941
13.0000,2.0000,-106.015154
13.1667,2.0000,-108.914765
13.3333,2.0000,-111.726661
13.5000,2.0000,-114.118497
13.6667,2.0000,-115.767256
13.8333,2.0000,-116.374442
14.0000,2.0000,-115.691333
14.1667,2.0000,-113.545058
14.3333,2.0000,-109.854636
14.5000,2.0000,-104.632856
14.6667,2.0000,-97.976811
14.8333,2.0000,-90.051328
15.0000,2.0000,-81.067371
15.1667,2.0000,-71.259288
15.3333,2.0000,-60.872850
15.5000,2.0000,-50.181825
15.6667,2.0000,-39.541004
15.8333,2.0000,-29.455286
16.0000,2.0000,-20.614747
16.1667,2.0000,-13.844606
16.3333,2.0000,-9.963275
16.5000,2.0000,-9.609922
16.6667,2.0000,-13.142815
16.8333,2.0000,-20.679617
17.0000,2.0000,-32.263369
17.1667,2.0000,-48.061550
17.3333,2.0000,-68.506919
17.5000,2.0000,-94.365544
17.6667,2.0000,-126.793899
17.8333,2.0000,-167.445136
18.0000,2.0000,-218.603652
18.1667,2.0000,-283.251217
18.3333,2.0000,-364.986152
18.5000,2.0000,-467.828317
18.6667,2.0000,-596.049078
18.8333,2.0000,-754.164063
19.0000,2.0000,-947.115766
19.1667,2.0000,-1180.573420
19.3333,2.0000,-1461.319870
19.5000,2.0000,-1797.871380
19.6667,2.0000,-2201.610101
19.8333,2.0000,-2688.582061
20.0000,2.0000,-3281.641117
20.1667,2.0000,-4011.939025
20.3333,2.0000,-4918.168534
20.5000,2.0000,-6041.798276
20.6667,2.0000,-7417.138390
20.8333,2.0000,-9056.677773
21.0000,2.0000,-10934.529008
21.1667,2.0000,-12973.109350
21.3333,2.0000,-15039.088556
21.5000,2.0000,-16953.257391
21.6667,2.0000,-18515.402321
21.8333,2.0000,-19540.408374
22.0000,2.0000,-19897.012351
22.1667,2.0000,-19537.837068
22.3333,2.0000,-18510.690943
22.5000,2.0000,-16947.115086
22.6667,2.0000,-15032.240320
22.8333,2.0000,-12966.003626
23.0000,2.0000,-10927.107446
23.1667,2.0000,-9048.288581
23.3333,2.0000,-7406.637493
23.5000,2.0000,-6027.824150
23.6667,2.0000,-4899.512068
23.8333,2.0000,-3987.885929
24.0000,2.0000,-3252.168827
24.1667,2.0000,-2654.351584
24.3333,2.0000,-2163.776232
24.5000,2.0000,-1757.794044
24.6667,2.0000,-1420.265416
24.8333,2.0000,-1139.460343
25.0000,2.0000,-906.325925
25.1667,2.0000,-713.437677
25.3333,2.0000,-554.500311
25.5000,2.0000,-424.121094
25.6667,2.0000,-317.670742
25.8333,2.0000,-231.192602
26.0000,2.0000,-161.373819
26.1667,2.0000,-105.540939
26.3333,2.0000,-61.589767
26.5000,2.0000,-27.796046
26.6667,2.0000,-2.562622
26.8333,2.0000,15.760802
27.0000,2.0000,28.879119
27.1667,2.0000,38.387486
27.3333,2.0000,45.560445
27.5000,2.0000,51.224295
27.6667,2.0000,55.765927
27.8333,2.0000,59.243014
28.0000,2.0000,61.525557
28.1667,2.0000,62.420552
28.3333,2.0000,61.767470
28.5000,2.0000,59.507067
28.6667,2.0000,55.720366
28.8333,2.0000,50.629735
29.0000,2.0000,44.562097
29.1667,2.0000,37.889042
29.3333,2.0000,30.966516
29.5000,2.0000,24.092112
29.6667,2.0000,17.486251
29.8333,2.0000,11.293256
30.0000,2.0000,5.593879
0.0000,2.1667,-20.917275
0.1667,2.1667,-22.071435
0.3333,2.1667,-23.347715
0.5000,2.1667,-24.748675
0.6667,2.1667,-26.274119
0.8333,2.1667,-27.921752
1.0000,2.1667,-29.688862
1.1667,2.1667,-31.575106
1.3333,2.1667,-33.586253
1.5000,2.1667,-35.738413
1.6667,2.1667,-38.061746
1.8333,2.1667,-40.601646
2.0000,2.1667,-43.414117
2.1667,2.1667,-46.551777
2.3333,2.1667,-50.039494
2.5000,2.1667,-53.844693
2.6667,2.1667,-57.854476
2.8333,2.1667,-61.874825
3.0000,2.1667,-65.661910
3.1667,2.1667,-68.982046
3.3333,2.1667,-71.681070
3.5000,2.1667,-73.734897
3.6667,2.1667,-75.257480
3.8333,2.1667,-76.460166
4.0000,2.1667,-77.579011
4.1667,2.1667,-78.801184
4.3333,2.1667,-80.219262
4.5000,2.1667,-81.824950
4.6667,2.1667,-83.533889
4.8333,2.1667,-85.223655
5.0000,2.1667,-86.770927
5.1667,2.1667,-88.082732
5.3333,2.1667,-89.120129
5.5000,2.1667,-89.908237
5.6667,2.1667,-90.522709
5.8333,2.1667,-91.049128
6.0000,2.1667,-91.527963
6.1667,2.1667,-91.910969
6.3333,2.1667,-92.052026
6.5000,2.1667,-91.736591
6.6667,2.1667,-90.733879
6.8333,2.1667,-88.850159
7.0000,2.1667,-85.971355
7.1667,2.1667,-82.095507
7.3333,2.1667,-77.357507
7.5000,2.1667,-72.039571
7.6667,2.1667,-66.552937
7.8333,2.1667,-61.381260
8.0000,2.1667,-56.994149
8.1667,2.1667,-53.757527
8.3333,2.1667,-51.872849
8.5000,2.1667,-51.366561
8.6667,2.1667,-52.132771
8.8333,2.1667,-54.014431
9.0000,2.1667,-56.894919
9.1667,2.1667,-60.763975
9.3333,2.1667,-65.724985
9.5000,2.1667,-71.930047
9.6667,2.1667,-79.460974
9.8333,2.1667,-88.202674
10.0000,2.1667,-97.762718
10.1667,2.1667,-107.472641
10.3333,2.1667,-116.474148
10.5000,2.1667,-123.865788
10.6667,2.1667,-128.873551
10.8333,2.1667,-131.008643
11.0000,2.1667,-130.177820
11.1667,2.1667,-126.714727
11.3333,2.1667,-121.313988
11.5000,2.1667,-114.879178
11.6667,2.1667,-108.330940
11.8333,2.1667,-102.439341
12.0000,2.1667,-97.729268
12.1667,2.1667,-94.467656
12.3333,2.1667,-92.704387
12.5000,2.1667,-92.328545
12.6667,2.1667,-93.117506
12.8333,2.1667,-94.776879
13.0000,2.1667,-96.975573
13.1667,2.1667,-99.373138
13.3333,2.1667,-101.631760
13.5000,2.1667,-103.413024
13.6667,2.1667,-104.372836
13.8333,2.1667,-104.171401
14.0000,2.1667,-102.503576
14.1667,2.1667,-99.138709
14.3333,2.1667,-93.952476
14.5000,2.1667,-86.939373
14.6667,2.1667,-78.204918
14.8333,2.1667,-67.942188
15.0000,2.1667,-56.398259
15.1667,2.1667,-43.838986
15.3333,2.1667,-30.528489
15.5000,2.1667,-16.744063
15.6667,2.1667,-2.834705
15.8333,2.1667,10.700551
16.0000,2.1667,23.170933
16.1667,2.1667,33.745945
16.3333,2.1667,41.609124
16.5000,2.1667,46.146216
16.6667,2.1667,47.056000
16.8333,2.1667,44.304302
17.0000,2.1667,37.937923
17.1667,2.1667,27.860959
17.3333,2.1667,13.677334
17.5000,2.1667,-5.379685
17.6667,2.1667,-30.496468
17.8333,2.1667,-63.375585
18.0000,2.1667,-106.365428
18.1667,2.1667,-162.526351
18.3333,2.1667,-235.552001
18.5000,2.1667,-329.578161
18.6667,2.1667,-449.021223
18.8333,2.1667,-598.585493
19.0000,2.1667,-783.461615
19.1667,2.1667,-1009.635705
19.3333,2.1667,-1284.280148
19.5000,2.1667,-1616.392394
19.6667,2.1667,-2017.995698
19.8333,2.1667,-2506.078155
20.0000,2.1667,-3104.931410
20.1667,2.1667,-3847.810277
20.3333,2.1667,-4776.192865
20.5000,2.1667,-5934.743582
20.6667,2.1667,-7360.732714
20.8333,2.1667,-9068.388044
21.0000,2.1667,-11031.216418
21.1667,2.1667,-13167.775591
21.3333,2.1667,-15337.325018
21.5000,2.1667,-17350.296412
21.6667,2.1667,-18994.710060
21.8333,2.1667,-20074.493121
22.0000,2.1667,-20450.581720
22.1667,2.1667,-20072.757858
22.3333,2.1667,-18991.624800
22.5000,2.1667,-17346.474899
22.6667,2.1667,-15333.347102
22.8333,2.1667,-13163.906843
23.0000,2.1667,-11027.207552
23.1667,2.1667,-9063.431871
23.3333,2.1667,-7353.609568
23.5000,2.1667,-5924.123608
23.6667,2.1667,-4761.003143
23.8333,2.1667,-3827.541226
24.0000,2.1667,-3079.772873
24.1667,2.1667,-2476.842045
24.3333,2.1667,-1985.867888
24.5000,2.1667,-1582.613888
24.6667,2.1667,-1249.857865
24.8333,2.1667,-975.139557
25.0000,2.1667,-748.918528
25.1667,2.1667,-563.464939
25.3333,2.1667,-412.317944
25.5000,2.1667,-290.006167
25.6667,2.1667,-191.844415
25.8333,2.1667,-113.790470
26.0000,2.1667,-52.398334
26.1667,2.1667,-4.832126
26.3333,2.1667,31.168580
26.5000,2.1667,57.448939
26.6667,2.1667,75.680902
26.8333,2.1667,87.548133
27.0000,2.1667,94.757416
27.1667,2.1667,98.882087
27.3333,2.1667,101.155857
27.5000,2.1667,102.349927
27.6667,2.1667,102.788769
27.8333,2.1667,102.468547
28.0000,2.1667,101.205490
28.1667,2.1667,98.764359
28.3333,2.1667,94.955105
28.5000,2.1667,89.701456
28.6667,2.1667,83.078855
28.8333,2.1667,75.313366
29.0000,2.1667,66.741366
29.1667,2.1667,57.745379
29.3333,2.1667,48.689880
29.5000,2.1667,39.876092
29.6667,2.1667,31.522347
29.8333,2.1667,23.765673
30.0000,2.1667,16.675577
0.0000,2.3333,-20.215142
0.1667,2.3333,-21.260690
0.3333,2.3333,-22.413567
0.5000,2.3333,-23.675606
0.6667,2.3333,-25.045495
0.8333,2.3333,-26.518726
1.0000,2.3333,-28.088403
1.1667,2.3333,-29.747384
1.3333,2.3333,-31.492138
1.5000,2.3333,-33.328367
1.6667,2.3333,-35.277536
1.8333,2.3333,-37.381798
2.0000,2.3333,-39.702973
2.1667,2.3333,-42.310795
2.3333,2.3333,-45.258555
2.5000,2.3333,-48.550998
2.6667,2.3333,-52.117014
2.8333,2.3333,-55.803077
3.0000,2.3333,-59.398187
3.1667,2.3333,-62.687640
3.3333,2.3333,-65.517421
3.5000,2.3333,-67.842378
3.6667,2.3333,-69.735866
3.8333,2.3333,-71.355650
4.0000,2.3333,-72.881830
4.1667,2.3333,-74.455316
4.3333,2.3333,-76.141916
4.5000,2.3333,-77.930034
4.6667,2.3333,-79.751624
4.8333,2.3333,-81.509120
5.0000,2.3333,-83.098145
5.1667,2.3333,-84.427177
5.3333,2.3333,-85.438346
5.5000,2.3333,-86.125224
5.6667,2.3333,-86.534356
5.8333,2.3333,-86.740138
6.0000,2.3333,-86.798864
6.1667,2.3333,-86.703930
6.3333,2.3333,-86.365513
6.5000,2.3333,-85.623202
6.6667,2.3333,-84.282751
6.8333,2.3333,-82.162008
7.0000,2.3333,-79.136721
7.1667,2.3333,-75.183193
7.3333,2.3333,-70.412932
7.5000,2.3333,-65.086987
7.6667,2.3333,-59.595094
7.8333,2.3333,-54.394774
8.0000,2.3333,-49.924299
8.1667,2.3333,-46.518580
8.3333,2.3333,-44.357906
8.5000,2.3333,-43.466296
8.6667,2.3333,-43.757835
8.8333,2.3333,-45.113996
9.0000,2.3333,-47.464786
9.1667,2.3333,-50.841892
9.3333,2.3333,-55.376612
9.5000,2.3333,-61.233245
9.6667,2.3333,-68.496063
9.8333,2.3333,-77.051781
10.0000,2.3333,-86.515294
10.1667,2.3333,-96.230513
10.3333,2.3333,-105.350125
10.5000,2.3333,-112.973784
10.6667,2.3333,-118.312641
10.8333,2.3333,-120.846040
11.0000,2.3333,-120.435492
11.1667,2.3333,-117.362399
11.3333,2.3333,-112.269312
11.5000,2.3333,-106.015167
11.6667,2.3333,-99.490574
11.8333,2.3333,-93.455997
12.0000,2.3333,-88.448904
12.1667,2.3333,-84.766160
12.3333,2.3333,-82.494063
12.5000,2.3333,-81.552186
12.6667,2.3333,-81.734667
12.8333,2.3333,-82.750538
13.0000,2.3333,-84.265482
13.1667,2.3333,-85.935953
13.3333,2.3333,-87.422014
13.5000,2.3333,-88.377928
13.6667,2.3333,-88.438644
13.8333,2.3333,-87.226252
14.0000,2.3333,-84.385983
14.1667,2.3333,-79.639184
14.3333,2.3333,-72.829411
14.5000,2.3333,-63.943467
14.6667,2.3333,-53.102736
14.8333,2.3333,-40.530398
15.0000,2.3333,-26.504218
15.1667,2.3333,-11.308616
15.3333,2.3333,4.793375
15.5000,2.3333,21.545474
15.6667,2.3333,38.633324
15.8333,2.3333,55.596504
16.0000,2.3333,71.778530
16.1667,2.3333,86.376101
16.3333,2.3333,98.596982
16.5000,2.3333,107.856547
16.6667,2.3333,113.895599
16.8333,2.3333,116.734655
17.0000,2.3333,116.479629
17.1667,2.3333,113.084684
17.3333,2.3333,106.182284
17.5000,2.3333,95.006613
17.6667,2.3333,78.346406
17.8333,2.3333,54.455609
18.0000,2.3333,20.932087
18.1667,2.3333,-25.342857
18.3333,2.3333,-88.125343
18.5000,2.3333,-171.624038
18.6667,2.3333,-280.351950
18.8333,2.3333,-419.151611
19.0000,2.3333,-593.410052
19.1667,2.3333,-809.377624
19.3333,2.3333,-1074.564329
19.5000,2.3333,-1398.396888
19.6667,2.3333,-1793.476595
19.8333,2.3333,-2277.630916
20.0000,2.3333,-2876.403512
20.1667,2.3333,-3624.840577
20.3333,2.3333,-4566.751800
20.5000,2.3333,-5749.440941
20.6667,2.3333,-7212.595164
20.8333,2.3333,-8971.841745
21.0000,2.3333,-11000.176322
21.1667,2.3333,-13213.025068
21.3333,2.3333,-15463.682580
21.5000,2.3333,-17554.286235
21.6667,2.3333,-19263.474412
21.8333,2.3333,-20386.464604
22.0000,2.3333,-20778.003555
22.1667,2.3333,-20385.613327
22.3333,2.3333,-19262.094559
22.5000,2.3333,-17552.868744
22.6667,2.3333,-15462.634008
22.8333,2.3333,-13212.410702
23.0000,2.3333,-10999.558581
23.1667,2.3333,-8970.284134
23.3333,2.3333,-7208.846855
23.5000,2.3333,-5742.253086
23.6667,2.3333,-4555.224306
23.8333,2.3333,-3608.678199
24.0000,2.3333,-2855.987163
24.1667,2.3333,-2253.879962
24.3333,2.3333,-1767.559993
24.5000,2.3333,-1371.402458
24.6667,2.3333,-1047.231321
24.8333,2.3333,-781.949573
25.0000,2.3333,-565.610212
25.1667,2.3333,-390.254122
25.3333,2.3333,-249.322994
25.5000,2.3333,-137.319905
25.6667,2.3333,-49.536531
25.8333,2.3333,18.143305
26.0000,2.3333,69.304648
26.1667,2.3333,106.962299
26.3333,2.3333,133.551410
26.5000,2.3333,151.050019
26.6667,2.3333,161.204127
26.8333,2.3333,165.715449
27.0000,2.3333,166.265974
27.1667,2.3333,164.375702
27.3333,2.3333,161.207889
27.5000,2.3333,157.455098
27.6667,2.3333,153.362966
27.8333,2.3333,148.855762
28.0000,2.3333,143.689916
28.1667,2.3333,137.584848
28.3333,2.3333,130.319657
28.5000,2.3333,121.800500
28.6667,2.3333,112.096676
28.8333,2.3333,101.436915
29.0000,2.3333,90.165511
29.1667,2.3333,78.674108
29.3333,2.3333,67.333875
29.5000,2.3333,56.447948
29.6667,2.3333,46.230982
29.8333,2.3333,36.811190
30.0000,2.3333,28.245303
0.0000,2.5000,-19.433491
0.1667,2.5000,-20.359900
0.3333,2.5000,-21.378634
0.5000,2.5000,-22.491360
0.6667,2.5000,-23.696333
0.8333,2.5000,-24.987475
1.0000,2.5000,-26.354037
1.1667,2.5000,-27.781663
1.3333,2.5000,-29.255899
1.5000,2.5000,-30.768892
1.6667,2.5000,-32.328825
1.8333,2.5000,-33.969283
2.0000,2.5000,-35.753101
2.1667,2.5000,-37.764389
2.3333,2.5000,-40.085503
2.5000,2.5000,-42.763144
2.6667,2.5000,-45.776229
2.8333,2.5000,-49.022201
3.0000,2.5000,-52.333624
3.1667,2.5000,-55.523745
3.3333,2.5000,-58.444476
3.5000,2.5000,-61.031594
3.6667,2.5000,-63.316107
3.8333,2.5000,-65.396839
4.0000,2.5000,-67.388943
4.1667,2.5000,-69.374585
4.3333,2.5000,-71.377896
4.5000,2.5000,-73.369263
4.6667,2.5000,-75.286353
4.8333,2.5000,-77.053993
5.0000,2.5000,-78.594855
5.1667,2.5000,-79.836918
5.3333,2.5000,-80.727267
5.5000,2.5000,-81.251191
5.6667,2.5000,-81.442244
5.8333,2.5000,-81.368594
6.0000,2.5000,-81.096062
6.1667,2.5000,-80.645551
6.3333,2.5000,-79.966634
6.5000,2.5000,-78.938122
6.6667,2.5000,-77.392554
6.8333,2.5000,-75.155961
7.0000,2.5000,-72.096163
7.1667,2.5000,-68.173312
7.3333,2.5000,-63.481127
7.5000,2.5000,-58.261624
7.6667,2.5000,-52.879312
7.8333,2.5000,-47.755613
8.0000,2.5000,-43.283355
8.1667,2.5000,-39.752158
8.3333,2.5000,-37.311249
8.5000,2.5000,-35.979994
8.6667,2.5000,-35.698406
8.8333,2.5000,-36.397715
9.0000,2.5000,-38.065836
9.1667,2.5000,-40.782662
9.3333,2.5000,-44.706549
9.5000,2.5000,-50.008217
9.6667,2.5000,-56.769074
9.8333,2.5000,-64.878591
10.0000,2.5000,-73.969697
10.1667,2.5000,-83.418973
10.3333,2.5000,-92.416291
10.5000,2.5000,-100.088481
10.6667,2.5000,-105.650771
10.8333,2.5000,-108.555938
11.0000,2.5000,-108.608092
11.1667,2.5000,-106.007586
11.3333,2.5000,-101.305807
11.5000,2.5000,-95.278039
11.6667,2.5000,-88.756428
11.8333,2.5000,-82.480380
12.0000,2.5000,-77.005487
12.1667,2.5000,-72.675923
12.3333,2.5000,-69.636569
12.5000,2.5000,-67.858634
12.6667,2.5000,-67.169793
12.8333,2.5000,-67.293466
13.0000,2.5000,-67.896926
13.1667,2.5000,-68.632755
13.3333,2.5000,-69.154309
13.5000,2.5000,-69.103110
13.6667,2.5000,-68.090319
13.8333,2.5000,-65.702355
14.0000,2.5000,-61.543562
14.1667,2.5000,-55.301288
14.3333,2.5000,-46.803337
14.5000,2.5000,-36.043366
14.6667,2.5000,-23.167111
14.8333,2.5000,-8.427211
15.0000,2.5000,7.878406
15.1667,2.5000,25.465568
15.3333,2.5000,44.096578
15.5000,2.5000,63.563475
15.6667,2.5000,83.616125
15.8333,2.5000,103.864878
16.0000,2.5000,123.721448
16.1667,2.5000,142.441159
16.3333,2.5000,159.277180
16.5000,2.5000,173.677477
16.6667,2.5000,185.406850
16.8333,2.5000,194.507264
17.0000,2.5000,201.107783
17.1667,2.5000,205.186185
17.3333,2.5000,206.391551
17.5000,2.5000,203.957926
17.6667,2.5000,196.651718
17.8333,2.5000,182.685942
18.0000,2.5000,159.610066
18.1667,2.5000,124.261195
18.3333,2.5000,72.847244
18.5000,2.5000,1.124165
18.6667,2.5000,-95.473041
18.8333,2.5000,-221.875823
19.0000,2.5000,-383.613638
19.1667,2.5000,-587.142744
19.3333,2.5000,-840.250772
19.5000,2.5000,-1152.733991
19.6667,2.5000,-1537.704808
19.8333,2.5000,-2013.731454
20.0000,2.5000,-2607.439332
20.1667,2.5000,-3355.383384
20.3333,2.5000,-4303.293721
20.5000,2.5000,-5500.609482
20.6667,2.5000,-6988.944210
20.8333,2.5000,-8785.021786
21.0000,2.5000,-10861.419362
21.1667,2.5000,-13131.097770
21.3333,2.5000,-15442.698199
21.5000,2.5000,-17591.927225
21.6667,2.5000,-19350.184467
21.8333,2.5000,-20505.992337
22.0000,2.5000,-20909.350301
22.1667,2.5000,-20506.043695
22.3333,2.5000,-19350.544293
22.5000,2.5000,-17592.959789
22.6667,2.5000,-15444.635430
22.8333,2.5000,-13133.808963
23.0000,2.5000,-10864.289811
23.1667,2.5000,-8787.001968
23.3333,2.5000,-6988.768271
23.5000,2.5000,-5497.117767
23.6667,2.5000,-4295.751852
23.8333,2.5000,-3343.685377
24.0000,2.5000,-2592.119624
24.1667,2.5000,-1995.780279
24.3333,2.5000,-1518.255204
24.5000,2.5000,-1132.732028
24.6667,2.5000,-820.213600
24.8333,2.5000,-567.060876
25.0000,2.5000,-362.994604
25.1667,2.5000,-199.885420
25.3333,2.5000,-71.120430
25.5000,2.5000,28.796158
25.6667,2.5000,104.581791
25.8333,2.5000,160.419845
26.0000,2.5000,200.030627
26.1667,2.5000,226.605121
26.3333,2.5000,242.750812
26.5000,2.5000,250.575322
26.6667,2.5000,251.892331
26.8333,2.5000,248.410247
27.0000,2.5000,241.769735
27.1667,2.5000,233.417706
27.3333,2.5000,224.427050
27.5000,2.5000,215.394388
27.6667,2.5000,206.473307
27.8333,2.5000,197.507281
28.0000,2.5000,188.187802
28.1667,2.5000,178.186701
28.3333,2.5000,167.251888
28.5000,2.5000,155.272486
28.6667,2.5000,142.312134
28.8333,2.5000,128.602070
29.0000,2.5000,114.493590
29.1667,2.5000,100.385986
29.3333,2.5000,86.655439
29.5000,2.5000,73.605358
29.6667,2.5000,61.445231
29.8333,2.5000,50.293123
30.0000,2.5000,40.191795
0.0000,2.6667,-18.603274
0.1667,2.6667,-19.408020
0.3333,2.6667,-20.291276
0.5000,2.6667,-21.255082
0.6667,2.6667,-22.297856
0.8333,2.6667,-23.412535
1.0000,2.6667,-24.584943
1.1667,2.6667,-25.793544
1.3333,2.6667,-27.012292
1.5000,2.6667,-28.218148
1.6667,2.6667,-29.403376
1.8333,2.6667,-30.589654
2.0000,2.6667,-31.837487
2.1667,2.6667,-33.242862
2.3333,2.6667,-34.916271
2.5000,2.6667,-36.947313
2.6667,2.6667,-39.367503
2.8333,2.6667,-42.128742
3.0000,2.6667,-45.110678
3.1667,2.6667,-48.157501
3.3333,2.6667,-51.129538
3.5000,2.6667,-53.946020
3.6667,2.6667,-56.598573
3.8333,2.6667,-59.129927
4.0000,2.6667,-61.591250
4.1667,2.6667,-64.002814
4.3333,2.6667,-66.338642
4.5000,2.6667,-68.538541
4.6667,2.6667,-70.532894
4.8333,2.6667,-72.260716
5.0000,2.6667,-73.672968
5.1667,2.6667,-74.729674
5.3333,2.6667,-75.404460
5.5000,2.6667,-75.698843
5.6667,2.6667,-75.653154
5.8333,2.6667,-75.338159
6.0000,2.6667,-74.824804
6.1667,2.6667,-74.146086
6.3333,2.6667,-73.270051
6.5000,2.6667,-72.094933
6.6667,2.6667,-70.466922
6.8333,2.6667,-68.216499
7.0000,2.6667,-65.208501
7.1667,2.6667,-61.396889
7.3333,2.6667,-56.867538
7.5000,2.6667,-51.848922
7.6667,2.6667,-46.678976
7.8333,2.6667,-41.735074
8.0000,2.6667,-37.352544
8.1667,2.6667,-33.763302
8.3333,2.6667,-31.076394
8.5000,2.6667,-29.302967
8.6667,2.6667,-28.410902
8.8333,2.6667,-28.386240
9.0000,2.6667,-29.279420
9.1667,2.6667,-31.219876
9.3333,2.6667,-34.390545
9.5000,2.6667,-38.964396
9.6667,2.6667,-45.017779
9.8333,2.6667,-52.446194
10.0000,2.6667,-60.911276
10.1667,2.6667,-69.840041
10.3333,2.6667,-78.481933
10.5000,2.6667,-86.013517
10.6667,2.6667,-91.671042
10.8333,2.6667,-94.886144
11.0000,2.6667,-95.395461
11.1667,2.6667,-93.292999
11.3333,2.6667,-89.004046
11.5000,2.6667,-83.185214
11.6667,2.6667,-76.584999
11.8333,2.6667,-69.912585
12.0000,2.6667,-63.748974
12.1667,2.6667,-58.504919
12.3333,2.6667,-54.408588
12.5000,2.6667,-51.507000
12.6667,2.6667,-49.680709
12.8333,2.6667,-48.679461
13.0000,2.6667,-48.175637
13.1667,2.6667,-47.813894
13.3333,2.6667,-47.232135
13.5000,2.6667,-46.050027
13.6667,2.6667,-43.849857
13.8333,2.6667,-40.184380
14.0000,2.6667,-34.626853
14.1667,2.6667,-26.846279
14.3333,2.6667,-16.672000
14.5000,2.6667,-4.118173
14.6667,2.6667,10.639700
14.8333,2.6667,27.324407
15.0000,2.6667,45.631987
15.1667,2.6667,65.298603
15.3333,2.6667,86.134413
15.5000,2.6667,108.002900
15.6667,2.6667,130.742332
15.8333,2.6667,154.060508
16.0000,2.6667,177.466472
16.1667,2.6667,200.302091
16.3333,2.6667,221.885461
16.5000,2.6667,241.700665
16.6667,2.6667,259.520706
16.8333,2.6667,275.378132
17.0000,2.6667,289.389665
17.1667,2.6667,301.527636
17.3333,2.6667,311.440613
17.5000,2.6667,318.355353
17.6667,2.6667,321.013241
17.8333,2.6667,317.584890
18.0000,2.6667,305.573112
18.1667,2.6667,281.780605
18.3333,2.6667,242.400281
18.5000,2.6667,183.184122
18.6667,2.6667,99.554385
18.8333,2.6667,-13.463327
19.0000,2.6667,-161.487301
19.1667,2.6667,-351.118479
19.3333,2.6667,-590.356696
19.5000,2.6667,-889.302247
19.6667,2.6667,-1261.509705
19.8333,2.6667,-1726.197037
20.0000,2.6667,-2310.924849
20.1667,2.6667,-3053.519476
20.3333,2.6667,-4001.288556
20.5000,2.6667,-5205.388138
20.6667,2.6667,-6708.954167
20.8333,2.6667,-8529.564117
21.0000,2.6667,-10639.467542
21.1667,2.6667,-12949.730126
21.3333,2.6667,-15305.444591
21.5000,2.6667,-17497.444817
21.6667,2.6667,-19291.674573
21.8333,2.6667,-20471.631858
22.0000,2.6667,-20883.764481
22.1667,2.6667,-20472.560187
22.3333,2.6667,-19293.737371
22.5000,2.6667,-17500.906008
22.6667,2.6667,-15310.393818
22.8333,2.6667,-12955.871230
23.0000,2.6667,-10646.028892
23.1667,2.6667,-8535.385776
23.3333,2.6667,-6712.736269
23.5000,2.6667,-5206.020400
23.6667,2.6667,-3998.147885
23.8333,2.6667,-3046.631626
24.0000,2.6667,-2300.932419
24.1667,2.6667,-1714.143815
24.3333,2.6667,-1248.515613
24.5000,2.6667,-876.238235
24.6667,2.6667,-577.620948
24.8333,2.6667,-338.570285
25.0000,2.6667,-148.534573
25.1667,2.6667,0.750542
25.3333,2.6667,115.939531
25.5000,2.6667,202.528551
25.6667,2.6667,265.247784
25.8333,2.6667,308.342697
26.0000,2.6667,335.651442
26.1667,2.6667,350.515706
26.3333,2.6667,355.689460
26.5000,2.6667,353.389601
26.6667,2.6667,345.484145
26.8333,2.6667,333.679562
27.0000,2.6667,319.567933
27.1667,2.6667,304.514970
27.3333,2.6667,289.494016
27.5000,2.6667,274.996693
27.6667,2.6667,261.077153
27.8333,2.6667,247.493324
28.0000,2.6667,233.869791
28.1667,2.6667,219.831110
28.3333,2.6667,205.095714
28.5000,2.6667,189.537762
28.6667,2.6667,173.216733
28.8333,2.6667,156.366734
29.0000,2.6667,139.345206
29.1667,2.6667,122.557378
29.3333,2.6667,106.382378
29.5000,2.6667,91.121900
29.6667,2.6667,76.978605
29.8333,2.6667,64.059151
30.0000,2.6667,52.391417
0.0000,2.8333,-17.753917
0.1667,2.8333,-18.441550
0.3333,2.8333,-19.196102
0.5000,2.8333,-20.020417
0.6667,2.8333,-20.913497
0.8333,2.8333,-21.867709
1.0000,2.8333,-22.865853
1.1667,2.8333,-23.879575
1.3333,2.8333,-24.871448
1.5000,2.8333,-25.803111
1.6667,2.8333,-26.650218
1.8333,2.8333,-27.421164
2.0000,2.8333,-28.172070
2.1667,2.8333,-29.008227
2.3333,2.8333,-30.065441
2.5000,2.8333,-31.473423
2.6667,2.8333,-33.313789
2.8333,2.8333,-35.590841
3.0000,2.8333,-38.229851
3.1667,2.8333,-41.105382
3.3333,2.8333,-44.087187
3.5000,2.8333,-47.081459
3.6667,2.8333,-50.046928
3.8333,2.8333,-52.978965
4.0000,2.8333,-55.873397
4.1667,2.8333,-58.693824
4.3333,2.8333,-61.363048
4.5000,2.8333,-63.781920
4.6667,2.8333,-65.859991
4.8333,2.8333,-67.536575
5.0000,2.8333,-68.782771
5.1667,2.8333,-69.592872
5.3333,2.8333,-69.980392
5.5000,2.8333,-69.983547
5.6667,2.8333,-69.669737
5.8333,2.8333,-69.124978
6.0000,2.8333,-68.425849
6.1667,2.8333,-67.605938
6.3333,2.8333,-66.632860
6.5000,2.8333,-65.405113
6.6667,2.8333,-63.769976
6.8333,2.8333,-61.560306
7.0000,2.8333,-58.645784
7.1667,2.8333,-54.987476
7.3333,2.8333,-50.676165
7.5000,2.8333,-45.934085
7.6667,2.8333,-41.072363
7.8333,2.8333,-36.417472
8.0000,2.8333,-32.236611
8.1667,2.8333,-28.692951
8.3333,2.8333,-25.846520
8.5000,2.8333,-23.694643
8.6667,2.8333,-22.229976
8.8333,2.8333,-21.491004
9.0000,2.8333,-21.587450
9.1667,2.8333,-22.693949
9.3333,2.8333,-25.013939
9.5000,2.8333,-28.720917
9.6667,2.8333,-33.888478
9.8333,2.8333,-40.425062
10.0000,2.8333,-48.032147
10.1667,2.8333,-56.201795
10.3333,2.8333,-64.260001
10.5000,2.8333,-71.450617
10.6667,2.8333,-77.045802
10.8333,2.8333,-80.463775
11.0000,2.8333,-81.369981
11.1667,2.8333,-79.735343
11.3333,2.8333,-75.832403
11.5000,2.8333,-70.169936
11.6667,2.8333,-63.389889
11.8333,2.8333,-56.161089
12.0000,2.8333,-49.094429
12.1667,2.8333,-42.683740
12.3333,2.8333,-37.263794
12.5000,2.8333,-32.981741
12.6667,2.8333,-29.791186
12.8333,2.8333,-27.480351
13.0000,2.8333,-25.729107
13.1667,2.8333,-24.167860
13.3333,2.8333,-22.407908
13.5000,2.8333,-20.036472
13.6667,2.8333,-16.601822
13.8333,2.8333,-11.625891
14.0000,2.8333,-4.661146
14.1667,2.8333,4.627411
14.3333,2.8333,16.395569
14.5000,2.8333,30.601312
14.6667,2.8333,47.040817
14.8333,2.8333,65.422100
15.0000,2.8333,85.449985
15.1667,2.8333,106.896626
15.3333,2.8333,129.633964
15.5000,2.8333,153.609506
15.6667,2.8333,178.763760
15.8333,2.8333,204.919680
16.0000,2.8333,231.705407
16.1667,2.8333,258.571823
16.3333,2.8333,284.919070
16.5000,2.8333,310.272852
16.6667,2.8333,334.405061
16.8333,2.8333,357.316482
17.0000,2.8333,379.082449
17.1667,2.8333,399.641732
17.3333,2.8333,418.620399
17.5000,2.8333,435.223013
17.6667,2.8333,448.156322
17.8333,2.8333,455.542833
18.0000,2.8333,454.837900
18.1667,2.8333,442.816479
18.3333,2.8333,415.672457
18.5000,2.8333,369.179053
18.6667,2.8333,298.779427
18.8333,2.8333,199.498620
19.0000,2.8333,65.681912
19.1667,2.8333,-109.354333
19.3333,2.8333,-333.754701
19.5000,2.8333,-617.856169
19.6667,2.8333,-975.588045
19.8333,2.8333,-1426.737508
20.0000,2.8333,-1999.680743
20.1667,2.8333,-2733.328222
20.3333,2.8333,-3676.297888
20.5000,2.8333,-4881.139131
20.6667,2.8333,-6392.201802
20.8333,2.8333,-8227.738535
21.0000,2.8333,-10359.756716
21.1667,2.8333,-12697.886526
21.3333,2.8333,-15084.545364
21.5000,2.8333,-17306.914511
21.6667,2.8333,-19126.870550
21.8333,2.8333,-20324.184805
22.0000,2.8333,-20742.683421
22.1667,2.8333,-20325.904793
22.3333,2.8333,-19130.497328
22.5000,2.8333,-17312.666965
22.6667,2.8333,-15092.435361
22.8333,2.8333,-12707.508083
23.0000,2.8333,-10370.210629
23.1667,2.8333,-8237.745655
23.3333,2.8333,-6400.379137
23.5000,2.8333,-4886.345610
23.6667,2.8333,-3677.929648
23.8333,2.8333,-2731.463089
24.0000,2.8333,-1995.025389
24.1667,2.8333,-1420.397170
24.3333,2.8333,-968.735346
24.5000,2.8333,-611.404643
24.6667,2.8333,-328.135370
24.8333,2.8333,-104.453641
25.0000,2.8333,70.423486
25.1667,2.8333,204.884627
25.3333,2.8333,305.639721
25.5000,2.8333,378.209624
25.6667,2.8333,427.353211
25.8333,2.8333,457.371652
26.0000,2.8333,472.190342
26.1667,2.8333,475.256562
26.3333,2.8333,469.425414
26.5000,2.8333,456.988425
26.6667,2.8333,439.847791
26.8333,2.8333,419.699922
27.0000,2.8333,398.087016
27.1667,2.8333,376.294503
27.3333,2.8333,355.196949
27.5000,2.8333,335.181355
27.6667,2.8333,316.203190
27.8333,2.8333,297.936683
28.0000,2.8333,279.942577
28.1667,2.8333,261.802045
28.3333,2.8333,243.208044
28.5000,2.8333,224.023068
28.6667,2.8333,204.304328
28.8333,2.8333,184.288944
29.0000,2.8333,164.339056
29.1667,2.8333,144.863346
29.3333,2.8333,126.241084
29.5000,2.8333,108.769718
29.6667,2.8333,92.643165
29.8333,2.8333,77.955454
30.0000,2.8333,64.718991
0.0000,3.0000,-16.911285
0.1667,3.0000,-17.492172
0.3333,3.0000,-18.131323
0.5000,3.0000,-18.832660
0.6667,3.0000,-19.595955
0.8333,3.0000,-20.413153
1.0000,3.0000,-21.264259
1.1667,3.0000,-22.114557
1.3333,3.0000,-22.916010
1.5000,3.0000,-23.615935
1.6667,3.0000,-24.174235
1.8333,3.0000,-24.586181
2.0000,3.0000,-24.902320
2.1667,3.0000,-25.234284
2.3333,3.0000,-25.738434
2.5000,3.0000,-26.578611
2.6667,3.0000,-27.880314
2.8333,3.0000,-29.694933
3.0000,3.0000,-31.989856
3.1667,3.0000,-34.668945
3.3333,3.0000,-37.613168
3.5000,3.0000,-40.720709
3.6667,3.0000,-43.925853
3.8333,3.0000,-47.187954
4.0000,3.0000,-50.460020
4.1667,3.0000,-53.659686
4.3333,3.0000,-56.663746
4.5000,3.0000,-59.330912
4.6667,3.0000,-61.537855
4.8333,3.0000,-63.206495
5.0000,3.0000,-64.310976
5.1667,3.0000,-64.870242
5.3333,3.0000,-64.939554
5.5000,3.0000,-64.606214
5.6667,3.0000,-63.982007
5.8333,3.0000,-63.182881
6.0000,3.0000,-62.296995
6.1667,3.0000,-61.353784
6.3333,3.0000,-60.307923
6.5000,3.0000,-59.044382
6.6667,3.0000,-57.403450
6.8333,3.0000,-55.222144
7.0000,3.0000,-52.386088
7.1667,3.0000,-48.879140
7.3333,3.0000,-44.810979
7.5000,3.0000,-40.405132
7.6667,3.0000,-35.945457
7.8333,3.0000,-31.700601
8.0000,3.0000,-27.859344
8.1667,3.0000,-24.505457
8.3333,3.0000,-21.640628
8.5000,3.0000,-19.240400
8.6667,3.0000,-17.314348
8.8333,3.0000,-15.944402
9.0000,3.0000,-15.289529
9.1667,3.0000,-15.560487
9.3333,3.0000,-16.976035
9.5000,3.0000,-19.711013
9.6667,3.0000,-23.842962
9.8333,3.0000,-29.303663
10.0000,3.0000,-35.845828
10.1667,3.0000,-43.037346
10.3333,3.0000,-50.291231
10.5000,3.0000,-56.929935
10.6667,3.0000,-62.273881
10.8333,3.0000,-65.738962
11.0000,3.0000,-66.924901
11.1667,3.0000,-65.675528
11.3333,3.0000,-62.096621
11.5000,3.0000,-56.529008
11.6667,3.0000,-49.488556
11.8333,3.0000,-41.591114
12.0000,3.0000,-33.475309
12.1667,3.0000,-25.726346
12.3333,3.0000,-18.801505
12.5000,3.0000,-12.966995
12.6667,3.0000,-8.266277
12.8333,3.0000,-4.536333
13.0000,3.0000,-1.466036
13.1667,3.0000,1.334705
13.3333,3.0000,4.291126
13.5000,3.0000,7.856656
13.6667,3.0000,12.519240
13.8333,3.0000,18.782765
14.0000,3.0000,27.105695
14.1667,3.0000,37.816975
14.3333,3.0000,51.052213
14.5000,3.0000,66.743907
14.6667,3.0000,84.669566
14.8333,3.0000,104.535705
15.0000,3.0000,126.067734
15.1667,3.0000,149.080369
15.3333,3.0000,173.508434
15.5000,3.0000,199.382387
15.6667,3.0000,226.746443
15.8333,3.0000,255.545856
16.0000,3.0000,285.540532
16.1667,3.0000,316.305420
16.3333,3.0000,347.335769
16.5000,3.0000,378.206208
16.6667,3.0000,408.686713
16.8333,3.0000,438.736793
17.0000,3.0000,468.373246
17.1667,3.0000,497.479206
17.3333,3.0000,525.634915
17.5000,3.0000,552.001821
17.6667,3.0000,575.236040
17.8333,3.0000,593.402029
18.0000,3.0000,603.904092
18.1667,3.0000,603.492499
18.3333,3.0000,588.372482
18.5000,3.0000,554.357239
18.6667,3.0000,496.939227
18.8333,3.0000,411.182314
19.0000,3.0000,291.446220
19.1667,3.0000,131.025085
19.3333,3.0000,-78.305318
19.5000,3.0000,-347.054517
19.6667,3.0000,-689.464334
19.8333,3.0000,-1125.821834
20.0000,3.0000,-1685.223311
20.1667,3.0000,-2407.520629
20.3333,3.0000,-3342.443049
20.5000,3.0000,-4543.696174
20.6667,3.0000,-6056.622061
20.8333,3.0000,-7900.027199
21.0000,3.0000,-10045.753170
21.1667,3.0000,-12402.347149
21.3333,3.0000,-14810.205580
21.5000,3.0000,-17053.762197
21.6667,3.0000,-18891.850831
21.8333,3.0000,-20101.471494
22.0000,3.0000,-20524.515354
22.1667,3.0000,-20103.835154
22.3333,3.0000,-18896.788355
22.5000,3.0000,-17061.521544
22.6667,3.0000,-14820.806055
22.8333,3.0000,-12415.344773
23.0000,3.0000,-10060.157020
23.1667,3.0000,-7914.424719
23.3333,3.0000,-6069.482506
23.5000,3.0000,-4553.747754
23.6667,3.0000,-3348.993230
23.8333,3.0000,-2410.615204
24.0000,3.0000,-1685.599551
24.1667,3.0000,-1124.678398
24.3333,3.0000,-688.124136
24.5000,3.0000,-346.623444
24.6667,3.0000,-79.424721
24.8333,3.0000,128.269005
25.0000,3.0000,287.449003
25.1667,3.0000,406.636529
25.3333,3.0000,492.628035
25.5000,3.0000,551.005212
25.6667,3.0000,586.575823
25.8333,3.0000,603.687015
26.0000,3.0000,606.311962
26.1667,3.0000,597.947190
26.3333,3.0000,581.492926
26.5000,3.0000,559.272593
26.6667,3.0000,533.197802
26.8333,3.0000,504.945861
27.0000,3.0000,476.010471
27.1667,3.0000,447.603615
27.3333,3.0000,420.510158
27.5000,3.0000,395.022272
27.6667,3.0000,371.006577
27.8333,3.0000,348.063008
28.0000,3.0000,325.696979
28.1667,3.0000,303.453450
28.3333,3.0000,281.005349
28.5000,3.0000,258.206929
28.6667,3.0000,235.114355
28.8333,3.0000,211.966869
29.0000,3.0000,189.128763
29.1667,3.0000,167.008740
29.3333,3.0000,145.982705
29.5000,3.0000,126.340935
29.6667,3.0000,108.266590
29.8333,3.0000,91.840035
30.0000,3.0000,77.057986
0.0000,3.1667,-16.096353
0.1667,3.1667,-16.585381
0.3333,3.1667,-17.127448
0.5000,3.1667,-17.727669
0.6667,3.1667,-18.386528
0.8333,3.1667,-19.095371
1.0000,3.1667,-19.831310
1.1667,3.1667,-20.553542
1.3333,3.1667,-21.204345
1.5000,3.1667,-21.718322
1.6667,3.1667,-22.041524
1.8333,3.1667,-22.157343
2.0000,3.1667,-22.110173
2.1667,3.1667,-22.014627
2.3333,3.1667,-22.041320
2.5000,3.1667,-22.379883
2.6667,3.1667,-23.191107
2.8333,3.1667,-24.566651
3.0000,3.1667,-26.512527
3.1667,3.1667,-28.962304
3.3333,3.1667,-31.812157
3.5000,3.1667,-34.959098
3.6667,3.1667,-38.322065
3.8333,3.1667,-41.835503
4.0000,3.1667,-45.422239
4.1667,3.1667,-48.966507
4.3333,3.1667,-52.308355
4.5000,3.1667,-55.266211
4.6667,3.1667,-57.675542
4.8333,3.1667,-59.423203
5.0000,3.1667,-60.464559
5.1667,3.1667,-60.824713
5.3333,3.1667,-60.591758
5.5000,3.1667,-59.904590
5.6667,3.1667,-58.930161
5.8333,3.1667,-57.827075
6.0000,3.1667,-56.703480
6.1667,3.1667,-55.585593
6.3333,3.1667,-54.410046
6.5000,3.1667,-53.042302
6.6667,3.1667,-51.314820
6.8333,3.1667,-49.076499
7.0000,3.1667,-46.244084
7.1667,3.1667,-42.841914
7.3333,3.1667,-39.012749
7.5000,3.1667,-34.987918
7.6667,3.1667,-31.022119
7.8333,3.1667,-27.318031
8.0000,3.1667,-23.974993
8.1667,3.1667,-20.986247
8.3333,3.1667,-18.285067
8.5000,3.1667,-15.815540
8.6667,3.1667,-13.593375
8.8333,3.1667,-11.731129
9.0000,3.1667,-10.423298
9.1667,3.1667,-9.905350
9.3333,3.1667,-10.405990
9.5000,3.1667,-12.104022
9.6667,3.1667,-15.090220
9.8333,3.1667,-19.331644
10.0000,3.1667,-24.642338
10.1667,3.1667,-30.672032
10.3333,3.1667,-36.923926
10.5000,3.1667,-42.803206
10.6667,3.1667,-47.687185
10.8333,3.1667,-51.002959
11.0000,3.1667,-52.299446
11.1667,3.1667,-51.304144
11.3333,3.1667,-47.958462
11.5000,3.1667,-42.428675
11.6667,3.1667,-35.091924
11.8333,3.1667,-26.497164
12.0000,3.1667,-17.300087
12.1667,3.1667,-8.172722
12.3333,3.1667,0.303054
12.5000,3.1667,7.735074
12.6667,3.1667,13.981790
12.8333,3.1667,19.151625
13.0000,3.1667,23.545482
13.1667,3.1667,27.576903
13.3333,3.1667,31.711850
13.5000,3.1667,36.446037
13.6667,3.1667,42.300377
13.8333,3.1667,49.797209
14.0000,3.1667,59.398201
14.1667,3.1667,71.423034
14.3333,3.1667,85.991726
14.5000,3.1667,103.023436
14.6667,3.1667,122.292722
14.8333,3.1667,143.517813
15.0000,3.1667,166.450120
15.1667,3.1667,190.942620
15.3333,3.1667,216.981505
15.5000,3.1667,244.666973
15.6667,3.1667,274.137500
15.8333,3.1667,305.457598
16.0000,3.1667,338.521464
16.1667,3.1667,373.033696
16.3333,3.1667,408.591387
16.5000,3.1667,444.825361
16.6667,3.1667,481.510795
16.8333,3.1667,518.570446
17.0000,3.1667,555.960726
17.1667,3.1667,593.498276
17.3333,3.1667,630.698766
17.5000,3.1667,666.658661
17.6667,3.1667,699.964094
17.8333,3.1667,728.607980
18.0000,3.1667,749.936166
18.1667,3.1667,760.671997
18.3333,3.1667,757.035480
18.5000,3.1667,734.891468
18.6667,3.1667,689.804847
18.8333,3.1667,616.914507
19.0000,3.1667,510.642536
19.1667,3.1667,364.316401
19.3333,3.1667,169.690051
19.5000,3.1667,-83.862551
19.6667,3.1667,-410.841076
19.8333,3.1667,-831.972111
20.0000,3.1667,-1376.993118
20.1667,3.1667,-2086.586556
20.3333,3.1667,-3011.445982
20.5000,3.1667,-4206.264246
20.6667,3.1667,-5717.223121
20.8333,3.1667,-7563.606351
21.0000,3.1667,-9717.155812
21.1667,3.1667,-12085.597109
21.3333,3.1667,-14507.777846
21.5000,3.1667,-16766.029142
21.6667,3.1667,-18616.867293
21.8333,3.1667,-19835.195663
22.0000,3.1667,-20261.456822
22.1667,3.1667,-19838.009280
22.3333,3.1667,-18622.772015
22.5000,3.1667,-16775.377719
22.6667,3.1667,-14520.683495
22.8333,3.1667,-12101.650254
23.0000,3.1667,-9735.310057
23.1667,3.1667,-7582.302922
23.3333,3.1667,-5734.722833
23.5000,3.1667,-4221.072579
23.6667,3.1667,-3022.686516
23.8333,3.1667,-2094.205835
24.0000,3.1667,-1381.744300
24.1667,3.1667,-835.196048
24.3333,3.1667,-414.119202
24.5000,3.1667,-88.644449
24.6667,3.1667,162.383345
24.8333,3.1667,354.042507
25.0000,3.1667,497.522840
25.1667,3.1667,601.495578
25.3333,3.1667,672.878037
25.5000,3.1667,717.347098
25.6667,3.1667,739.775288
25.8333,3.1667,744.542034
26.0000,3.1667,735.626819
26.1667,3.1667,716.518844
26.3333,3.1667,690.107831
26.5000,3.1667,658.706307
26.6667,3.1667,624.209903
26.8333,3.1667,588.267463
27.0000,3.1667,552.326895
27.1667,3.1667,517.537474
27.3333,3.1667,484.609935
27.5000,3.1667,453.759405
27.6667,3.1667,424.781341
27.8333,3.1667,397.217064
28.0000,3.1667,370.529096
28.1667,3.1667,344.234918
28.3333,3.1667,317.992602
28.5000,3.1667,291.650197
28.6667,3.1667,265.262257
28.8333,3.1667,239.067617
29.0000,3.1667,213.428982
29.1667,3.1667,188.750946
29.3333,3.1667,165.402305
29.5000,3.1667,143.663324
29.6667,3.1667,123.704701
29.8333,3.1667,105.592520
30.0000,3.1667,89.308069
0.0000,3.3333,-15.323963
0.1667,3.3333,-15.739092
0.3333,3.3333,-16.205796
0.5000,3.3333,-16.730390
0.6667,3.3333,-17.313814
0.8333,3.3333,-17.946369
1.0000,3.3333,-18.601849
1.1667,3.3333,-19.233337
1.3333,3.3333,-19.774223
1.5000,3.3333,-20.148206
1.6667,3.3333,-20.289907
1.8333,3.3333,-20.172764
2.0000,3.3333,-19.834871
2.1667,3.3333,-19.390271
2.3333,3.3333,-19.016592
2.5000,3.3333,-18.919453
2.6667,3.3333,-19.284925
2.8333,3.3333,-20.237450
3.0000,3.3333,-21.818760
3.1667,3.3333,-23.994367
3.3333,3.3333,-26.681948
3.5000,3.3333,-29.785748
3.6667,3.3333,-33.218290
3.8333,3.3333,-36.898239
4.0000,3.3333,-40.728248
4.1667,3.3333,-44.570226
4.3333,3.3333,-48.237871
4.5000,3.3333,-51.515203
4.6667,3.3333,-54.193854
4.8333,3.3333,-56.113124
5.0000,3.3333,-57.190095
5.1667,3.3333,-57.435543
5.3333,3.3333,-56.955146
5.5000,3.3333,-55.932786
5.6667,3.3333,-54.591930
5.8333,3.3333,-53.139320
6.0000,3.3333,-51.708137
6.1667,3.3333,-50.323357
6.3333,3.3333,-48.903343
6.5000,3.3333,-47.295458
6.6667,3.3333,-45.331613
6.8333,3.3333,-42.887431
7.0000,3.3333,-39.930794
7.1667,3.3333,-36.546309
7.3333,3.3333,-32.923678
7.5000,3.3333,-29.306752
7.6667,3.3333,-25.916903
7.8333,3.3333,-22.880788
8.0000,3.3333,-20.196157
8.1667,3.3333,-17.754289
8.3333,3.3333,-15.410130
8.5000,3.3333,-13.066882
8.6667,3.3333,-10.735688
8.8333,3.3333,-8.546986
9.0000,3.3333,-6.717346
9.1667,3.3333,-5.496096
9.3333,3.3333,-5.117216
9.5000,3.3333,-5.766495
9.6667,3.3333,-7.556808
9.8333,3.3333,-10.500539
10.0000,3.3333,-14.479291
10.1667,3.3333,-19.224626
10.3333,3.3333,-24.325544
10.5000,3.3333,-29.266600
10.6667,3.3333,-33.485662
10.8333,3.3333,-36.434848
11.0000,3.3333,-37.634568
11.1667,3.3333,-36.721019
11.3333,3.3333,-33.491832
11.5000,3.3333,-27.949251
11.6667,3.3333,-20.329886
11.8333,3.3333,-11.103170
12.0000,3.3333,-0.922826
12.1667,3.3333,9.472141
12.3333,3.3333,19.391198
12.5000,3.3333,28.325908
12.6667,3.3333,36.040407
12.8333,3.3333,42.588309
13.0000,3.3333,48.258045
13.1667,3.3333,53.483126
13.3333,3.3333,58.765119
13.5000,3.3333,64.634609
13.6667,3.3333,71.636335
13.8333,3.3333,80.302826
14.0000,3.3333,91.095633
14.1667,3.3333,104.330194
14.3333,3.3333,120.124620
14.5000,3.3333,138.403338
14.6667,3.3333,158.954925
14.8333,3.3333,181.518204
15.0000,3.3333,205.867860
15.1667,3.3333,231.881706
15.3333,3.3333,259.577732
15.5000,3.3333,289.105952
15.6667,3.3333,320.682986
15.8333,3.3333,354.481342
16.0000,3.3333,390.521870
16.1667,3.3333,428.633747
16.3333,3.3333,468.514484
16.5000,3.3333,509.855855
16.6667,3.3333,552.450170
16.8333,3.3333,596.199243
17.0000,3.3333,641.011733
17.1667,3.3333,686.640586
17.3333,3.3333,732.528039
17.5000,3.3333,777.689071
17.6667,3.3333,820.622097
17.8333,3.3333,859.233823
18.0000,3.3333,890.800636
18.1667,3.3333,912.010842
18.3333,3.3333,919.095210
18.5000,3.3333,907.974489
18.6667,3.3333,874.302969
18.8333,3.3333,813.325467
19.0000,3.3333,719.567900
19.1667,3.3333,586.437094
19.3333,3.3333,405.710903
19.5000,3.3333,166.691181
19.6667,3.3333,-145.333056
19.8333,3.3333,-551.472607
20.0000,3.3333,-1082.034430
20.1667,3.3333,-1778.438193
20.3333,3.3333,-2692.227752
20.5000,3.3333,-3878.961038
20.6667,3.3333,-5385.556130
20.8333,3.3333,-7231.728987
21.0000,3.3333,-9389.178748
21.1667,3.3333,-11765.001695
21.3333,3.3333,-14196.831794
21.5000,3.3333,-16465.347609
21.6667,3.3333,-18325.248826
21.8333,3.3333,-19549.805425
22.0000,3.3333,-19978.344781
22.1667,3.3333,-19552.863474
22.3333,3.3333,-18331.743329
22.5000,3.3333,-16475.793858
22.6667,3.3333,-14211.502552
22.8333,3.3333,-11783.576861
23.0000,3.3333,-9410.585374
23.1667,3.3333,-7254.256594
23.3333,3.3333,-5407.219324
23.5000,3.3333,-3897.985572
23.6667,3.3333,-2707.497959
23.8333,3.3333,-1789.769858
24.0000,3.3333,-1090.205040
24.1667,3.3333,-558.018854
24.3333,3.3333,-152.187870
24.5000,3.3333,157.616237
24.6667,3.3333,392.890474
24.8333,3.3333,568.963775
25.0000,3.3333,697.219389
25.1667,3.3333,786.492589
25.3333,3.3333,843.845115
25.5000,3.3333,875.069475
25.6667,3.3333,885.108233
25.8333,3.3333,878.356813
26.0000,3.3333,858.765311
26.1667,3.3333,829.769629
26.3333,3.3333,794.204042
26.5000,3.3333,754.335030
26.6667,3.3333,712.020968
26.8333,3.3333,668.874966
27.0000,3.3333,626.303899
27.1667,3.3333,585.408401
27.3333,3.3333,546.845335
27.5000,3.3333,510.775753
27.6667,3.3333,476.946112
27.8333,3.3333,444.857618
28.0000,3.3333,413.943147
28.1667,3.3333,383.700448
28.3333,3.3333,353.775716
28.5000,3.3333,324.010169
28.6667,3.3333,294.453756
28.8333,3.3333,265.340642
29.0000,3.3333,237.027341
29.1667,3.3333,209.910145
29.3333,3.3333,184.347444
29.5000,3.3333,160.607356
29.6667,3.3333,138.847166
29.8333,3.3333,119.118742
30.0000,3.3333,101.388768
0.0000,3.5000,-14.601329
0.1667,3.5000,-14.961699
0.3333,3.5000,-15.376031
0.5000,3.5000,-15.851811
0.6667,3.5000,-16.390150
0.8333,3.5000,-16.979815
1.0000,3.5000,-17.590809
1.1667,3.5000,-18.170028
1.3333,3.5000,-18.642739
1.5000,3.5000,-18.923555
1.6667,3.5000,-18.938155
1.8333,3.5000,-18.652020
2.0000,3.5000,-18.096761
2.1667,3.5000,-17.382051
2.3333,3.5000,-16.684762
2.5000,3.5000,-16.215987
2.6667,3.5000,-16.176369
2.8333,3.5000,-16.715287
3.0000,3.5000,-17.907570
3.1667,3.5000,-19.753914
3.3333,3.5000,-22.201140
3.5000,3.5000,-25.169942
3.6667,3.5000,-28.574664
3.8333,3.5000,-32.324657
4.0000,3.5000,-36.308289
4.1667,3.5000,-40.372295
4.3333,3.5000,-44.312802
4.5000,3.5000,-47.887790
4.6667,3.5000,-50.849423
4.8333,3.5000,-52.986983
5.0000,3.5000,-54.169720
5.1667,3.5000,-54.379932
5.3333,3.5000,-53.725839
5.5000,3.5000,-52.423445
5.6667,3.5000,-50.743344
5.8333,3.5000,-48.934004
6.0000,3.5000,-47.149070
6.1667,3.5000,-45.409236
6.3333,3.5000,-43.614632
6.5000,3.5000,-41.600477
6.6667,3.5000,-39.212177
6.8333,3.5000,-36.373519
7.0000,3.5000,-33.128155
7.1667,3.5000,-29.642579
7.3333,3.5000,-26.166676
7.5000,3.5000,-22.959434
7.6667,3.5000,-20.202384
7.8333,3.5000,-17.934525
8.0000,3.5000,-16.039715
8.1667,3.5000,-14.297200
8.3333,3.5000,-12.476202
8.5000,3.5000,-10.432723
8.6667,3.5000,-8.165978
8.8333,3.5000,-5.814930
9.0000,3.5000,-3.608044
9.1667,3.5000,-1.800267
9.3333,3.5000,-0.627242
9.5000,3.5000,-0.283550
9.6667,3.5000,-0.909344
9.8333,3.5000,-2.566753
10.0000,3.5000,-5.204467
10.1667,3.5000,-8.628825
10.3333,3.5000,-12.503294
10.5000,3.5000,-16.381993
10.6667,3.5000,-19.762085
10.8333,3.5000,-22.133095
11.0000,3.5000,-23.013619
11.1667,3.5000,-21.984892
11.3333,3.5000,-18.737904
11.5000,3.5000,-13.138583
11.6667,3.5000,-5.293383
11.8333,3.5000,4.417396
12.0000,3.5000,15.368072
12.1667,3.5000,26.787179
12.3333,3.5000,37.909349
12.5000,3.5000,48.135951
12.6667,3.5000,57.151715
12.8333,3.5000,64.959144
13.0000,3.5000,71.828687
13.1667,3.5000,78.201919
13.3333,3.5000,84.600694
13.5000,3.5000,91.574775
13.6667,3.5000,99.679946
13.8333,3.5000,109.452576
14.0000,3.5000,121.357044
14.1667,3.5000,135.717334
14.3333,3.5000,152.669155
14.5000,3.5000,172.162014
14.6667,3.5000,194.011487
14.8333,3.5000,217.978535
15.0000,3.5000,243.851084
15.1667,3.5000,271.513930
15.3333,3.5000,300.996304
15.5000,3.5000,332.478504
15.6667,3.5000,366.237807
15.8333,3.5000,402.538269
16.0000,3.5000,441.511066
16.1667,3.5000,483.095005
16.3333,3.5000,527.078357
16.5000,3.5000,573.214113
16.6667,3.5000,621.323770
16.8333,3.5000,671.308638
17.0000,3.5000,723.050617
17.1667,3.5000,776.252488
17.3333,3.5000,830.285528
17.5000,3.5000,884.076708
17.6667,3.5000,936.026084
17.8333,3.5000,983.942914
18.0000,3.5000,1025.022924
18.1667,3.5000,1055.908002
18.3333,3.5000,1072.830268
18.5000,3.5000,1071.763892
18.6667,3.5000,1048.461853
18.8333,3.5000,998.296657
19.0000,3.5000,915.927852
19.1667,3.5000,794.873179
19.3333,3.5000,626.964493
19.5000,3.5000,401.462715
19.6667,3.5000,103.484505
19.8333,3.5000,-288.411650
20.0000,3.5000,-805.030851
20.1667,3.5000,-1488.442209
20.3333,3.5000,-2390.942125
20.5000,3.5000,-3568.858158
20.6667,3.5000,-5069.771042
20.8333,3.5000,-6913.803165
21.0000,3.5000,-9072.660492
21.1667,3.5000,-11452.954527
21.3333,3.5000,-13891.346886
21.5000,3.5000,-16167.179442
21.6667,3.5000,-18033.680418
21.8333,3.5000,-19262.800806
22.0000,3.5000,-19692.975572
22.1667,3.5000,-19265.924444
22.3333,3.5000,-18040.420901
22.5000,3.5000,-16178.238276
22.6667,3.5000,-13907.183285
22.8333,3.5000,-11473.361465
23.0000,3.5000,-9096.554193
23.1667,3.5000,-6939.327809
23.3333,3.5000,-5094.694073
23.5000,3.5000,-3591.122595
23.6667,3.5000,-2409.195269
23.8333,3.5000,-1502.383338
24.0000,3.5000,-815.491668
24.1667,3.5000,-297.169033
24.3333,3.5000,94.092454
24.5000,3.5000,389.006404
24.6667,3.5000,609.363086
24.8333,3.5000,770.715667
25.0000,3.5000,884.630979
25.1667,3.5000,960.107989
25.3333,3.5000,1004.355235
25.5000,3.5000,1023.280334
25.6667,3.5000,1021.888679
25.8333,3.5000,1004.576232
26.0000,3.5000,975.240833
26.1667,3.5000,937.237886
26.3333,3.5000,893.319248
26.5000,3.5000,845.683382
26.6667,3.5000,796.138251
26.8333,3.5000,746.258913
27.0000,3.5000,697.419699
27.1667,3.5000,650.689970
27.3333,3.5000,606.695619
27.5000,3.5000,565.567975
27.6667,3.5000,527.026440
27.8333,3.5000,490.548880
28.0000,3.5000,455.548949
28.1667,3.5000,421.509018
28.3333,3.5000,388.062926
28.5000,3.5000,355.041384
28.6667,3.5000,322.484494
28.8333,3.5000,290.616275
29.0000,3.5000,259.782284
29.1667,3.5000,230.366922
29.3333,3.5000,202.715947
29.5000,3.5000,177.084380
29.6667,3.5000,153.616201
29.8333,3.5000,132.349957
30.0000,3.5000,113.239137
0.0000,3.6667,-13.926613
0.1667,3.6667,-14.250041
0.3333,3.6667,-14.633336
0.5000,3.6667,-15.085205
0.6667,3.6667,-15.606839
0.8333,3.6667,-16.185353
1.0000,3.6667,-16.787009
1.1667,3.6667,-17.353016
1.3333,3.6667,-17.801733
1.5000,3.6667,-18.040608
1.6667,3.6667,-17.988493
1.8333,3.6667,-17.604095
2.0000,3.6667,-16.911360
2.1667,3.6667,-16.010918
2.3333,3.6667,-15.070605
2.5000,3.6667,-14.296327
2.6667,3.6667,-13.892633
2.8333,3.6667,-14.026009
3.0000,3.6667,-14.801699
3.1667,3.6667,-16.258743
3.3333,3.6667,-18.380692
3.5000,3.6667,-21.113620
3.6667,3.6667,-24.380793
3.8333,3.6667,-28.086038
4.0000,3.6667,-32.104987
4.1667,3.6667,-36.271315
4.3333,3.6667,-40.368923
4.5000,3.6667,-44.139012
4.6667,3.6667,-47.305712
4.8333,3.6667,-49.618557
5.0000,3.6667,-50.904615
5.1667,3.6667,-51.116412
5.3333,3.6667,-50.355874
5.5000,3.6667,-48.855932
5.6667,3.6667,-46.915169
5.8333,3.6667,-44.803737
6.0000,3.6667,-42.677899
6.1667,3.6667,-40.541574
6.3333,3.6667,-38.272557
6.5000,3.6667,-35.700484
6.6667,3.6667,-32.701668
6.8333,3.6667,-29.273262
7.0000,3.6667,-25.561735
7.1667,3.6667,-21.837500
7.3333,3.6667,-18.422659
7.5000,3.6667,-15.592147
7.6667,3.6667,-13.479911
7.8333,3.6667,-12.025999
8.0000,3.6667,-10.990472
8.1667,3.6667,-10.034816
8.3333,3.6667,-8.840673
8.5000,3.6667,-7.216293
8.6667,3.6667,-5.146928
8.8333,3.6667,-2.775442
9.0000,3.6667,-0.336095
9.1667,3.6667,1.915847
9.3333,3.6667,3.745952
9.5000,3.6667,4.951600
9.6667,3.6667,5.366199
9.8333,3.6667,4.881792
10.0000,3.6667,3.491710
10.1667,3.6667,1.329023
10.3333,3.6667,-1.327794
10.5000,3.6667,-4.089027
10.6667,3.6667,-6.507099
10.8333,3.6667,-8.119863
11.0000,3.6667,-8.472411
11.1667,3.6667,-7.133743
11.3333,3.6667,-3.736199
11.5000,3.6667,1.950541
11.6667,3.6667,9.930440
11.8333,3.6667,19.919233
12.0000,3.6667,31.350341
12.1667,3.6667,43.465218
12.3333,3.6667,55.470479
12.5000,3.6667,66.714417
12.6667,3.6667,76.823297
12.8333,3.6667,85.751992
13.0000,3.6667,93.741874
13.1667,3.6667,101.222316
13.3333,3.6667,108.712318
13.5000,3.6667,116.760730
13.6667,3.6667,125.922004
13.8333,3.6667,136.734565
14.0000,3.6667,149.674918
14.1667,3.6667,165.093336
14.3333,3.6667,183.163557
14.5000,3.6667,203.876034
14.6667,3.6667,227.079024
14.8333,3.6667,252.549883
15.0000,3.6667,280.076118
15.1667,3.6667,309.533473
15.3333,3.6667,340.947903
15.5000,3.6667,374.517026
15.6667,3.6667,410.564515
15.8333,3.6667,449.427690
16.0000,3.6667,491.326021
16.1667,3.6667,536.286092
16.3333,3.6667,584.171120
16.5000,3.6667,634.790394
16.6667,3.6667,688.001863
16.8333,3.6667,743.722647
17.0000,3.6667,801.827164
17.1667,3.6667,861.984272
17.3333,3.6667,923.504415
17.5000,3.6667,985.230952
17.6667,3.6667,1045.466219
17.8333,3.6667,1101.920012
18.0000,3.6667,1151.702238
18.1667,3.6667,1191.399739
18.3333,3.6667,1217.235893
18.5000,3.6667,1225.231294
18.6667,3.6667,1211.238017
18.8333,3.6667,1170.764770
19.0000,3.6667,1098.617844
19.1667,3.6667,988.439246
19.3333,3.6667,832.127979
19.5000,3.6667,618.922418
19.6667,3.6667,333.799090
19.8333,3.6667,-44.961666
20.0000,3.6667,-548.589691
20.1667,3.6667,-1219.715130
20.3333,3.6667,-2111.293788
20.5000,3.6667,-3280.338176
20.6667,3.6667,-4775.031526
20.8333,3.6667,-6615.885374
21.0000,3.6667,-8774.655542
21.1667,3.6667,-11157.582516
21.3333,3.6667,-13600.537103
21.5000,3.6667,-15881.754167
21.6667,3.6667,-17753.233948
21.8333,3.6667,-18985.823475
22.0000,3.6667,-19417.211381
22.1667,3.6667,-18988.888928
22.3333,3.6667,-17759.962386
22.5000,3.6667,-15893.015323
22.6667,3.6667,-13616.957015
22.8333,3.6667,-11179.053874
23.0000,3.6667,-8800.084671
23.1667,3.6667,-6643.291765
23.3333,3.6667,-4801.976371
23.5000,3.6667,-3304.537997
23.6667,3.6667,-2131.221274
23.8333,3.6667,-1235.010857
24.0000,3.6667,-560.182953
24.1667,3.6667,-54.891825
24.3333,3.6667,322.789589
24.5000,3.6667,603.906846
24.6667,3.6667,810.503736
24.8333,3.6667,958.329280
25.0000,3.6667,1059.111635
25.1667,3.6667,1121.992087
25.3333,3.6667,1154.303463
25.5000,3.6667,1162.046957
25.6667,3.6667,1150.274034
25.8333,3.6667,1123.370998
26.0000,3.6667,1085.177924
26.1667,3.6667,1038.965061
26.3333,3.6667,987.395646
26.5000,3.6667,932.593559
26.6667,3.6667,876.313314
26.8333,3.6667,820.096301
27.0000,3.6667,765.297462
27.1667,3.6667,712.974980
27.3333,3.6667,663.746843
27.5000,3.6667,617.736396
27.6667,3.6667,574.653154
27.8333,3.6667,533.962684
28.0000,3.6667,495.064297
28.1667,3.6667,457.424694
28.3333,3.6667,420.661391
28.5000,3.6667,384.588609
28.6667,3.6667,349.230146
28.8333,3.6667,314.794184
29.0000,3.6667,281.611113
29.1667,3.6667,250.050977
29.3333,3.6667,220.446006
29.5000,3.6667,193.038462
29.6667,3.6667,167.960202
29.8333,3.6667,145.238128
30.0000,3.6667,124.814427
0.0000,3.8333,-13.288406
0.1667,3.8333,-13.588502
0.3333,3.8333,-13.957006
0.5000,3.8333,-14.404053
0.6667,3.8333,-14.931270
0.8333,3.8333,-15.524803
1.0000,3.8333,-16.148366
1.1667,3.8333,-16.739302
1.3333,3.8333,-17.211343
1.5000,3.8333,-17.467033
1.6667,3.8333,-17.419794
1.8333,3.8333,-17.021056
2.0000,3.8333,-16.283829
2.1667,3.8333,-15.293328
2.3333,3.8333,-14.199347
2.5000,3.8333,-13.192236
2.6667,3.8333,-12.470624
2.8333,3.8333,-12.210924
3.0000,3.8333,-12.546007
3.1667,3.8333,-13.555491
3.3333,3.8333,-15.265823
3.5000,3.8333,-17.655929
3.6667,3.8333,-20.663593
3.8333,3.8333,-24.188790
4.0000,3.8333,-28.092595
4.1667,3.8333,-32.193334
4.3333,3.8333,-36.264240
4.5000,3.8333,-40.038648
4.6667,3.8333,-43.229653
4.8333,3.8333,-45.569159
5.0000,3.8333,-46.863302
5.1667,3.8333,-47.048263
5.3333,3.8333,-46.220104
5.5000,3.8333,-44.614736
5.6667,3.8333,-42.533265
5.8333,3.8333,-40.236400
6.0000,3.8333,-37.853201
6.1667,3.8333,-35.348589
6.3333,3.8333,-32.567863
6.5000,3.8333,-29.338776
6.6667,3.8333,-25.584661
6.8333,3.8333,-21.399931
7.0000,3.8333,-17.058786
7.1667,3.8333,-12.954910
7.3333,3.8333,-9.492370
7.5000,3.8333,-6.962057
7.6667,3.8333,-5.444057
7.8333,3.8333,-4.772159
8.0000,3.8333,-4.578943
8.1667,3.8333,-4.409978
8.3333,3.8333,-3.865117
8.5000,3.8333,-2.710851
8.6667,3.8333,-0.921300
8.8333,3.8333,1.357955
9.0000,3.8333,3.890354
9.1667,3.8333,6.423816
9.3333,3.8333,8.727918
9.5000,3.8333,10.595749
9.6667,3.8333,11.841709
9.8333,3.8333,12.324883
10.0000,3.8333,11.998398
10.1667,3.8333,10.954719
10.3333,3.8333,9.432676
10.5000,3.8333,7.778631
10.6667,3.8333,6.387952
10.8333,3.8333,5.663576
11.0000,3.8333,6.006301
11.1667,3.8333,7.816468
11.3333,3.8333,11.470212
11.5000,3.8333,17.250230
11.6667,3.8333,25.247553
11.8333,3.8333,35.279479
12.0000,3.8333,46.871473
12.1667,3.8333,59.327712
12.3333,3.8333,71.878619
12.5000,3.8333,83.859730
12.6667,3.8333,94.859454
12.8333,3.8333,104.784476
13.0000,3.8333,113.829755
13.1667,3.8333,122.386287
13.3333,3.8333,130.943884
13.5000,3.8333,140.031025
13.6667,3.8333,150.192344
13.8333,3.8333,161.971628
14.0000,3.8333,175.870370
14.1667,3.8333,192.282738
14.3333,3.8333,211.436492
14.5000,3.8333,233.371590
14.6667,3.8333,257.967493
14.8333,3.8333,285.008629
15.0000,3.8333,314.270635
15.1667,3.8333,345.612066
15.3333,3.8333,379.051968
15.5000,3.8333,414.802262
15.6667,3.8333,453.224580
15.8333,3.8333,494.712315
16.0000,3.8333,539.549272
16.1667,3.8333,587.825247
16.3333,3.8333,639.459643
16.5000,3.8333,694.308354
16.6667,3.8333,752.264561
16.8333,3.8333,813.265729
17.0000,3.8333,877.186430
17.1667,3.8333,943.671039
17.3333,3.8333,1011.980212
17.5000,3.8333,1080.886306
17.6667,3.8333,1148.607183
17.8333,3.8333,1212.764831
18.0000,3.8333,1270.390549
18.1667,3.8333,1318.016943
18.3333,3.8333,1351.853480
18.5000,3.8333,1367.958773
18.6667,3.8333,1362.275586
18.8333,3.8333,1330.441919
19.0000,3.8333,1267.404753
19.1667,3.8333,1166.924706
19.3333,3.8333,1020.965463
19.5000,3.8333,818.750529
19.6667,3.8333,545.142605
19.8333,3.8333,178.194283
20.0000,3.8333,-313.675316
20.1667,3.8333,-973.567707
20.3333,3.8333,-1855.004388
20.5000,3.8333,-3015.599483
20.6667,3.8333,-4504.081213
20.8333,3.8333,-6341.333700
21.0000,3.8333,-8499.198926
21.1667,3.8333,-10883.640071
21.3333,3.8333,-13329.881536
21.5000,3.8333,-15615.227268
21.6667,3.8333,-17490.628873
21.8333,3.8333,-18725.980297
22.0000,3.8333,-19158.318605
22.1667,3.8333,-18728.928070
22.3333,3.8333,-17497.193310
22.5000,3.8333,-15626.390357
22.6667,3.8333,-13346.374850
22.8333,3.8333,-10905.410513
23.0000,3.8333,-8525.131873
23.1667,3.8333,-6369.357702
23.3333,3.8333,-4531.627765
23.5000,3.8333,-3040.263180
23.6667,3.8333,-1875.192168
23.8333,3.8333,-988.948771
24.0000,3.8333,-325.321833
24.1667,3.8333,167.987192
24.3333,3.8333,533.284490
24.5000,3.8333,801.910154
24.6667,3.8333,996.126629
24.8333,3.8333,1131.844330
25.0000,3.8333,1220.915256
25.1667,3.8333,1272.580888
25.3333,3.8333,1294.255030
25.5000,3.8333,1291.996327
25.6667,3.8333,1270.882037
25.8333,3.8333,1235.287328
26.0000,3.8333,1189.006732
26.1667,3.8333,1135.241594
26.3333,3.8333,1076.579113
26.5000,3.8333,1015.076099
26.6667,3.8333,952.440213
26.8333,3.8333,890.190013
27.0000,3.8333,829.678114
27.1667,3.8333,771.972583
27.3333,3.8333,717.704057
27.5000,3.8333,667.003931
27.6667,3.8333,619.581457
27.8333,3.8333,574.893352
28.0000,3.8333,532.323250
28.1667,3.8333,491.317700
28.3333,3.8333,451.471664
28.5000,3.8333,412.576112
28.6667,3.8333,374.632281
28.8333,3.8333,337.827597
29.0000,3.8333,302.474178
29.1667,3.8333,268.926438
29.3333,3.8333,237.503345
29.5000,3.8333,208.435741
29.6667,3.8333,181.845309
29.8333,3.8333,157.749503
30.0000,3.8333,136.081387
0.0000,4.0000,-12.666893
0.1667,4.0000,-12.950442
0.3333,4.0000,-13.312137
0.5000,4.0000,-13.763960
0.6667,4.0000,-14.308906
0.8333,4.0000,-14.933870
1.0000,4.0000,-15.602715
1.1667,4.0000,-16.252415
1.3333,4.0000,-16.795764
1.5000,4.0000,-17.133175
1.6667,4.0000,-17.173228
1.8333,4.0000,-16.857572
2.0000,4.0000,-16.182531
2.1667,4.0000,-15.209604
2.3333,4.0000,-14.060922
2.5000,4.0000,-12.901720
2.6667,4.0000,-11.916418
2.8333,4.0000,-11.285376
3.0000,4.0000,-11.166203
3.1667,4.0000,-11.679661
3.3333,4.0000,-12.898653
3.5000,4.0000,-14.839889
3.6667,4.0000,-17.459541
3.8333,4.0000,-20.654358
4.0000,4.0000,-24.267827
4.1667,4.0000,-28.098595
4.3333,4.0000,-31.908401
4.5000,4.0000,-35.430664
4.6667,4.0000,-38.387024
4.8333,4.0000,-40.520939
5.0000,4.0000,-41.649238
5.1667,4.0000,-41.715976
5.3333,4.0000,-40.819854
5.5000,4.0000,-39.189260
5.6667,4.0000,-37.101134
5.8333,4.0000,-34.771282
6.0000,4.0000,-32.266363
6.1667,4.0000,-29.485141
6.3333,4.0000,-26.225958
6.5000,4.0000,-22.313812
6.6667,4.0000,-17.729214
6.8333,4.0000,-12.680056
7.0000,4.0000,-7.584802
7.1667,4.0000,-2.972618
7.3333,4.0000,0.664553
7.5000,4.0000,3.019091
7.6667,4.0000,4.065682
7.8333,4.0000,4.075286
8.0000,4.0000,3.536169
8.1667,4.0000,3.007138
8.3333,4.0000,2.956918
8.5000,4.0000,3.650456
8.6667,4.0000,5.120324
8.8333,4.0000,7.219285
9.0000,4.0000,9.712007
9.1667,4.0000,12.352784
9.3333,4.0000,14.918187
9.5000,4.0000,17.202963
9.6667,4.0000,19.015058
9.8333,4.0000,20.200598
10.0000,4.0000,20.696790
10.1667,4.0000,20.578553
10.3333,4.0000,20.062007
10.5000,4.0000,19.458367
10.6667,4.0000,19.109285
10.8333,4.0000,19.346132
11.0000,4.0000,20.490871
11.1667,4.0000,22.876524
11.3333,4.0000,26.844575
11.5000,4.0000,32.691502
11.6667,4.0000,40.574078
11.8333,4.0000,50.415595
12.0000,4.0000,61.863503
12.1667,4.0000,74.331050
12.3333,4.0000,87.121029
12.5000,4.0000,99.593224
12.6667,4.0000,111.314920
12.8333,4.0000,122.139697
13.0000,4.0000,132.195073
13.1667,4.0000,141.806047
13.3333,4.0000,151.408597
13.5000,4.0000,161.495554
13.6667,4.0000,172.597801
13.8333,4.0000,185.270048
14.0000,4.0000,200.049618
14.1667,4.0000,217.385696
14.3333,4.0000,237.567041
14.5000,4.0000,260.683594
14.6667,4.0000,286.640875
14.8333,4.0000,315.223754
15.0000,4.0000,346.193227
15.1667,4.0000,379.394725
15.3333,4.0000,414.849162
15.5000,4.0000,452.789520
15.6667,4.0000,493.613016
15.8333,4.0000,537.754920
16.0000,4.0000,585.541012
16.1667,4.0000,637.100877
16.3333,4.0000,692.391100
16.5000,4.0000,751.300401
16.6667,4.0000,813.746019
16.8333,4.0000,879.675066
17.0000,4.0000,948.953287
17.1667,4.0000,1021.197297
17.3333,4.0000,1095.624120
17.5000,4.0000,1170.951481
17.6667,4.0000,1245.336527
17.8333,4.0000,1316.339360
18.0000,4.0000,1380.934951
18.1667,4.0000,1435.615660
18.3333,4.0000,1476.580345
18.5000,4.0000,1499.918435
18.6667,4.0000,1501.647754
18.8333,4.0000,1477.514448
19.0000,4.0000,1422.582773
19.1667,4.0000,1330.710289
19.3333,4.0000,1193.911067
19.5000,4.0000,1001.393895
19.6667,4.0000,737.929017
19.8333,4.0000,381.387766
20.0000,4.0000,-100.091288
20.1667,4.0000,-749.993339
20.3333,4.0000,-1622.312415
20.5000,4.0000,-2775.180530
20.6667,4.0000,-4257.812439
20.8333,4.0000,-6091.445639
21.0000,4.0000,-8248.037371
21.1667,4.0000,-10633.351946
21.3333,4.0000,-13082.086163
21.5000,4.0000,-15370.753615
21.6667,4.0000,-17249.394855
21.8333,4.0000,-18487.060165
22.0000,4.0000,-18920.196652
22.1667,4.0000,-18489.885650
22.3333,4.0000,-17255.738627
22.5000,4.0000,-15381.629911
22.6667,4.0000,-13098.245196
22.8333,4.0000,-10654.730313
23.0000,4.0000,-8273.481753
23.1667,4.0000,-6118.834691
23.3333,4.0000,-4284.543058
23.5000,4.0000,-2798.853323
23.6667,4.0000,-1641.397041
23.8333,4.0000,-764.282576
24.0000,4.0000,-110.835798
24.1667,4.0000,371.671358
24.3333,4.0000,725.899851
24.5000,4.0000,983.456409
24.6667,4.0000,1166.788579
24.8333,4.0000,1291.927135
25.0000,4.0000,1370.798571
25.1667,4.0000,1412.689307
25.3333,4.0000,1425.040542
25.5000,4.0000,1413.927853
25.6667,4.0000,1384.436714
25.8333,4.0000,1340.938754
26.0000,4.0000,1287.208323
26.1667,4.0000,1226.408335
26.3333,4.0000,1161.075316
26.5000,4.0000,1093.216585
26.6667,4.0000,1024.506662
26.8333,4.0000,956.456402
27.0000,4.0000,890.434564
27.1667,4.0000,827.538423
27.3333,4.0000,768.427076
27.5000,4.0000,713.249152
27.6667,4.0000,661.715875
27.8333,4.0000,613.272181
28.0000,4.0000,567.280325
28.1667,4.0000,523.160039
28.3333,4.0000,480.477136
28.5000,4.0000,438.993323
28.6667,4.0000,398.682279
28.8333,4.0000,359.707067
29.0000,4.0000,322.359553
29.1667,4.0000,286.978138
29.3333,4.0000,253.869446
29.5000,4.0000,223.254695
29.6667,4.0000,195.247636
29.8333,4.0000,169.858612
30.0000,4.0000,147.013782
0.0000,4.1667,-12.036964
0.1667,4.1667,-12.302311
0.3333,4.1667,-12.654946
0.5000,4.1667,-13.109279
0.6667,4.1667,-13.671096
0.8333,4.1667,-14.330663
1.0000,4.1667,-15.055921
1.1667,4.1667,-15.788360
1.3333,4.1667,-16.444644
1.5000,4.1667,-16.926239
1.6667,4.1667,-17.136934
1.8333,4.1667,-17.004766
2.0000,4.1667,-16.502122
2.1667,4.1667,-15.657644
2.3333,4.1667,-14.556600
2.5000,4.1667,-13.331164
2.6667,4.1667,-12.145320
2.8333,4.1667,-11.178685
3.0000,4.1667,-10.610211
3.1667,4.1667,-10.599814
3.3333,4.1667,-11.266592
3.5000,4.1667,-12.666434
3.6667,4.1667,-14.775899
3.8333,4.1667,-17.489394
4.0000,4.1667,-20.631370
4.1667,4.1667,-23.977970
4.3333,4.1667,-27.278936
4.5000,4.1667,-30.274852
4.6667,4.1667,-32.714298
4.8333,4.1667,-34.381106
5.0000,4.1667,-35.135445
5.1667,4.1667,-34.955835
5.3333,4.1667,-33.955397
5.5000,4.1667,-32.348351
5.6667,4.1667,-30.365095
5.8333,4.1667,-28.145743
6.0000,4.1667,-25.663942
6.1667,4.1667,-22.728572
6.3333,4.1667,-19.077157
6.5000,4.1667,-14.527118
6.6667,4.1667,-9.117082
6.8333,4.1667,-3.171247
7.0000,4.1667,2.745688
7.1667,4.1667,7.968637
7.3333,4.1667,11.917437
7.5000,4.1667,14.264773
7.6667,4.1667,15.031873
7.8333,4.1667,14.579793
8.0000,4.1667,13.497797
8.1667,4.1667,12.427724
8.3333,4.1667,11.889121
8.5000,4.1667,12.168377
8.6667,4.1667,13.303530
8.8333,4.1667,15.150326
9.0000,4.1667,17.480335
9.1667,4.1667,20.057740
9.3333,4.1667,22.668611
9.5000,4.1667,25.115639
9.6667,4.1667,27.215018
9.8333,4.1667,28.823344
10.0000,4.1667,29.888911
10.1667,4.1667,30.491917
10.3333,4.1667,30.838574
10.5000,4.1667,31.206477
10.6667,4.1667,31.876070
10.8333,4.1667,33.093211
11.0000,4.1667,35.081374
11.1667,4.1667,38.080813
11.3333,4.1667,42.369140
11.5000,4.1667,48.229555
11.6667,4.1667,55.868162
11.8333,4.1667,65.315586
12.0000,4.1667,76.362140
12.1667,4.1667,88.565417
12.3333,4.1667,101.339751
12.5000,4.1667,114.100229
12.6667,4.1667,126.407118
12.8333,4.1667,138.055887
13.0000,4.1667,149.087528
13.1667,4.1667,159.737233
13.3333,4.1667,170.367571
13.5000,4.1667,181.425139
13.6667,4.1667,193.425017
13.8333,4.1667,206.935308
14.0000,4.1667,222.531467
14.1667,4.1667,240.716728
14.3333,4.1667,261.836235
14.5000,4.1667,286.023817
14.6667,4.1667,313.207263
14.8333,4.1667,343.174274
15.0000,4.1667,375.681910
15.1667,4.1667,410.580121
15.3333,4.1667,447.910938
15.5000,4.1667,487.941864
15.6667,4.1667,531.107607
15.8333,4.1667,577.874906
16.0000,4.1667,628.593244
16.1667,4.1667,683.412103
16.3333,4.1667,742.307191
16.5000,4.1667,805.182621
16.6667,4.1667,871.959512
16.8333,4.1667,942.570792
17.0000,4.1667,1016.850101
17.1667,4.1667,1094.371131
17.3333,4.1667,1174.306848
17.5000,4.1667,1255.336639
17.6667,4.1667,1335.586682
17.8333,4.1667,1412.591493
18.0000,4.1667,1483.304438
18.1667,4.1667,1544.203285
18.3333,4.1667,1591.487556
18.5000,4.1667,1621.272201
18.6667,4.1667,1629.629646
18.8333,4.1667,1612.383145
19.0000,4.1667,1564.679272
19.1667,4.1667,1480.441139
19.3333,4.1667,1351.712575
19.5000,4.1667,1167.683973
19.6667,4.1667,913.050989
19.8333,4.1667,565.545281
20.0000,4.1667,93.088913
20.1667,4.1667,-548.106233
20.3333,4.1667,-1412.419720
20.5000,4.1667,-2558.422269
20.6667,4.1667,-4035.758807
20.8333,4.1667,-5865.999296
21.0000,4.1667,-8021.237891
21.1667,4.1667,-10407.103649
21.3333,4.1667,-12857.862087
21.5000,4.1667,-15149.348639
21.6667,4.1667,-17030.799780
21.8333,4.1667,-18270.503564
22.0000,4.1667,-18704.358424
22.1667,4.1667,-18273.238323
22.3333,4.1667,-17036.935622
22.5000,4.1667,-15159.847691
22.6667,4.1667,-12873.402513
22.8333,4.1667,-10427.545010
23.0000,4.1667,-8045.369227
23.1667,4.1667,-5891.688459
23.3333,4.1667,-4060.458532
23.5000,4.1667,-2579.858468
23.6667,4.1667,-1429.240359
23.8333,4.1667,-560.306088
24.0000,4.1667,84.063895
24.1667,4.1667,557.010337
24.3333,4.1667,901.529366
24.5000,4.1667,1149.468279
24.6667,4.1667,1323.424701
24.8333,4.1667,1439.505069
25.0000,4.1667,1509.657634
25.1667,4.1667,1543.157918
25.3333,4.1667,1547.424123
25.5000,4.1667,1528.514154
25.6667,4.1667,1491.510654
25.8333,4.1667,1440.794892
26.0000,4.1667,1380.150915
26.1667,4.1667,1312.738004
26.3333,4.1667,1241.072167
26.5000,4.1667,1167.133663
26.6667,4.1667,1092.581190
26.8333,4.1667,1018.934066
27.0000,4.1667,947.593568
27.1667,4.1667,879.700848
27.3333,4.1667,815.953375
27.5000,4.1667,756.520586
27.6667,4.1667,701.113687
27.8333,4.1667,649.160548
28.0000,4.1667,599.995711
28.1667,4.1667,553.006059
28.3333,4.1667,507.722975
28.5000,4.1667,463.874426
28.6667,4.1667,421.402923
28.8333,4.1667,380.444608
29.0000,4.1667,341.269768
29.1667,4.1667,304.200710
29.3333,4.1667,269.532707
29.5000,4.1667,237.479064
29.6667,4.1667,208.147684
29.8333,4.1667,181.543942
30.0000,4.1667,157.589099
0.0000,4.3333,-11.372727
0.1667,4.3333,-11.609718
0.3333,4.3333,-11.940702
0.5000,4.3333,-12.383101
0.6667,4.3333,-12.947095
0.8333,4.3333,-13.629252
1.0000,4.3333,-14.405910
1.1667,4.3333,-15.228307
1.3333,4.3333,-16.021986
1.5000,4.3333,-16.692701
1.6667,4.3333,-17.139524
1.8333,4.3333,-17.273303
2.0000,4.3333,-17.036087
2.1667,4.3333,-16.416183
2.3333,4.3333,-15.455270
2.5000,4.3333,-14.247397
2.6667,4.3333,-12.932323
2.8333,4.3333,-11.685182
3.0000,4.3333,-10.701526
3.1667,4.3333,-10.174730
3.3333,4.3333,-10.264769
3.5000,4.3333,-11.063496
3.6667,4.3333,-12.567615
3.8333,4.3333,-14.671162
4.0000,4.3333,-17.182073
4.1667,4.3333,-19.856049
4.3333,4.3333,-22.433647
4.5000,4.3333,-24.669385
4.6667,4.3333,-26.352581
4.8333,4.3333,-27.328306
5.0000,4.3333,-27.523719
5.1667,4.3333,-26.971218
5.3333,4.3333,-25.807348
5.5000,4.3333,-24.228552
5.6667,4.3333,-22.405077
5.8333,4.3333,-20.383406
6.0000,4.3333,-18.027714
6.1667,4.3333,-15.045282
6.3333,4.3333,-11.105438
6.5000,4.3333,-6.011770
6.6667,4.3333,0.147889
6.8333,4.3333,6.946368
7.0000,4.3333,13.688874
7.1667,4.3333,19.588695
7.3333,4.3333,23.984103
7.5000,4.3333,26.522606
7.6667,4.3333,27.253156
7.8333,4.3333,26.597724
8.0000,4.3333,25.213540
8.1667,4.3333,23.796590
8.3333,4.3333,22.899043
8.5000,4.3333,22.823760
8.6667,4.3333,23.619958
8.8333,4.3333,25.156546
9.0000,4.3333,27.220117
9.1667,4.3333,29.587902
9.3333,4.3333,32.056162
9.5000,4.3333,34.439974
9.6667,4.3333,36.577282
9.8333,4.3333,38.357750
10.0000,4.3333,39.766343
10.1667,4.3333,40.908365
10.3333,4.3333,41.988096
10.5000,4.3333,43.245355
10.6667,4.3333,44.887653
10.8333,4.3333,47.061543
11.0000,4.3333,49.879126
11.1667,4.3333,53.475642
11.3333,4.3333,58.051723
11.5000,4.3333,63.863317
11.6667,4.3333,71.153928
11.8333,4.3333,80.056639
12.0000,4.3333,90.511267
12.1667,4.3333,102.238752
12.3333,4.3333,114.791757
12.5000,4.3333,127.666486
12.6667,4.3333,140.432077
12.8333,4.3333,152.827426
13.0000,4.3333,164.796459
13.1667,4.3333,176.469045
13.3333,4.3333,188.121049
13.5000,4.3333,200.144931
13.6667,4.3333,213.035522
13.8333,4.3333,227.368660
14.0000,4.3333,243.747359
14.1667,4.3333,262.713507
14.3333,4.3333,284.652709
14.5000,4.3333,309.732690
14.6667,4.3333,337.904922
14.8333,4.3333,368.974578
15.0000,4.3333,402.719803
15.1667,4.3333,439.024033
15.3333,4.3333,477.975703
15.5000,4.3333,519.892425
15.6667,4.3333,565.249954
15.8333,4.3333,614.539738
16.0000,4.3333,668.122002
16.1667,4.3333,726.150635
16.3333,4.3333,788.603354
16.5000,4.3333,855.379062
16.6667,4.3333,926.376612
16.8333,4.3333,1001.484142
17.0000,4.3333,1080.473602
17.1667,4.3333,1162.855344
17.3333,4.3333,1247.753978
17.5000,4.3333,1333.825089
17.6667,4.3333,1419.194693
17.8333,4.3333,1501.412001
18.0000,4.3333,1577.449330
18.1667,4.3333,1643.801290
18.3333,4.3333,1696.682965
18.5000,4.3333,1732.229807
18.6667,4.3333,1746.545551
18.8333,4.3333,1735.495163
19.0000,4.3333,1694.268775
19.1667,4.3333,1616.821697
19.3333,4.3333,1495.206597
19.5000,4.3333,1318.591666
19.6667,4.3333,1071.613873
19.8333,4.3333,731.901496
20.0000,4.3333,267.215072
20.1667,4.3333,-366.467774
20.3333,4.3333,-1223.838523
20.5000,4.3333,-2363.839575
20.6667,4.3333,-3836.497711
20.8333,4.3333,-5663.695625
21.0000,4.3333,-7817.678508
21.1667,4.3333,-10203.987304
21.3333,4.3333,-12656.529018
21.5000,4.3333,-14950.546214
21.6667,4.3333,-16834.552695
21.8333,4.3333,-18076.135777
22.0000,4.3333,-18510.675269
22.1667,4.3333,-18078.832323
22.3333,4.3333,-16840.543332
22.5000,4.3333,-14960.670805
22.6667,4.3333,-12671.319292
22.8333,4.3333,-10223.171792
23.0000,4.3333,-7839.972765
23.1667,4.3333,-5686.984848
23.3333,4.3333,-3858.355044
23.5000,4.3333,-2382.198248
23.6667,4.3333,-1237.598841
23.8333,4.3333,-375.867702
24.0000,4.3333,260.542963
24.1667,4.3333,725.166962
24.3333,4.3333,1061.311304
24.5000,4.3333,1301.032964
24.6667,4.3333,1467.041711
24.8333,4.3333,1575.476089
25.0000,4.3333,1638.260138
25.1667,4.3333,1664.614850
25.3333,4.3333,1661.899986
25.5000,4.3333,1636.134222
25.6667,4.3333,1592.393240
25.8333,4.3333,1535.080675
26.0000,4.3333,1468.014915
26.1667,4.3333,1394.380867
26.3333,4.3333,1316.701513
26.5000,4.3333,1236.952579
26.6667,4.3333,1156.794457
26.8333,4.3333,1077.768710
27.0000,4.3333,1001.319940
27.1667,4.3333,928.640864
27.3333,4.3333,860.471534
27.5000,4.3333,797.003207
27.6667,4.3333,737.945863
27.8333,4.3333,682.708004
28.0000,4.3333,630.593754
28.1667,4.3333,580.954223
28.3333,4.3333,533.283200
28.5000,4.3333,487.271623
28.6667,4.3333,442.827745
28.8333,4.3333,400.058346
29.0000,4.3333,359.210676
29.1667,4.3333,320.590605
29.3333,4.3333,284.482684
29.5000,4.3333,251.093639
29.6667,4.3333,220.527213
29.8333,4.3333,192.785585
30.0000,4.3333,167.786782
0.0000,4.5000,-10.652320
0.1667,4.5000,-10.843888
0.3333,4.5000,-11.132154
0.5000,4.5000,-11.537922
0.6667,4.5000,-12.077030
0.8333,4.5000,-12.754748
1.0000,4.5000,-13.559316
1.1667,4.5000,-14.455895
1.3333,4.5000,-15.382909
1.5000,4.5000,-16.253173
1.6667,4.5000,-16.961782
1.8333,4.5000,-17.401035
2.0000,4.5000,-17.479957
2.1667,4.5000,-17.143839
2.3333,4.5000,-16.389098
2.5000,4.5000,-15.270985
2.6667,4.5000,-13.904071
2.8333,4.5000,-12.455769
3.0000,4.5000,-11.131272
3.1667,4.5000,-10.147045
3.3333,4.5000,-9.692547
3.5000,4.5000,-9.886760
3.6667,4.5000,-10.743176
3.8333,4.5000,-12.158310
4.0000,4.5000,-13.930839
4.1667,4.5000,-15.804763
4.3333,4.5000,-17.519494
4.5000,4.5000,-18.850556
4.6667,4.5000,-19.635152
4.8333,4.5000,-19.787483
5.0000,4.5000,-19.309443
5.1667,4.5000,-18.292838
5.3333,4.5000,-16.899371
5.5000,4.5000,-15.306019
5.6667,4.5000,-13.620168
5.8333,4.5000,-11.794000
6.0000,4.5000,-9.585230
6.1667,4.5000,-6.604929
6.3333,4.5000,-2.457614
6.5000,4.5000,3.071343
6.6667,4.5000,9.861151
6.8333,4.5000,17.409327
7.0000,4.5000,24.924045
7.1667,4.5000,31.525571
7.3333,4.5000,36.484789
7.5000,4.5000,39.417608
7.6667,4.5000,40.373937
7.8333,4.5000,39.796520
8.0000,4.5000,38.368478
8.1667,4.5000,36.807592
8.3333,4.5000,35.683294
8.5000,4.5000,35.316708
8.6667,4.5000,35.780883
8.8333,4.5000,36.972252
9.0000,4.5000,38.701249
9.1667,4.5000,40.759502
9.3333,4.5000,42.951273
9.5000,4.5000,45.105222
9.6667,4.5000,47.090871
9.8333,4.5000,48.849248
10.0000,4.5000,50.422912
10.1667,4.5000,51.957753
10.3333,4.5000,53.660739
10.5000,4.5000,55.727878
10.6667,4.5000,58.282147
10.8333,4.5000,61.360151
11.0000,4.5000,64.957054
11.1667,4.5000,69.102350
11.3333,4.5000,73.919826
11.5000,4.5000,79.634377
11.6667,4.5000,86.517107
11.8333,4.5000,94.790640
12.0000,4.5000,104.535178
12.1667,4.5000,115.636471
12.3333,4.5000,127.799569
12.5000,4.5000,140.623760
12.6667,4.5000,153.708271
12.8333,4.5000,166.748464
13.0000,4.5000,179.593866
13.1667,4.5000,192.264307
13.3333,4.5000,204.941535
13.5000,4.5000,217.956024
13.6667,4.5000,231.772459
13.8333,4.5000,246.958881
14.0000,4.5000,264.122939
14.1667,4.5000,283.817910
14.3333,4.5000,306.445986
14.5000,4.5000,332.197524
14.6667,4.5000,361.054905
14.8333,4.5000,392.865672
15.0000,4.5000,427.464116
15.1667,4.5000,464.801841
15.3333,4.5000,505.039398
15.5000,4.5000,548.557912
15.6667,4.5000,595.877040
15.8333,4.5000,647.509157
16.0000,4.5000,703.817660
16.1667,4.5000,764.949743
16.3333,4.5000,830.869030
16.5000,4.5000,901.446926
16.6667,4.5000,976.532350
16.8333,4.5000,1055.938919
17.0000,4.5000,1139.350362
17.1667,4.5000,1226.196233
17.3333,4.5000,1315.549381
17.5000,4.5000,1406.054754
17.6667,4.5000,1495.866738
17.8333,4.5000,1582.587666
18.0000,4.5000,1663.248142
18.1667,4.5000,1734.389675
18.3333,4.5000,1792.255595
18.5000,4.5000,1832.994040
18.6667,4.5000,1852.714710
18.8333,4.5000,1847.289046
19.0000,4.5000,1811.914916
19.1667,4.5000,1740.551388
19.3333,4.5000,1625.244021
19.5000,4.5000,1455.137806
19.6667,4.5000,1214.825705
19.8333,4.5000,881.862507
20.0000,4.5000,423.890304
20.1667,4.5000,-203.295399
20.3333,4.5000,-1054.643191
20.5000,4.5000,-2189.417533
20.6667,4.5000,-3657.990543
20.8333,4.5000,-5482.540644
21.0000,4.5000,-7635.470186
21.1667,4.5000,-10022.261227
21.3333,4.5000,-12476.510537
21.5000,4.5000,-14772.927113
21.6667,4.5000,-16659.361264
21.8333,4.5000,-17902.746544
22.0000,4.5000,-18337.969057
22.1667,4.5000,-17905.475526
22.3333,4.5000,-16665.320536
22.5000,4.5000,-14782.789497
22.6667,4.5000,-12490.615109
22.8333,4.5000,-10040.172913
23.0000,4.5000,-7655.821036
23.1667,4.5000,-5503.245894
23.3333,4.5000,-3676.771251
23.5000,4.5000,-2204.443392
23.6667,4.5000,-1065.083082
23.8333,4.5000,-209.622002
24.0000,4.5000,419.896586
24.1667,4.5000,877.372719
24.3333,4.5000,1206.390532
24.5000,4.5000,1439.177982
24.6667,4.5000,1598.516767
24.8333,4.5000,1700.539838
25.0000,4.5000,1757.115403
25.1667,4.5000,1777.386593
25.3333,4.5000,1768.640205
25.5000,4.5000,1736.849240
25.6667,4.5000,1687.082883
25.8333,4.5000,1623.773722
26.0000,4.5000,1550.786795
26.1667,4.5000,1471.349910
26.3333,4.5000,1388.013139
26.5000,4.5000,1302.767120
26.6667,4.5000,1217.289028
26.8333,4.5000,1133.151306
27.0000,4.5000,1051.844642
27.1667,4.5000,974.612925
27.3333,4.5000,902.238545
27.5000,4.5000,834.936585
27.6667,4.5000,772.420161
27.8333,4.5000,714.083590
28.0000,4.5000,659.204555
28.1667,4.5000,607.099787
28.3333,4.5000,557.224130
28.5000,4.5000,509.228217
28.6667,4.5000,462.982132
28.8333,4.5000,418.559860
29.0000,4.5000,376.183348
29.1667,4.5000,336.141094
29.3333,4.5000,298.707124
29.5000,4.5000,264.082535
29.6667,4.5000,232.368234
29.8333,4.5000,203.564616
30.0000,4.5000,177.587815
0.0000,4.6667,-9.861776
0.1667,4.6667,-9.986788
0.3333,4.6667,-10.206198
0.5000,4.6667,-10.544100
0.6667,4.6667,-11.022436
0.8333,4.6667,-11.656225
1.0000,4.6667,-12.447195
1.1667,4.6667,-13.376343
1.3333,4.6667,-14.396942
1.5000,4.6667,-15.430741
1.6667,4.6667,-16.370749
1.8333,4.6667,-17.093022
2.0000,4.6667,-17.476838
2.1667,4.6667,-17.428986
2.3333,4.6667,-16.906008
2.5000,4.6667,-15.929260
2.6667,4.6667,-14.590324
2.8333,4.6667,-13.045965
3.0000,4.6667,-11.501567
3.1667,4.6667,-10.181453
3.3333,4.6667,-9.286943
3.5000,4.6667,-8.949226
3.6667,4.6667,-9.191185
3.8333,4.6667,-9.914215
4.0000,4.6667,-10.918544
4.1667,4.6667,-11.951185
4.3333,4.6667,-12.763581
4.5000,4.6667,-13.159758
4.6667,4.6667,-13.025069
4.8333,4.6667,-12.336872
5.0000,4.6667,-11.162226
5.1667,4.6667,-9.642523
5.3333,4.6667,-7.957948
5.5000,4.6667,-6.265439
5.6667,4.6667,-4.617016
5.8333,4.6667,-2.886322
6.0000,4.6667,-0.746268
6.1667,4.6667,2.266087
6.3333,4.6667,6.595893
6.5000,4.6667,12.475543
6.6667,4.6667,19.769870
6.8333,4.6667,27.936729
7.0000,4.6667,36.131057
7.1667,4.6667,43.418807
7.3333,4.6667,49.024387
7.5000,4.6667,52.527989
7.6667,4.6667,53.952412
7.8333,4.6667,53.718412
8.0000,4.6667,52.491577
8.1667,4.6667,50.980555
8.3333,4.6667,49.760504
8.5000,4.6667,49.176858
8.6667,4.6667,49.341645
8.8333,4.6667,50.192960
9.0000,4.6667,51.571626
9.1667,4.6667,53.282143
9.3333,4.6667,55.131831
9.5000,4.6667,56.960968
9.6667,4.6667,58.675853
9.8333,4.6667,60.280937
10.0000,4.6667,61.890866
10.1667,4.6667,63.703280
10.3333,4.6667,65.931853
10.5000,4.6667,68.725758
10.6667,4.6667,72.117100
10.8333,4.6667,76.028049
11.0000,4.6667,80.337882
11.1667,4.6667,84.976765
11.3333,4.6667,89.998817
11.5000,4.6667,95.598936
11.6667,4.6667,102.065898
11.8333,4.6667,109.692118
12.0000,4.6667,118.676390
12.1667,4.6667,129.055983
12.3333,4.6667,140.690703
12.5000,4.6667,153.300727
12.6667,4.6667,166.541496
12.8333,4.6667,180.089761
13.0000,4.6667,193.717347
13.1667,4.6667,207.340395
13.3333,4.6667,221.044076
13.5000,4.6667,235.087731
13.6667,4.6667,249.890434
13.8333,4.6667,265.989658
14.0000,4.6667,283.967991
14.1667,4.6667,304.357877
14.3333,4.6667,327.551964
14.5000,4.6667,353.752687
14.6667,4.6667,382.983650
14.8333,4.6667,415.163249
15.0000,4.6667,450.218619
15.1667,4.6667,488.202256
15.3333,4.6667,529.367576
15.5000,4.6667,574.167428
15.6667,4.6667,623.165973
15.8333,4.6667,676.894686
16.0000,4.6667,735.717093
16.1667,4.6667,799.766744
16.3333,4.6667,868.979256
16.5000,4.6667,943.177689
16.6667,4.6667,1022.136865
16.8333,4.6667,1105.573349
17.0000,4.6667,1193.065675
17.1667,4.6667,1283.953666
17.3333,4.6667,1377.259531
17.5000,4.6667,1471.630613
17.6667,4.6667,1565.274759
17.8333,4.6667,1655.880790
18.0000,4.6667,1740.571078
18.1667,4.6667,1815.957560
18.3333,4.6667,1878.317756
18.5000,4.6667,1923.799276
18.6667,4.6667,1948.490391
18.8333,4.6667,1948.236428
19.0000,4.6667,1918.214096
19.1667,4.6667,1852.366828
19.3333,4.6667,1742.725149
19.5000,4.6667,1578.413817
19.6667,4.6667,1343.994277
19.8333,4.6667,1016.968611
20.0000,4.6667,564.888263
20.1667,4.6667,-56.600562
20.3333,4.6667,-902.668792
20.5000,4.6667,-2032.870218
20.6667,4.6667,-3497.895929
20.8333,4.6667,-5320.203993
21.0000,4.6667,-7472.351013
21.1667,4.6667,-9859.771860
21.3333,4.6667,-12315.778824
21.5000,4.6667,-14614.583943
21.6667,4.6667,-16503.415162
21.8333,4.6667,-17748.588980
22.0000,4.6667,-18184.520989
22.1667,4.6667,-17751.447325
22.3333,4.6667,-16509.525163
22.5000,4.6667,-14624.433248
22.6667,4.6667,-12329.496972
22.8333,4.6667,-9876.750121
23.0000,4.6667,-7491.135084
23.1667,4.6667,-5338.738388
23.3333,4.6667,-3514.042486
23.5000,4.6667,-2045.013394
23.6667,4.6667,-910.205202
23.8333,4.6667,-60.178554
24.0000,4.6667,563.411233
24.1667,4.6667,1014.797257
24.3333,4.6667,1337.799006
24.5000,4.6667,1564.771196
24.6667,4.6667,1718.527955
24.8333,4.6667,1815.167946
25.0000,4.6667,1866.488545
25.1667,4.6667,1881.552431
25.3333,4.6667,1867.578249
25.5000,4.6667,1830.498987
25.6667,4.6667,1775.379126
25.8333,4.6667,1706.678026
26.0000,4.6667,1628.305699
26.1667,4.6667,1543.537081
26.3333,4.6667,1454.961053
26.5000,4.6667,1364.598166
26.6667,4.6667,1274.153352
26.8333,4.6667,1185.231918
27.0000,4.6667,1099.364591
27.1667,4.6667,1017.838481
27.3333,4.6667,941.475395
27.5000,4.6667,870.519770
27.6667,4.6667,804.700237
27.8333,4.6667,743.411249
28.0000,4.6667,685.915264
28.1667,4.6667,631.499936
28.3333,4.6667,579.580589
28.5000,4.6667,529.763134
28.6667,4.6667,481.873773
28.8333,4.6667,435.948703
29.0000,4.6667,392.181289
29.1667,4.6667,350.841203
29.3333,4.6667,312.191903
29.5000,4.6667,276.429653
29.6667,4.6667,243.653673
29.8333,4.6667,213.863773
30.0000,4.6667,186.975293
0.0000,4.8333,-8.996992
0.1667,4.8333,-9.033662
0.3333,4.8333,-9.157121
0.5000,4.8333,-9.394088
0.6667,4.8333,-9.771943
0.8333,4.8333,-10.314715
1.0000,4.8333,-11.036745
1.1667,4.8333,-11.933961
1.3333,4.8333,-12.974002
1.5000,4.8333,-14.088324
1.6667,4.8333,-15.170953
1.8333,4.8333,-16.088016
2.0000,4.8333,-16.698721
2.1667,4.8333,-16.883540
2.3333,4.8333,-16.571880
2.5000,4.8333,-15.761757
2.6667,4.8333,-14.527106
2.8333,4.8333,-13.011631
3.0000,4.8333,-11.409611
3.1667,4.8333,-9.934334
3.3333,4.8333,-8.776490
3.5000,4.8333,-8.059423
3.6667,4.8333,-7.803851
3.8333,4.8333,-7.916556
4.0000,4.8333,-8.211056
4.1667,4.8333,-8.455100
4.3333,4.8333,-8.428169
4.5000,4.8333,-7.969963
4.6667,4.8333,-7.008629
4.8333,4.8333,-5.567858
5.0000,4.8333,-3.756927
5.1667,4.8333,-1.745265
5.3333,4.8333,0.281527
5.5000,4.8333,2.186513
5.6667,4.8333,3.958570
5.8333,4.8333,5.775713
6.0000,4.8333,8.015559
6.1667,4.8333,11.180974
6.3333,4.8333,15.741996
6.5000,4.8333,21.941718
6.6667,4.8333,29.645717
6.8333,4.8333,38.307225
7.0000,4.8333,47.073417
7.1667,4.8333,54.998028
7.3333,4.8333,61.284590
7.5000,4.8333,65.479268
7.6667,4.8333,67.556560
7.8333,4.8333,67.880063
8.0000,4.8333,67.061784
8.1667,4.8333,65.776073
8.3333,4.8333,64.594985
8.5000,4.8333,63.893315
8.6667,4.8333,63.833090
8.8333,4.8333,64.402727
9.0000,4.8333,65.475293
9.1667,4.8333,66.863924
9.3333,4.8333,68.372809
9.5000,4.8333,69.850051
9.6667,4.8333,71.239627
9.8333,4.8333,72.614639
10.0000,4.8333,74.169332
10.1667,4.8333,76.160501
10.3333,4.8333,78.814219
10.5000,4.8333,82.236466
10.6667,4.8333,86.371095
10.8333,4.8333,91.029459
11.0000,4.8333,95.981377
11.1667,4.8333,101.066665
11.3333,4.8333,106.277738
11.5000,4.8333,111.780451
11.6667,4.8333,117.870208
11.8333,4.8333,124.886193
12.0000,4.8333,133.117398
12.1667,4.8333,142.729650
12.3333,4.8333,153.729788
12.5000,4.8333,165.970316
12.6667,4.8333,179.189700
12.8333,4.8333,193.078761
13.0000,4.8333,207.359559
13.1667,4.8333,221.860444
13.3333,4.8333,236.571930
13.5000,4.8333,251.672285
13.6667,4.8333,267.516435
13.8333,4.8333,284.586621
14.0000,4.8333,303.411757
14.1667,4.8333,324.474783
14.3333,4.8333,348.136671
14.5000,4.8333,374.603659
14.6667,4.8333,403.949948
14.8333,4.8333,436.188706
15.0000,4.8333,471.368926
15.1667,4.8333,509.667307
15.3333,4.8333,551.441705
15.5000,4.8333,597.218006
15.6667,4.8333,647.602195
15.8333,4.8333,703.143374
16.0000,4.8333,764.204990
16.1667,4.8333,830.903916
16.3333,4.8333,903.138334
16.5000,4.8333,980.667948
16.6667,4.8333,1063.177655
16.8333,4.8333,1150.275330
17.0000,4.8333,1241.429010
17.1667,4.8333,1335.889441
17.3333,4.8333,1432.634580
17.5000,4.8333,1530.327629
17.6667,4.8333,1627.251550
17.8333,4.8333,1721.209067
18.0000,4.8333,1809.440220
18.1667,4.8333,1888.642404
18.3333,4.8333,1955.125184
18.5000,4.8333,2005.016752
18.6667,4.8333,2034.355340
18.8333,4.8333,2038.931611
19.0000,4.8333,2013.880505
19.1667,4.8333,1953.120253
19.3333,4.8333,1848.666265
19.5000,4.8333,1689.628486
19.6667,4.8333,1460.544225
19.8333,4.8333,1138.870905
20.0000,4.8333,692.079104
20.1667,4.8333,75.679191
20.3333,4.8333,-765.703907
20.5000,4.8333,-1891.891399
20.6667,4.8333,-3353.870628
20.8333,4.8333,-5174.359623
21.0000,4.8333,-7326.056275
21.1667,4.8333,-9714.344978
21.3333,4.8333,-12172.261813
21.5000,4.8333,-14473.541635
21.6667,4.8333,-16364.818071
21.8333,4.8333,-17611.820120
22.0000,4.8333,-18048.515262
22.1667,4.8333,-17614.937303
22.3333,4.8333,-16371.338116
22.5000,4.8333,-14483.769387
22.6667,4.8333,-12186.123109
22.8333,4.8333,-9731.065516
23.0000,4.8333,-7344.100394
23.1667,4.8333,-5191.694165
23.3333,4.8333,-3368.469940
23.5000,4.8333,-1902.299266
23.6667,4.8333,-771.463226
23.8333,4.8333,73.842499
24.0000,4.8333,692.329527
24.1667,4.8333,1138.529330
24.3333,4.8333,1456.453823
24.5000,4.8333,1678.541677
24.6667,4.8333,1827.605616
24.8333,4.8333,1919.691481
25.0000,4.8333,1966.524231
25.1667,4.8333,1977.097542
25.3333,4.8333,1958.578097
25.5000,4.8333,1916.870281
25.6667,4.8333,1857.034408
25.8333,4.8333,1783.547250
26.0000,4.8333,1700.352173
26.1667,4.8333,1610.766345
26.3333,4.8333,1517.422719
26.5000,4.8333,1422.382179
26.6667,4.8333,1327.383488
26.8333,4.8333,1234.060180
27.0000,4.8333,1143.969650
27.1667,4.8333,1058.428967
27.3333,4.8333,978.295558
27.5000,4.8333,903.852647
27.6667,4.8333,834.863595
27.8333,4.8333,770.744317
28.0000,4.8333,710.758240
28.1667,4.8333,654.171425
28.3333,4.8333,600.358967
28.5000,4.8333,548.876266
28.6667,4.8333,499.498368
28.8333,4.8333,452.217547
29.0000,4.8333,407.194749
29.1667,4.8333,364.679236
29.3333,4.8333,324.923909
29.5000,4.8333,288.121046
29.6667,4.8333,254.369297
29.8333,4.8333,223.668976
30.0000,4.8333,195.935604
0.0000,5.0000,-8.063514
0.1667,5.0000,-7.992573
0.3333,5.0000,-7.995941
0.5000,5.0000,-8.101783
0.6667,5.0000,-8.341218
0.8333,5.0000,-8.744895
1.0000,5.0000,-9.336669
1.1667,5.0000,-10.124018
1.3333,5.0000,-11.086317
1.5000,5.0000,-12.164474
1.6667,5.0000,-13.257422
1.8333,5.0000,-14.230554
2.0000,5.0000,-14.937384
2.1667,5.0000,-15.249850
2.3333,5.0000,-15.088312
2.5000,5.0000,-14.442128
2.6667,5.0000,-13.375393
2.8333,5.0000,-12.017268
3.0000,5.0000,-10.539454
3.1667,5.0000,-9.124345
3.3333,5.0000,-7.927919
3.5000,5.0000,-7.043455
3.6667,5.0000,-6.475437
3.8333,5.0000,-6.134104
4.0000,5.0000,-5.856118
4.1667,5.0000,-5.446475
4.3333,5.0000,-4.727613
4.5000,5.0000,-3.580115
4.6667,5.0000,-1.965806
4.8333,5.0000,0.067684
5.0000,5.0000,2.398104
5.1667,5.0000,4.854822
5.3333,5.0000,7.262753
5.5000,5.0000,9.504894
5.6667,5.0000,11.594191
5.8333,5.0000,13.729635
6.0000,5.0000,16.300592
6.1667,5.0000,19.810774
6.3333,5.0000,24.724605
6.5000,5.0000,31.282030
6.6667,5.0000,39.356651
6.8333,5.0000,48.423948
7.0000,5.0000,57.661921
7.1667,5.0000,66.150619
7.3333,5.0000,73.099959
7.5000,5.0000,78.031490
7.6667,5.0000,80.863147
7.8333,5.0000,81.881620
8.0000,5.0000,81.623184
8.1667,5.0000,80.711191
8.3333,5.0000,79.706791
8.5000,5.0000,79.013528
8.6667,5.0000,78.845316
8.8333,5.0000,79.240956
9.0000,5.0000,80.102474
9.1667,5.0000,81.246285
9.3333,5.0000,82.468157
9.5000,5.0000,83.620054
9.6667,5.0000,84.681008
9.8333,5.0000,85.791354
10.0000,5.0000,87.225407
10.1667,5.0000,89.302788
10.3333,5.0000,92.269553
10.5000,5.0000,96.199282
10.6667,5.0000,100.959857
10.8333,5.0000,106.263944
11.0000,5.0000,111.782990
11.1667,5.0000,117.275697
11.3333,5.0000,122.678217
11.5000,5.0000,128.125685
11.6667,5.0000,133.908192
11.8333,5.0000,140.389015
12.0000,5.0000,147.918053
12.1667,5.0000,156.762148
12.3333,5.0000,167.059311
12.5000,5.0000,178.797351
12.6667,5.0000,191.820118
12.8333,5.0000,205.866980
13.0000,5.0000,220.644647
13.1667,5.0000,235.916691
13.3333,5.0000,251.585131
13.5000,5.0000,267.738156
13.6667,5.0000,284.648249
13.8333,5.0000,302.720711
14.0000,5.0000,322.409353
14.1667,5.0000,344.128834
14.3333,5.0000,368.195118
14.5000,5.0000,394.813725
14.6667,5.0000,424.115357
14.8333,5.0000,456.221693
15.0000,5.0000,491.318543
15.1667,5.0000,529.715904
15.3333,5.0000,571.876107
15.5000,5.0000,618.391597
15.6667,5.0000,669.903018
15.8333,5.0000,726.973664
16.0000,5.0000,789.967133
16.1667,5.0000,858.984004
16.3333,5.0000,933.882527
16.5000,5.0000,1014.354192
16.6667,5.0000,1099.990238
16.8333,5.0000,1190.290380
17.0000,5.0000,1284.617243
17.1667,5.0000,1382.140413
17.3333,5.0000,1481.803397
17.5000,5.0000,1582.298230
17.6667,5.0000,1682.000726
17.8333,5.0000,1778.848361
18.0000,5.0000,1870.216634
18.1667,5.0000,1952.895285
18.3333,5.0000,2023.217468
18.5000,5.0000,2077.270452
18.6667,5.0000,2111.015834
18.8333,5.0000,2120.167215
19.0000,5.0000,2099.805568
19.1667,5.0000,2043.822307
19.3333,5.0000,1944.222105
19.5000,5.0000,1790.103891
19.6667,5.0000,1565.979226
19.8333,5.0000,1249.253635
20.0000,5.0000,807.308539
20.1667,5.0000,195.515937
20.3333,5.0000,-641.695193
20.5000,5.0000,-1764.394101
20.6667,5.0000,-3223.837782
20.8333,5.0000,-5042.976459
21.0000,5.0000,-7194.626124
21.1667,5.0000,-9584.106358
21.3333,5.0000,-12044.174150
21.5000,5.0000,-14348.096441
21.6667,5.0000,-16241.931851
21.8333,5.0000,-17490.845733
22.0000,5.0000,-17928.378122
22.1667,5.0000,-17494.371018
22.3333,5.0000,-16249.168421
22.5000,5.0000,-14359.181550
22.6667,5.0000,-12058.850304
22.8333,5.0000,-9601.454584
23.0000,5.0000,-7213.042994
23.1667,5.0000,-5060.447175
23.3333,5.0000,-3238.417667
23.5000,5.0000,-1774.721368
23.6667,5.0000,-647.362927
23.8333,5.0000,193.819698
24.0000,5.0000,807.885491
24.1667,5.0000,1249.634388
24.3333,5.0000,1563.235956
24.5000,5.0000,1781.180598
24.6667,5.0000,1926.256961
24.8333,5.0000,2014.449314
25.0000,5.0000,2057.415491
25.1667,5.0000,2064.095119
25.3333,5.0000,2041.619644
25.5000,5.0000,1995.874854
25.6667,5.0000,1931.915165
25.8333,5.0000,1854.222988
26.0000,5.0000,1766.761026
26.1667,5.0000,1672.881137
26.3333,5.0000,1575.262292
26.5000,5.0000,1476.011883
26.6667,5.0000,1376.903610
26.8333,5.0000,1279.589697
27.0000,5.0000,1185.637104
27.1667,5.0000,1096.377918
27.3333,5.0000,1012.701873
27.5000,5.0000,934.942337
27.6667,5.0000,862.918839
27.8333,5.0000,796.091709
28.0000,5.0000,733.742267
28.1667,5.0000,675.122501
28.3333,5.0000,619.566350
28.5000,5.0000,566.572776
28.6667,5.0000,515.858513
28.8333,5.0000,467.366109
29.0000,5.0000,421.220663
29.1667,5.0000,377.649781
29.3333,5.0000,336.895998
29.5000,5.0000,299.148464
29.6667,5.0000,264.506280
29.8333,5.0000,232.971209
30.0000,5.0000,204.459781
0.0000,5.1667,-7.074483
0.1667,5.1667,-6.881495
0.3333,5.1667,-6.746536
0.5000,5.1667,-6.697776
0.6667,5.1667,-6.767790
0.8333,5.1667,-6.990479
1.0000,5.1667,-7.394826
1.1667,5.1667,-7.995052
1.3333,5.1667,-8.778373
1.5000,5.1667,-9.694093
1.6667,5.1667,-10.649826
1.8333,5.1667,-11.520072
2.0000,5.1667,-12.168242
2.1667,5.1667,-12.477007
2.3333,5.1667,-12.377186
2.5000,5.1667,-11.865343
2.6667,5.1667,-11.004661
2.8333,5.1667,-9.909722
3.0000,5.1667,-8.720345
3.1667,5.1667,-7.571107
3.3333,5.1667,-6.562396
3.5000,5.1667,-5.737737
3.6667,5.1667,-5.072119
3.8333,5.1667,-4.475715
4.0000,5.1667,-3.814253
4.1667,5.1667,-2.941116
4.3333,5.1667,-1.731232
4.5000,5.1667,-0.107186
4.6667,5.1667,1.946719
4.8333,5.1667,4.381502
5.0000,5.1667,7.090224
5.1667,5.1667,9.926782
5.3333,5.1667,12.742113
5.5000,5.1667,15.439830
5.6667,5.1667,18.042001
5.8333,5.1667,20.740534
6.0000,5.1667,23.900268
6.1667,5.1667,27.987912
6.3333,5.1667,33.430419
6.5000,5.1667,40.445659
6.6667,5.1667,48.913417
6.8333,5.1667,58.346214
7.0000,5.1667,67.979113
7.1667,5.1667,76.948124
7.3333,5.1667,84.494821
7.5000,5.1667,90.132232
7.6667,5.1667,93.727778
7.8333,5.1667,95.489531
8.0000,5.1667,95.872059
8.1667,5.1667,95.440358
8.3333,5.1667,94.737215
8.5000,5.1667,94.187337
8.6667,5.1667,94.048522
8.8333,5.1667,94.402042
9.0000,5.1667,95.172336
9.1667,5.1667,96.174863
9.3333,5.1667,97.194445
9.5000,5.1667,98.083952
9.6667,5.1667,98.852101
9.8333,5.1667,99.698949
10.0000,5.1667,100.972369
10.1667,5.1667,103.053649
10.3333,5.1667,106.215886
10.5000,5.1667,110.515138
10.6667,5.1667,115.762669
10.8333,5.1667,121.591901
11.0000,5.1667,127.591823
11.1667,5.1667,133.450278
11.3333,5.1667,139.050706
11.5000,5.1667,144.493643
11.6667,5.1667,150.051786
11.8333,5.1667,156.092025
12.0000,5.1667,162.998047
12.1667,5.1667,171.109150
12.3333,5.1667,180.673035
12.5000,5.1667,191.807356
12.6667,5.1667,204.476287
12.8333,5.1667,218.499106
13.0000,5.1667,233.603353
13.1667,5.1667,249.515287
13.3333,5.1667,266.058833
13.5000,5.1667,283.225865
13.6667,5.1667,301.190709
13.8333,5.1667,320.264942
14.0000,5.1667,340.814638
14.1667,5.1667,363.178865
14.3333,5.1667,387.625732
14.5000,5.1667,414.360581
14.6667,5.1667,443.573393
14.8333,5.1667,475.497251
15.0000,5.1667,510.454665
15.1667,5.1667,548.883148
15.3333,5.1667,591.337913
15.5000,5.1667,638.463425
15.6667,5.1667,690.921964
15.8333,5.1667,749.283038
16.0000,5.1667,813.908418
16.1667,5.1667,884.885106
16.3333,5.1667,962.037058
16.5000,5.1667,1044.995348
16.6667,5.1667,1133.267688
16.8333,5.1667,1226.257876
17.0000,5.1667,1323.236095
17.1667,5.1667,1423.302664
17.3333,5.1667,1525.377050
17.5000,5.1667,1628.190458
17.6667,5.1667,1730.223343
17.8333,5.1667,1829.560180
18.0000,5.1667,1923.720394
18.1667,5.1667,2009.585742
18.3333,5.1667,2083.501954
18.5000,5.1667,2141.496981
18.6667,5.1667,2179.436947
18.8333,5.1667,2192.945772
19.0000,5.1667,2177.046887
19.1667,5.1667,2125.608062
19.3333,5.1667,2030.626954
19.5000,5.1667,1881.188670
19.6667,5.1667,1661.765637
19.8333,5.1667,1349.689496
20.0000,5.1667,912.230053
20.1667,5.1667,304.608549
20.3333,5.1667,-528.936907
20.5000,5.1667,-1648.700593
20.6667,5.1667,-3106.174382
20.8333,5.1667,-4924.503279
21.0000,5.1667,-7076.589434
21.1667,5.1667,-9467.666229
21.3333,5.1667,-11930.202763
21.5000,5.1667,-14237.001468
21.6667,5.1667,-16133.559059
21.8333,5.1667,-17384.495487
22.0000,5.1667,-17822.940820
22.1667,5.1667,-17388.556461
22.3333,5.1667,-16141.780553
22.5000,5.1667,-14249.377377
22.6667,5.1667,-11946.323228
22.8333,5.1667,-9486.499084
23.0000,5.1667,-7096.487353
23.1667,5.1667,-4943.476555
23.3333,5.1667,-3122.339638
23.5000,5.1667,-1660.738352
23.6667,5.1667,-536.406432
23.8333,5.1667,301.163726
24.0000,5.1667,911.360887
24.1667,5.1667,1349.233474
24.3333,5.1667,1659.090150
24.5000,5.1667,1873.459188
24.6667,5.1667,2015.097912
24.8333,5.1667,2099.928653
25.0000,5.1667,2139.547449
25.1667,5.1667,2142.848260
25.3333,5.1667,2116.934970
25.5000,5.1667,2067.677831
25.6667,5.1667,2000.121790
25.8333,5.1667,1918.746298
26.0000,5.1667,1827.524641
26.1667,5.1667,1729.839287
26.3333,5.1667,1628.416605
26.5000,5.1667,1525.412859
26.6667,5.1667,1422.633582
26.8333,5.1667,1321.738256
27.0000,5.1667,1224.287312
27.1667,5.1667,1131.615161
27.3333,5.1667,1044.641574
27.5000,5.1667,963.759732
27.6667,5.1667,888.862638
27.8333,5.1667,819.473030
28.0000,5.1667,754.903172
28.1667,5.1667,694.396852
28.3333,5.1667,637.246586
28.5000,5.1667,582.891174
28.6667,5.1667,530.984564
28.8333,5.1667,481.416093
29.0000,5.1667,434.273086
29.1667,5.1667,389.760906
29.3333,5.1667,348.111946
29.5000,5.1667,309.512787
29.6667,5.1667,274.063598
29.8333,5.1667,241.768186
30.0000,5.1667,212.544666
0.0000,5.3333,-6.047624
0.1667,5.3333,-5.724152
0.3333,5.3333,-5.440123
0.5000,5.3333,-5.222375
0.6667,5.3333,-5.102698
0.8333,5.3333,-5.114869
1.0000,5.3333,-5.288571
1.1667,5.3333,-5.639877
1.3333,5.3333,-6.159714
1.5000,5.3333,-6.804136
1.6667,5.3333,-7.491990
1.8333,5.3333,-8.114660
2.0000,5.3333,-8.558196
2.1667,5.3333,-8.731954
2.3333,5.3333,-8.593546
2.5000,5.3333,-8.160394
2.6667,5.3333,-7.503258
2.8333,5.3333,-6.724110
3.0000,5.3333,-5.926305
3.1667,5.3333,-5.186776
3.3333,5.3333,-4.537727
3.5000,5.3333,-3.960815
3.6667,5.3333,-3.392886
3.8333,5.3333,-2.740497
4.0000,5.3333,-1.899430
4.1667,5.3333,-0.774318
4.3333,5.3333,0.706519
4.5000,5.3333,2.583165
4.6667,5.3333,4.861028
4.8333,5.3333,7.508752
5.0000,5.3333,10.456980
5.1667,5.3333,13.604418
5.3333,5.3333,16.840965
5.5000,5.3333,20.092647
5.6667,5.3333,23.379973
5.8333,5.3333,26.865850
6.0000,5.3333,30.860940
6.1667,5.3333,35.762701
6.3333,5.3333,41.931648
6.5000,5.3333,49.543144
6.6667,5.3333,58.474392
6.8333,5.3333,68.277995
7.0000,5.3333,78.258333
7.1667,5.3333,87.624965
7.3333,5.3333,95.670512
7.5000,5.3333,101.918350
7.6667,5.3333,106.202370
7.8333,5.3333,108.665752
8.0000,5.3333,109.689960
8.1667,5.3333,109.783234
8.3333,5.3333,109.463922
8.5000,5.3333,109.165683
8.6667,5.3333,109.175582
8.8333,5.3333,109.604952
9.0000,5.3333,110.393761
9.1667,5.3333,111.355356
9.3333,5.3333,112.264924
9.5000,5.3333,112.975112
9.6667,5.3333,113.517291
9.8333,5.3333,114.138803
10.0000,5.3333,115.247816
10.1667,5.3333,117.279505
10.3333,5.3333,120.536415
10.5000,5.3333,125.070568
10.6667,5.3333,130.658108
10.8333,5.3333,136.877224
11.0000,5.3333,143.255266
11.1667,5.3333,149.422797
11.3333,5.3333,155.215322
11.5000,5.3333,160.695161
11.6667,5.3333,166.106572
11.8333,5.3333,171.802094
12.0000,5.3333,178.174968
12.1667,5.3333,185.609399
12.3333,5.3333,194.438679
12.5000,5.3333,204.898738
12.6667,5.3333,217.081638
12.8333,5.3333,230.912347
13.0000,5.3333,246.173699
13.1667,5.3333,262.584209
13.3333,5.3333,279.904187
13.5000,5.3333,298.026997
13.6667,5.3333,317.016490
13.8333,5.3333,337.077622
14.0000,5.3333,358.482022
14.1667,5.3333,381.494106
14.3333,5.3333,406.339822
14.5000,5.3333,433.230221
14.6667,5.3333,462.416622
14.8333,5.3333,494.239247
15.0000,5.3333,529.146023
15.1667,5.3333,567.684694
15.3333,5.3333,610.482328
15.5000,5.3333,658.213612
15.6667,5.3333,711.543006
15.8333,5.3333,771.032162
16.0000,5.3333,837.034953
16.1667,5.3333,909.628281
16.3333,5.3333,988.614555
16.5000,5.3333,1073.584132
16.6667,5.3333,1163.984133
16.8333,5.3333,1259.144725
17.0000,5.3333,1358.262320
17.1667,5.3333,1460.381657
17.3333,5.3333,1564.407030
17.5000,5.3333,1669.114057
17.6667,5.3333,1773.090532
17.8333,5.3333,1874.568180
18.0000,5.3333,1971.207308
18.1667,5.3333,2059.974800
18.3333,5.3333,2137.219479
18.5000,5.3333,2198.901089
18.6667,5.3333,2240.785550
18.8333,5.3333,2258.408172
19.0000,5.3333,2246.740102
19.1667,5.3333,2199.630339
19.3333,5.3333,2109.068122
19.5000,5.3333,1964.112231
19.6667,5.3333,1749.171321
19.8333,5.3333,1441.471117
20.0000,5.3333,1008.140439
20.1667,5.3333,404.234599
20.3333,5.3333,-426.192628
20.5000,5.3333,-1543.632638
20.6667,5.3333,-2999.770565
20.8333,5.3333,-4817.901843
21.0000,5.3333,-6970.977287
21.1667,5.3333,-9364.118864
21.3333,5.3333,-11829.495939
21.5000,5.3333,-14139.446047
21.6667,5.3333,-16038.911809
21.8333,5.3333,-17291.980255
22.0000,5.3333,-17731.385250
22.1667,5.3333,-17296.619510
22.3333,5.3333,-16048.222829
22.5000,5.3333,-14153.314246
22.6667,5.3333,-11847.402656
22.8333,5.3333,-9384.962966
23.0000,5.3333,-6993.104315
23.1667,5.3333,-4839.368896
23.3333,5.3333,-3018.755706
23.5000,5.3333,-1558.832825
23.6667,5.3333,-437.080699
23.8333,5.3333,397.334326
24.0000,5.3333,1004.114864
24.1667,5.3333,1438.549908
24.3333,5.3333,1745.088509
24.5000,5.3333,1956.304672
24.6667,5.3333,2094.933739
24.8333,5.3333,2176.842173
25.0000,5.3333,2213.564740
25.1667,5.3333,2213.945441
25.3333,5.3333,2185.053950
25.5000,5.3333,2132.738610
25.6667,5.3333,2062.030573
25.8333,5.3333,1977.404869
26.0000,5.3333,1882.846716
26.1667,5.3333,1781.772313
26.3333,5.3333,1676.958107
26.5000,5.3333,1570.608703
26.6667,5.3333,1464.555915
26.8333,5.3333,1360.456557
27.0000,5.3333,1259.853547
27.1667,5.3333,1164.075879
27.3333,5.3333,1074.071657
27.5000,5.3333,990.298114
27.6667,5.3333,912.729365
27.8333,5.3333,840.958406
28.0000,5.3333,774.334347
28.1667,5.3333,712.096226
28.3333,5.3333,653.496744
28.5000,5.3333,597.915254
28.6667,5.3333,544.943384
28.8333,5.3333,494.417693
29.0000,5.3333,446.388085
29.1667,5.3333,401.037852
29.3333,5.3333,358.589214
29.5000,5.3333,319.226047
29.6667,5.3333,283.049477
29.8333,5.3333,250.065360
30.0000,5.3333,220.193588
0.0000,5.5000,-5.002264
0.1667,5.5000,-4.545975
0.3333,5.5000,-4.109881
0.5000,5.5000,-3.718603
0.6667,5.5000,-3.401519
0.8333,5.5000,-3.189763
1.0000,5.5000,-3.110328
1.1667,5.5000,-3.177272
1.3333,5.5000,-3.381676
1.5000,5.5000,-3.684182
1.6667,5.5000,-4.015187
1.8333,5.5000,-4.286444
2.0000,5.5000,-4.413229
2.1667,5.5000,-4.340378
2.3333,5.5000,-4.061870
2.5000,5.5000,-3.624810
2.6667,5.5000,-3.114478
2.8333,5.5000,-2.624789
3.0000,5.5000,-2.224882
3.1667,5.5000,-1.934508
3.3333,5.5000,-1.717081
3.5000,5.5000,-1.491256
3.6667,5.5000,-1.154174
3.8333,5.5000,-0.606287
4.0000,5.5000,0.230731
4.1667,5.5000,1.407408
4.3333,5.5000,2.950770
4.5000,5.5000,4.874343
4.6667,5.5000,7.185683
4.8333,5.5000,9.884813
5.0000,5.5000,12.954253
5.1667,5.5000,16.350639
5.3333,5.5000,20.012028
5.5000,5.5000,23.889118
5.6667,5.5000,27.994212
5.8333,5.5000,32.445805
6.0000,5.5000,37.478663
6.1667,5.5000,43.397018
6.3333,5.5000,50.472906
6.5000,5.5000,58.822081
6.6667,5.5000,68.308124
6.8333,5.5000,78.518341
7.0000,5.5000,88.825927
7.1667,5.5000,98.518284
7.3333,5.5000,106.949007
7.5000,5.5000,113.668173
7.6667,5.5000,118.497974
7.8333,5.5000,121.540285
8.0000,5.5000,123.122930
8.1667,5.5000,123.707096
8.3333,5.5000,123.784118
8.5000,5.5000,123.783991
8.6667,5.5000,124.006597
8.8333,5.5000,124.580270
9.0000,5.5000,125.455505
9.1667,5.5000,126.446322
9.3333,5.5000,127.323950
9.5000,5.5000,127.942646
9.6667,5.5000,128.349740
9.8333,5.5000,128.824606
10.0000,5.5000,129.816612
10.1667,5.5000,131.799002
10.3333,5.5000,135.097573
10.5000,5.5000,139.766778
10.6667,5.5000,145.565518
10.8333,5.5000,152.041104
11.0000,5.5000,158.683375
11.1667,5.5000,165.083669
11.3333,5.5000,171.038496
11.5000,5.5000,176.571710
11.6667,5.5000,181.891084
11.8333,5.5000,187.320027
12.0000,5.5000,193.240451
12.1667,5.5000,200.056441
12.3333,5.5000,208.162981
12.5000,5.5000,217.899597
12.6667,5.5000,229.487961
12.8333,5.5000,242.978249
13.0000,5.5000,258.239282
13.1667,5.5000,275.011730
13.3333,5.5000,293.010521
13.5000,5.5000,312.033075
13.6667,5.5000,332.023940
13.8333,5.5000,353.070208
14.0000,5.5000,375.343544
14.1667,5.5000,399.037028
14.3333,5.5000,424.344012
14.5000,5.5000,451.490954
14.6667,5.5000,480.794007
14.8333,5.5000,512.694161
15.0000,5.5000,547.748508
15.1667,5.5000,586.591737
15.3333,5.5000,629.896214
15.5000,5.5000,678.340139
15.6667,5.5000,732.565767
15.8333,5.5000,793.107711
16.0000,5.5000,860.301886
16.1667,5.5000,934.217850
16.3333,5.5000,1014.653061
16.5000,5.5000,1101.184406
16.6667,5.5000,1193.230025
16.8333,5.5000,1290.075909
17.0000,5.5000,1390.867704
17.1667,5.5000,1494.609475
17.3333,5.5000,1600.196951
17.5000,5.5000,1706.448604
17.6667,5.5000,1812.050475
17.8333,5.5000,1915.366920
18.0000,5.5000,2014.182916
18.1667,5.5000,2105.537800
18.3333,5.5000,2185.778790
18.5000,5.5000,2250.802561
18.6667,5.5000,2296.288035
18.8333,5.5000,2317.698264
19.0000,5.5000,2309.965259
19.1667,5.5000,2266.923458
19.3333,5.5000,2180.545438
19.5000,5.5000,2039.842557
19.6667,5.5000,1829.128853
19.8333,5.5000,1525.490251
20.0000,5.5000,1095.886980
20.1667,5.5000,495.196357
20.3333,5.5000,-332.703207
20.5000,5.5000,-1448.471150
20.6667,5.5000,-2903.943758
20.8333,5.5000,-4722.521976
21.0000,5.5000,-6877.166833
21.1667,5.5000,-9272.862309
21.3333,5.5000,-11741.464103
21.5000,5.5000,-14054.841057
21.6667,5.5000,-15957.384693
21.8333,5.5000,-17212.656679
22.0000,5.5000,-17653.005893
22.1667,5.5000,-17217.770300
22.3333,5.5000,-15967.605516
22.5000,5.5000,-14069.995861
22.6667,5.5000,-11760.986507
22.8333,5.5000,-9295.643198
23.0000,5.5000,-6901.596322
23.1667,5.5000,-4746.740785
23.3333,5.5000,-2926.211050
23.5000,5.5000,-1467.502709
23.6667,5.5000,-347.871360
23.8333,5.5000,483.815993
24.0000,5.5000,1087.560668
24.1667,5.5000,1518.894643
24.3333,5.5000,1822.426202
24.5000,5.5000,2030.802001
24.6667,5.5000,2166.758665
24.8333,5.5000,2246.116941
25.0000,5.5000,2280.344473
25.1667,5.5000,2278.217675
25.3333,5.5000,2246.751280
25.5000,5.5000,2191.756653
25.6667,5.5000,2118.246935
25.8333,5.5000,2030.699130
26.0000,5.5000,1933.122475
26.1667,5.5000,1828.977998
26.3333,5.5000,1721.097538
26.5000,5.5000,1611.732745
26.6667,5.5000,1502.736422
26.8333,5.5000,1395.757021
27.0000,5.5000,1292.315931
27.1667,5.5000,1193.734242
27.3333,5.5000,1100.985980
27.5000,5.5000,1014.588936
27.6667,5.5000,934.593843
27.8333,5.5000,860.659772
28.0000,5.5000,792.170499
28.1667,5.5000,728.361248
28.3333,5.5000,668.448915
28.5000,5.5000,611.759310
28.6667,5.5000,557.827824
28.8333,5.5000,506.443031
29.0000,5.5000,457.620211
29.1667,5.5000,411.521479
29.3333,5.5000,368.358496
29.5000,5.5000,328.311487
29.6667,5.5000,291.481592
29.8333,5.5000,257.876104
30.0000,5.5000,227.416471
0.0000,5.6667,-3.957096
0.1667,5.6667,-3.371158
0.3333,5.6667,-2.787059
0.5000,5.6667,-2.226922
0.6667,5.6667,-1.717034
0.8333,5.6667,-1.284672
1.0000,5.6667,-0.952353
1.1667,5.6667,-0.729811
1.3333,5.6667,-0.605643
1.5000,5.6667,-0.542380
1.6667,5.6667,-0.479539
1.8333,5.6667,-0.347368
2.0000,5.6667,-0.089305
2.1667,5.6667,0.314338
2.3333,5.6667,0.831886
2.5000,5.6667,1.383507
2.6667,5.6667,1.864233
2.8333,5.6667,2.180590
3.0000,5.6667,2.287583
3.1667,5.6667,2.210734
3.3333,5.6667,2.043155
3.5000,5.6667,1.918992
3.6667,5.6667,1.975490
3.8333,5.6667,2.320015
4.0000,5.6667,3.014148
4.1667,5.6667,4.078277
4.3333,5.6667,5.511539
4.5000,5.6667,7.316187
4.6667,5.6667,9.513747
4.8333,5.6667,12.144189
5.0000,5.6667,15.248773
5.1667,5.6667,18.848260
5.3333,5.6667,22.933642
5.5000,5.6667,27.481345
5.6667,5.6667,32.490721
5.8333,5.6667,38.025239
6.0000,5.6667,44.229625
6.1667,5.6667,51.300683
6.3333,5.6667,59.410240
6.5000,5.6667,68.605377
6.6667,5.6667,78.727839
6.8333,5.6667,89.390329
7.0000,5.6667,100.024499
7.1667,5.6667,109.987166
7.3333,5.6667,118.691262
7.5000,5.6667,125.722768
7.6667,5.6667,130.912659
7.8333,5.6667,134.348781
8.0000,5.6667,136.331300
8.1667,5.6667,137.290855
8.3333,5.6667,137.694482
8.5000,5.6667,137.959159
8.6667,5.6667,138.383006
8.8333,5.6667,139.099972
9.0000,5.6667,140.068577
9.1667,5.6667,141.110060
9.3333,5.6667,142.002029
9.5000,5.6667,142.606784
9.6667,5.6667,142.983996
9.8333,5.6667,143.429877
10.0000,5.6667,144.411917
10.1667,5.6667,146.417680
10.3333,5.6667,149.779547
10.5000,5.6667,154.550209
10.6667,5.6667,160.480748
10.8333,5.6667,167.107222
11.0000,5.6667,173.905449
11.1667,5.6667,180.448348
11.3333,5.6667,186.507246
11.5000,5.6667,192.073073
11.6667,5.6667,197.314917
11.8333,5.6667,202.517906
12.0000,5.6667,208.037022
12.1667,5.6667,214.275589
12.3333,5.6667,221.668578
12.5000,5.6667,230.643098
12.6667,5.6667,241.547179
12.8333,5.6667,254.569026
13.0000,5.6667,269.688946
13.1667,5.6667,286.698661
13.3333,5.6667,305.289363
13.5000,5.6667,325.170508
13.6667,5.6667,346.162534
13.8333,5.6667,368.224077
14.0000,5.6667,391.419077
14.1667,5.6667,415.869728
14.3333,5.6667,441.744898
14.5000,5.6667,469.296588
14.6667,5.6667,498.910689
14.8333,5.6667,531.123595
15.0000,5.6667,566.585257
15.1667,5.6667,605.993069
15.3333,5.6667,650.036879
15.5000,5.6667,699.370578
15.6667,5.6667,754.588850
15.8333,5.6667,816.178973
16.0000,5.6667,884.447458
16.1667,5.6667,959.457968
16.3333,5.6667,1041.019070
16.5000,5.6667,1128.722302
16.6667,5.6667,1221.990764
16.8333,5.6667,1320.098970
17.0000,5.6667,1422.167949
17.1667,5.6667,1527.177591
17.3333,5.6667,1634.019845
17.5000,5.6667,1741.547557
17.6667,5.6667,1848.523673
17.8333,5.6667,1953.415662
18.0000,5.6667,2054.104729
18.1667,5.6667,2147.685930
18.3333,5.6667,2230.506747
18.5000,5.6667,2298.420644
18.6667,5.6667,2347.049518
18.8333,5.6667,2371.812967
19.0000,5.6667,2367.621682
19.1667,5.6667,2328.297424
19.3333,5.6667,2245.782656
19.5000,5.6667,2109.017164
19.6667,5.6667,1902.192012
19.8333,5.6667,1602.227298
20.0000,5.6667,1175.896716
20.1667,5.6667,577.894161
20.3333,5.6667,-248.067853
20.5000,5.6667,-1362.793052
20.6667,5.6667,-2818.234888
20.8333,5.6667,-4637.862228
21.0000,5.6667,-6794.612244
21.1667,5.6667,-9193.305446
21.3333,5.6667,-11665.468489
21.5000,5.6667,-13982.494781
21.6667,5.6667,-15888.224387
21.8333,5.6667,-17145.698761
22.0000,5.6667,-17586.893081
22.1667,5.6667,-17151.007957
22.3333,5.6667,-15898.835279
22.5000,5.6667,-13998.242117
22.6667,5.6667,-11685.818548
22.8333,5.6667,-9217.219600
23.0000,5.6667,-6820.590244
23.1667,5.6667,-4664.175639
23.3333,5.6667,-2843.255811
23.5000,5.6667,-1385.278826
23.6667,5.6667,-267.309510
23.8333,5.6667,562.053188
24.0000,5.6667,1163.093679
24.1667,5.6667,1591.594600
24.3333,5.6667,1892.352208
24.5000,5.6667,2098.123833
24.6667,5.6667,2231.678664
24.8333,5.6667,2308.803789
25.0000,5.6667,2340.889232
25.1667,5.6667,2336.617352
25.3333,5.6667,2302.918066
25.5000,5.6667,2245.545121
25.6667,5.6667,2169.489497
25.8333,5.6667,2079.241673
26.0000,5.6667,1978.854268
26.1667,5.6667,1871.850489
26.3333,5.6667,1761.126649
26.5000,5.6667,1648.982608
26.6667,5.6667,1537.290404
26.8333,5.6667,1427.690094
27.0000,5.6667,1321.683735
27.1667,5.6667,1220.585422
27.3333,5.6667,1125.390622
27.5000,5.6667,1036.666504
27.6667,5.6667,954.525135
27.8333,5.6667,878.677163
28.0000,5.6667,808.531929
28.1667,5.6667,743.319377
28.3333,5.6667,682.226110
28.5000,5.6667,624.534030
28.6667,5.6667,569.732553
28.8333,5.6667,517.570408
29.0000,5.6667,468.033021
29.1667,5.6667,421.262979
29.3333,5.6667,377.460937
29.5000,5.6667,336.802118
29.6667,5.6667,299.386292
29.8333,5.6667,265.221213
30.0000,5.6667,234.229441
0.0000,5.8333,-2.928867
0.1667,5.8333,-2.221063
0.3333,5.8333,-1.498895
0.5000,5.8333,-0.782284
0.6667,5.8333,-0.094631
0.8333,5.8333,0.540594
1.0000,5.8333,1.105616
1.1667,5.8333,1.595851
1.3333,5.8333,2.026962
1.5000,5.8333,2.437706
1.6667,5.8333,2.884416
1.8333,5.8333,3.425149
2.0000,5.8333,4.096368
2.1667,5.8333,4.890303
2.3333,5.8333,5.743641
2.5000,5.8333,6.545789
2.6667,5.8333,7.168151
2.8333,5.8333,7.506884
3.0000,5.8333,7.523784
3.1667,5.8333,7.267701
3.3333,5.8333,6.865525
3.5000,5.8333,6.485702
3.6667,5.8333,6.290511
3.8333,5.8333,6.397709
4.0000,5.8333,6.865802
4.1667,5.8333,7.705474
4.3333,5.8333,8.909127
4.5000,5.8333,10.484387
4.6667,5.8333,12.476574
4.8333,5.8333,14.969574
5.0000,5.8333,18.064348
5.1667,5.8333,21.846130
5.3333,5.8333,26.358818
5.5000,5.8333,31.602646
5.6667,5.8333,37.558810
5.8333,5.8333,44.227936
6.0000,5.8333,51.657191
6.1667,5.8333,59.931887
6.3333,5.8333,69.123852
6.5000,5.8333,79.213212
6.6667,5.8333,90.018161
6.8333,5.8333,101.167759
7.0000,5.8333,112.135957
7.1667,5.8333,122.330720
7.3333,5.8333,131.211721
7.5000,5.8333,138.400700
7.6667,5.8333,143.751945
7.8333,5.8333,147.364653
8.0000,5.8333,149.539070
8.1667,5.8333,150.696049
8.3333,5.8333,151.286296
8.5000,5.8333,151.709276
8.6667,5.8333,152.250440
8.8333,5.8333,153.040511
9.0000,5.8333,154.045796
9.1667,5.8333,155.104413
9.3333,5.8333,156.015339
9.5000,5.8333,156.661047
9.6667,5.8333,157.115088
9.8333,5.8333,157.677888
10.0000,5.8333,158.810483
10.1667,5.8333,160.985185
10.3333,5.8333,164.515122
10.5000,5.8333,169.436202
10.6667,5.8333,175.490402
10.8333,5.8333,182.213273
11.0000,5.8333,189.084477
11.1667,5.8333,195.677903
11.3333,5.8333,201.756429
11.5000,5.8333,207.289961
11.6667,5.8333,212.415146
11.8333,5.8333,217.378792
12.0000,5.8333,222.501899
12.1667,5.8333,228.173057
12.3333,5.8333,234.848814
12.5000,5.8333,243.026570
12.6667,5.8333,253.171742
12.8333,5.8333,265.615329
13.0000,5.8333,280.467772
13.1667,5.8333,297.598291
13.3333,5.8333,316.698879
13.5000,5.8333,337.405219
13.6667,5.8333,359.414619
13.8333,5.8333,382.548864
14.0000,5.8333,406.754287
14.1667,5.8333,432.077798
14.3333,5.8333,458.666857
14.5000,5.8333,486.805763
14.6667,5.8333,516.953794
14.8333,5.8333,549.737702
15.0000,5.8333,585.885051
15.1667,5.8333,626.133105
15.3333,5.8333,671.163365
15.5000,5.8333,721.580751
15.6667,5.8333,777.911426
15.8333,5.8333,840.579639
16.0000,5.8333,909.853839
16.1667,5.8333,985.792540
16.3333,5.8333,1068.227345
16.5000,5.8333,1156.787023
16.6667,5.8333,1250.929393
16.8333,5.8333,1349.949002
17.0000,5.8333,1452.969760
17.1667,5.8333,1558.965514
17.3333,5.8333,1666.828379
17.5000,5.8333,1775.431893
17.6667,5.8333,1883.585235
17.8333,5.8333,1989.818703
18.0000,5.8333,2092.073455
18.1667,5.8333,2187.482479
18.3333,5.8333,2272.401897
18.5000,5.8333,2342.672811
18.6667,5.8333,2393.900267
18.8333,5.8333,2421.494335
19.0000,5.8333,2420.361517
19.1667,5.8333,2384.309275
19.3333,5.8333,2305.235034
19.5000,5.8333,2171.987525
19.6667,5.8333,1968.618365
19.8333,5.8333,1671.872161
20.0000,5.8333,1248.333281
20.1667,5.8333,652.514785
20.3333,5.8333,-172.029492
20.5000,5.8333,-1286.235025
20.6667,5.8333,-2742.153891
20.8333,5.8333,-4563.299556
21.0000,5.8333,-6722.560838
21.1667,5.8333,-9124.573542
21.3333,5.8333,-11600.520409
21.5000,5.8333,-13921.311802
21.6667,5.8333,-15830.235739
21.8333,5.8333,-17089.819986
22.0000,5.8333,-17531.680203
22.1667,5.8333,-17094.900631
22.3333,5.8333,-15840.433048
22.5000,5.8333,-13936.546461
22.6667,5.8333,-11620.384189
22.8333,5.8333,-9148.186568
23.0000,5.8333,-6748.602387
23.1667,5.8333,-4590.219708
23.3333,5.8333,-2768.469686
23.5000,5.8333,-1310.774804
23.6667,5.8333,-194.042309
23.8333,5.8333,633.364592
24.0000,5.8333,1231.995863
24.1667,5.8333,1657.890815
24.3333,5.8333,1956.061868
24.5000,5.8333,2159.415561
24.6667,5.8333,2290.785873
24.8333,5.8333,2365.938888
25.0000,5.8333,2396.176327
25.1667,5.8333,2390.059030
25.3333,5.8333,2354.400734
25.5000,5.8333,2294.875388
25.6667,5.8333,2216.446577
25.8333,5.8333,2123.629581
26.0000,5.8333,2020.540895
26.1667,5.8333,1910.785878
26.3333,5.8333,1797.338621
26.5000,5.8333,1682.554008
26.6667,5.8333,1568.327987
26.8333,5.8333,1456.298236
27.0000,5.8333,1347.953803
27.1667,5.8333,1244.603677
27.3333,5.8333,1147.257685
27.5000,5.8333,1056.515734
27.6667,5.8333,972.529166
27.8333,5.8333,895.039368
28.0000,5.8333,823.467459
28.1667,5.8333,757.034094
28.3333,5.8333,694.900405
28.5000,5.8333,636.314594
28.6667,5.8333,580.731522
28.8333,5.8333,527.869475
29.0000,5.8333,477.689937
29.1667,5.8333,430.318495
29.3333,5.8333,385.945022
29.5000,5.8333,344.738860
29.6667,5.8333,306.797361
29.8333,5.8333,272.127985
30.0000,5.8333,240.654071
0.0000,6.0000,-1.931630
0.1667,6.0000,-1.113425
0.3333,6.0000,-0.267691
0.5000,6.0000,0.587223
0.6667,6.0000,1.430041
0.8333,6.0000,2.240276
1.0000,6.0000,3.004188
1.1667,6.0000,3.722197
1.3333,6.0000,4.415379
1.5000,6.0000,5.127183
1.6667,6.0000,5.916325
1.8333,6.0000,6.839144
2.0000,6.0000,7.924691
2.1667,6.0000,9.151107
2.3333,6.0000,10.434385
2.5000,6.0000,11.638259
2.6667,6.0000,12.606952
2.8333,6.0000,13.212782
3.0000,6.0000,13.401826
3.1667,6.0000,13.218080
3.3333,6.0000,12.794006
3.5000,6.0000,12.310877
3.6667,6.0000,11.946896
3.8333,6.0000,11.835534
4.0000,6.0000,12.049340
4.1667,6.0000,12.611963
4.3333,6.0000,13.530128
4.5000,6.0000,14.831190
4.6667,6.0000,16.590402
4.8333,6.0000,18.935247
5.0000,6.0000,22.022797
5.1667,6.0000,25.998349
5.3333,6.0000,30.954078
5.5000,6.0000,36.908462
5.6667,6.0000,43.817853
5.8333,6.0000,51.614015
6.0000,6.0000,60.244628
6.1667,6.0000,69.688378
6.3333,6.0000,79.928011
6.5000,6.0000,90.888648
6.6667,6.0000,102.370782
6.8333,6.0000,114.014368
7.0000,6.0000,125.318821
7.1667,6.0000,135.720649
7.3333,6.0000,144.706667
7.5000,6.0000,151.925776
7.6667,6.0000,157.261679
7.8333,6.0000,160.843505
8.0000,6.0000,162.995516
8.1667,6.0000,164.149283
8.3333,6.0000,164.749896
8.5000,6.0000,165.179178
8.6667,6.0000,165.703393
8.8333,6.0000,166.444647
9.0000,6.0000,167.379389
9.1667,6.0000,168.374931
9.3333,6.0000,169.270209
9.5000,6.0000,169.984624
9.6667,6.0000,170.611833
9.8333,6.0000,171.447166
10.0000,6.0000,172.921472
10.1667,6.0000,175.460229
10.3333,6.0000,179.326770
10.5000,6.0000,184.518081
10.6667,6.0000,190.756702
10.8333,6.0000,197.578492
11.0000,6.0000,204.475848
11.1667,6.0000,211.037210
11.3333,6.0000,217.032757
11.5000,6.0000,222.427574
11.6667,6.0000,227.340783
11.8333,6.0000,231.991967
12.0000,6.0000,236.672273
12.1667,6.0000,241.750275
12.3333,6.0000,247.689697
12.5000,6.0000,255.039092
12.6667,6.0000,264.365109
12.8333,6.0000,276.136220
13.0000,6.0000,290.602513
13.1667,6.0000,307.732639
13.3333,6.0000,327.245723
13.5000,6.0000,348.724691
13.6667,6.0000,371.753032
13.8333,6.0000,396.013382
14.0000,6.0000,421.326296
14.1667,6.0000,447.656456
14.3333,6.0000,475.127804
14.5000,6.0000,504.057762
14.6667,6.0000,534.977360
14.8333,6.0000,568.594827
15.0000,6.0000,605.698151
15.1667,6.0000,647.042067
15.3333,6.0000,693.277302
15.5000,6.0000,744.941778
15.6667,6.0000,802.481368
15.8333,6.0000,866.251098
16.0000,6.0000,936.479194
16.1667,6.0000,1013.220471
16.3333,6.0000,1096.336051
16.5000,6.0000,1185.505522
16.6667,6.0000,1280.242638
16.8333,6.0000,1379.888366
17.0000,6.0000,1483.595635
17.1667,6.0000,1590.350952
17.3333,6.0000,1699.050591
17.5000,6.0000,1808.573303
17.6667,6.0000,1917.740505
17.8333,6.0000,2025.101956
18.0000,6.0000,2128.621692
18.1667,6.0000,2225.455272
18.3333,6.0000,2311.980392
18.5000,6.0000,2384.060441
18.6667,6.0000,2437.323906
18.8333,6.0000,2467.200906
19.0000,6.0000,2468.604339
19.1667,6.0000,2435.321436
19.3333,6.0000,2359.191954
19.5000,6.0000,2228.965032
19.6667,6.0000,2028.554612
19.8333,6.0000,1734.541105
20.0000,6.0000,1313.334151
20.1667,6.0000,719.276745
20.3333,6.0000,-104.232252
20.5000,6.0000,-1218.261074
20.6667,6.0000,-2674.960522
20.8333,6.0000,-4497.883423
21.0000,6.0000,-6659.859370
21.1667,6.0000,-9065.326431
21.3333,6.0000,-11545.112949
21.5000,6.0000,-13869.641900
21.6667,6.0000,-15781.652779
21.8333,6.0000,-17043.171323
22.0000,6.0000,-17485.472297
22.1667,6.0000,-17047.546085
22.3333,6.0000,-15790.525411
22.5000,6.0000,-13883.094493
22.6667,6.0000,-11562.950804
22.8333,6.0000,-9086.908747
23.0000,6.0000,-6684.103405
23.1667,6.0000,-4523.451498
23.3333,6.0000,-2700.533367
23.5000,6.0000,-1242.760364
23.6667,6.0000,-126.909692
23.8333,6.0000,698.860572
24.0000,6.0000,1295.344940
24.1667,6.0000,1718.837361
24.3333,6.0000,2014.584271
24.5000,6.0000,2215.670766
24.6667,6.0000,2345.022913
24.8333,6.0000,2418.399243
25.0000,6.0000,2447.008193
25.1667,6.0000,2439.269408
25.3333,6.0000,2401.855419
25.5000,6.0000,2340.340277
25.6667,6.0000,2259.652021
25.8333,6.0000,2164.335901
26.0000,6.0000,2058.586863
26.1667,6.0000,1946.110185
26.3333,6.0000,1829.974039
26.5000,6.0000,1712.602124
26.6667,6.0000,1595.926933
26.8333,6.0000,1481.595766
27.0000,6.0000,1371.093693
27.1667,6.0000,1265.726307
27.3333,6.0000,1166.508948
27.5000,6.0000,1074.055435
27.6667,6.0000,988.532173
27.8333,6.0000,909.688262
28.0000,6.0000,836.940340
28.1667,6.0000,769.492865
28.3333,6.0000,706.483202
28.5000,6.0000,647.133177
28.6667,6.0000,590.872422
28.8333,6.0000,537.397253
29.0000,6.0000,486.651353
29.1667,6.0000,438.746935
29.3333,6.0000,393.864795
29.5000,6.0000,352.169003
29.6667,6.0000,313.754642
29.8333,6.0000,278.628963
30.0000,6.0000,246.716254
0.0000,6.1667,-0.975924
0.1667,6.1667,-0.061464
0.3333,6.1667,0.890199
0.5000,6.1667,1.861613
0.6667,6.1667,2.832808
0.8333,6.1667,3.785313
1.0000,6.1667,4.708490
1.1667,6.1667,5.607294
1.3333,6.1667,6.509001
1.5000,6.1667,7.464916
1.6667,6.1667,8.542774
1.8333,6.1667,9.807871
2.0000,6.1667,11.295904
2.1667,6.1667,12.986110
2.3333,6.1667,14.786488
2.5000,6.1667,16.541227
2.6667,6.1667,18.063672
2.8333,6.1667,19.187581
3.0000,6.1667,19.819136
3.1667,6.1667,19.968329
3.3333,6.1667,19.745724
3.5000,6.1667,19.326649
3.6667,6.1667,18.899981
3.8333,6.1667,18.623597
4.0000,6.1667,18.602444
4.1667,6.1667,18.894074
4.3333,6.1667,19.536449
4.5000,6.1667,20.585842
4.6667,6.1667,22.148766
4.8333,6.1667,24.392023
5.0000,6.1667,27.521724
5.1667,6.1667,31.735298
5.3333,6.1667,37.165073
5.5000,6.1667,43.839583
5.6667,6.1667,51.682977
5.8333,6.1667,60.554079
6.0000,6.1667,70.303526
6.1667,6.1667,80.814194
6.3333,6.1667,91.997157
6.5000,6.1667,103.740845
6.6667,6.1667,115.839983
6.8333,6.1667,127.945702
7.0000,6.1667,139.570976
7.1667,6.1667,150.161163
7.3333,6.1667,159.210020
7.5000,6.1667,166.379992
7.6667,6.1667,171.581368
7.8333,6.1667,174.981016
8.0000,6.1667,176.941412
8.1667,6.1667,177.919199
8.3333,6.1667,178.363158
8.5000,6.1667,178.640125
8.6667,6.1667,178.995817
8.8333,6.1667,179.543690
9.0000,6.1667,180.276684
9.1667,6.1667,181.105774
9.3333,6.1667,181.929278
9.5000,6.1667,182.720754
9.6667,6.1667,183.601123
9.8333,6.1667,184.853081
10.0000,6.1667,186.856063
10.1667,6.1667,189.959840
10.3333,6.1667,194.349293
10.5000,6.1667,199.960103
10.6667,6.1667,206.481637
10.8333,6.1667,213.444214
11.0000,6.1667,220.353213
11.1667,6.1667,226.816917
11.3333,6.1667,232.623218
11.5000,6.1667,237.748143
11.6667,6.1667,242.313195
11.8333,6.1667,246.531097
12.0000,6.1667,250.678205
12.1667,6.1667,255.107121
12.3333,6.1667,260.279132
12.5000,6.1667,266.773382
12.6667,6.1667,275.234094
12.8333,6.1667,286.250613
13.0000,6.1667,300.210965
13.1667,6.1667,317.198142
13.3333,6.1667,336.984505
13.5000,6.1667,359.127686
13.6667,6.1667,383.117124
13.8333,6.1667,408.504665
14.0000,6.1667,434.984546
14.1667,6.1667,462.435170
14.3333,6.1667,490.952777
14.5000,6.1667,520.882542
14.6667,6.1667,552.816857
14.8333,6.1667,587.527394
15.0000,6.1667,625.838420
15.1667,6.1667,668.497239
15.3333,6.1667,716.104485
15.5000,6.1667,769.121329
15.6667,6.1667,827.912962
15.8333,6.1667,892.770301
16.0000,6.1667,963.887054
16.1667,6.1667,1041.317823
16.3333,6.1667,1124.955601
16.5000,6.1667,1214.535978
16.6667,6.1667,1309.640449
16.8333,6.1667,1409.675237
17.0000,6.1667,1513.844039
17.1667,6.1667,1621.163238
17.3333,6.1667,1730.537911
17.5000,6.1667,1840.838864
17.6667,6.1667,1950.869893
17.8333,6.1667,2059.162713
18.0000,6.1667,2163.673722
18.1667,6.1667,2261.570784
18.3333,6.1667,2349.267165
18.5000,6.1667,2422.678554
18.6667,6.1667,2477.487245
18.8333,6.1667,2509.160515
19.0000,6.1667,2512.617603
19.1667,6.1667,2481.615104
19.3333,6.1667,2407.926749
19.5000,6.1667,2280.206470
19.6667,6.1667,2082.251074
19.8333,6.1667,1790.508052
20.0000,6.1667,1371.242899
20.1667,6.1667,778.647140
20.3333,6.1667,-44.033816
20.5000,6.1667,-1158.013003
20.6667,6.1667,-2615.556462
20.8333,6.1667,-4440.268679
21.0000,6.1667,-6604.924496
21.1667,6.1667,-9013.763153
21.3333,6.1667,-11497.257458
21.5000,6.1667,-13825.347165
21.6667,6.1667,-15740.235438
21.8333,6.1667,-17003.465374
22.0000,6.1667,-17445.993505
22.1667,6.1667,-17006.736440
22.3333,6.1667,-15747.019501
22.5000,6.1667,-13835.941390
22.6667,6.1667,-11511.740164
22.8333,6.1667,-9031.781242
23.0000,6.1667,-6625.660033
23.1667,6.1667,-4462.600972
23.3333,6.1667,-2638.324649
23.5000,6.1667,-1180.237945
23.6667,6.1667,-65.008738
23.8333,6.1667,759.382030
24.0000,6.1667,1353.948012
24.1667,6.1667,1775.223887
24.3333,6.1667,2068.691638
24.5000,6.1667,2267.629146
24.6667,6.1667,2395.073831
24.8333,6.1667,2466.792309
25.0000,6.1667,2493.905825
25.1667,6.1667,2484.688072
25.3333,6.1667,2445.657625
25.5000,6.1667,2382.273203
25.6667,6.1667,2299.414769
25.8333,6.1667,2201.651927
26.0000,6.1667,2093.260829
26.1667,6.1667,1978.056966
26.3333,6.1667,1859.218403
26.5000,6.1667,1739.256713
26.6667,6.1667,1620.160859
26.8333,6.1667,1503.605520
27.0000,6.1667,1391.083594
27.1667,6.1667,1283.899622
27.3333,6.1667,1183.065814
27.5000,6.1667,1089.191877
27.6667,6.1667,1002.436345
27.8333,6.1667,922.533747
28.0000,6.1667,848.879141
28.1667,6.1667,780.651020
28.3333,6.1667,716.960237
28.5000,6.1667,657.004634
28.6667,6.1667,600.193845
28.8333,6.1667,546.208330
29.0000,6.1667,494.979721
29.1667,6.1667,446.611654
29.3333,6.1667,401.279534
29.5000,6.1667,359.144841
29.6667,6.1667,320.302267
29.8333,6.1667,284.760139
30.0000,6.1667,252.444562
0.0000,6.3333,-0.067497
0.1667,6.3333,0.927728
0.3333,6.3333,1.966326
0.5000,6.3333,3.031307
0.6667,6.3333,4.103522
0.8333,6.3333,5.165976
1.0000,6.3333,6.210590
1.1667,6.3333,7.246582
1.3333,6.3333,8.308031
1.5000,6.3333,9.456503
1.6667,6.3333,10.774060
1.8333,6.3333,12.343888
2.0000,6.3333,14.220560
2.1667,6.3333,16.398038
2.3333,6.3333,18.787928
2.5000,6.3333,21.220466
2.6667,6.3333,23.474553
2.8333,6.3333,25.331772
3.0000,6.3333,26.636854
3.1667,6.3333,27.341174
3.3333,6.3333,27.512093
3.5000,6.3333,27.306758
3.6667,6.3333,26.924400
3.8333,6.3333,26.557558
4.0000,6.3333,26.359439
4.1667,6.3333,26.436780
4.3333,6.3333,26.868779
4.5000,6.3333,27.743677
4.6667,6.3333,29.196311
4.8333,6.3333,31.426014
5.0000,6.3333,34.679213
5.1667,6.3333,39.196015
5.3333,6.3333,45.139429
5.5000,6.3333,52.539397
5.6667,6.3333,61.281584
5.8333,6.3333,71.150203
6.0000,6.3333,81.903952
6.1667,6.3333,93.342440
6.3333,6.3333,105.323054
6.5000,6.3333,117.716554
6.6667,6.3333,130.326729
6.8333,6.3333,142.822647
7.0000,6.3333,154.728353
7.1667,6.3333,165.487949
7.3333,6.3333,174.587925
7.5000,6.3333,181.690137
7.6667,6.3333,186.720960
7.8333,6.3333,189.879962
8.0000,6.3333,191.567931
8.1667,6.3333,192.269807
8.3333,6.3333,192.442198
8.5000,6.3333,192.441002
8.6667,6.3333,192.496154
8.8333,6.3333,192.719823
9.0000,6.3333,193.132887
9.1667,6.3333,193.705074
9.3333,6.3333,194.409794
9.5000,6.3333,195.286209
9.6667,6.3333,196.484991
9.8333,6.3333,198.267691
10.0000,6.3333,200.944790
10.1667,6.3333,204.768910
10.3333,6.3333,209.826786
10.5000,6.3333,215.978228
10.6667,6.3333,222.870124
10.8333,6.3333,230.021232
11.0000,6.3333,236.945443
11.1667,6.3333,243.268262
11.3333,6.3333,248.797056
11.5000,6.3333,253.528062
11.6667,6.3333,257.602977
11.8333,6.3333,261.250974
12.0000,6.3333,264.755304
12.1667,6.3333,268.464216
12.3333,6.3333,272.832351
12.5000,6.3333,278.449554
12.6667,6.3333,286.008892
12.8333,6.3333,296.194145
13.0000,6.3333,309.518067
13.1667,6.3333,326.183894
13.3333,6.3333,346.040365
13.5000,6.3333,368.651785
13.6667,6.3333,393.444060
13.8333,6.3333,419.860422
14.0000,6.3333,447.481252
14.1667,6.3333,476.103359
14.3333,6.3333,505.793378
14.5000,6.3333,536.914190
14.6667,6.3333,570.098936
14.8333,6.3333,606.152233
15.0000,6.3333,645.899997
15.1667,6.3333,690.052333
15.3333,6.3333,739.142575
15.5000,6.3333,793.553071
15.6667,6.3333,853.578039
15.8333,6.3333,919.458729
16.0000,6.3333,991.366461
16.1667,6.3333,1069.361733
16.3333,6.3333,1153.370426
16.5000,6.3333,1243.184501
16.6667,6.3333,1338.457743
16.8333,6.3333,1438.672499
17.0000,6.3333,1543.098333
17.1667,6.3333,1650.795158
17.3333,6.3333,1760.682286
17.5000,6.3333,1871.615255
17.6667,6.3333,1982.360844
17.8333,6.3333,2091.408244
18.0000,6.3333,2196.687433
18.1667,6.3333,2295.374252
18.3333,6.3333,2383.928651
18.5000,6.3333,2458.337208
18.6667,6.3333,2514.349959
18.8333,6.3333,2547.472286
19.0000,6.3333,2552.618490
19.1667,6.3333,2523.500395
19.3333,6.3333,2451.821277
19.5000,6.3333,2326.154085
19.6667,6.3333,2130.212104
19.8333,6.3333,1840.354552
20.0000,6.3333,1422.744431
20.1667,6.3333,831.447103
20.3333,6.3333,9.557206
20.5000,6.3333,-1104.299702
20.6667,6.3333,-2562.530796
20.8333,6.3333,-4388.817002
21.0000,6.3333,-6555.896626
21.1667,6.3333,-8967.822748
21.3333,6.3333,-11454.724947
21.5000,6.3333,-13786.077057
21.6667,6.3333,-15703.570156
21.8333,6.3333,-16968.292815
22.0000,6.3333,-17410.908109
22.1667,6.3333,-16970.272138
22.3333,6.3333,-15707.899213
22.5000,6.3333,-13793.281908
22.6667,6.3333,-11465.166100
22.8333,6.3333,-8981.430885
23.0000,6.3333,-6572.097687
23.1667,6.3333,-4406.673384
23.3333,6.3333,-2581.006470
23.5000,6.3333,-1122.501604
23.6667,6.3333,-7.733306
23.8333,6.3333,815.468704
24.0000,6.3333,1408.307676
24.1667,6.3333,1827.533292
24.3333,6.3333,2118.847572
24.5000,6.3333,2315.719297
24.6667,6.3333,2441.308194
24.8333,6.3333,2511.407991
25.0000,6.3333,2537.072600
25.1667,6.3333,2526.443221
25.3333,6.3333,2485.886926
25.5000,6.3333,2420.738147
25.6667,6.3333,2335.812186
25.8333,6.3333,2235.685264
26.0000,6.3333,2124.702652
26.1667,6.3333,2006.788431
26.3333,6.3333,1885.240700
26.5000,6.3333,1762.678481
26.6667,6.3333,1641.171194
26.8333,6.3333,1522.443262
27.0000,6.3333,1408.010724
27.1667,6.3333,1299.181876
27.3333,6.3333,1196.959436
27.5000,6.3333,1101.933711
27.6667,6.3333,1014.235390
27.8333,6.3333,933.564408
28.0000,6.3333,859.277663
28.1667,6.3333,790.516180
28.3333,6.3333,726.357883
28.5000,6.3333,665.974516
28.6667,6.3333,608.756932
28.8333,6.3333,554.373384
29.0000,6.3333,502.748614
29.1667,6.3333,453.983402
29.3333,6.3333,408.253201
29.5000,6.3333,365.721462
29.6667,6.3333,326.485916
29.8333,6.3333,290.558296
30.0000,6.3333,257.867941
0.0000,6.5000,0.794253
0.1667,6.5000,1.855267
0.3333,6.5000,2.962794
0.5000,6.5000,4.100235
0.6667,6.5000,5.249313
0.8333,6.5000,6.394636
1.0000,6.5000,7.530826
1.1667,6.5000,8.671546
1.3333,6.5000,9.858141
1.5000,6.5000,11.163763
1.6667,6.5000,12.687830
1.8333,6.5000,14.536934
2.0000,6.5000,16.792642
2.1667,6.5000,19.473204
2.3333,6.5000,22.502378
2.5000,6.5000,25.700811
2.6667,6.5000,28.810665
2.8333,6.5000,31.551849
3.0000,6.5000,33.692973
3.1667,6.5000,35.111076
3.3333,6.5000,35.818218
3.5000,6.5000,35.948204
3.6667,6.5000,35.712951
3.8333,6.5000,35.347130
4.0000,6.5000,35.060859
4.1667,6.5000,35.016286
4.3333,6.5000,35.335916
4.5000,6.5000,36.138177
4.6667,6.5000,37.581903
4.8333,6.5000,39.893156
5.0000,6.5000,43.351809
5.1667,6.5000,48.232862
5.3333,6.5000,54.721947
5.5000,6.5000,62.843483
5.6667,6.5000,72.440638
5.8333,6.5000,83.223437
6.0000,6.5000,94.864135
6.1667,6.5000,107.089070
6.3333,6.5000,119.715023
6.5000,6.5000,132.609487
6.6667,6.5000,145.599395
6.8333,6.5000,158.383908
7.0000,6.5000,170.506579
7.1667,6.5000,181.413092
7.3333,6.5000,190.578649
7.5000,6.5000,197.653832
7.6667,6.5000,202.565745
7.8333,6.5000,205.529985
8.0000,6.5000,206.971278
8.1667,6.5000,207.393727
8.3333,6.5000,207.259552
8.5000,6.5000,206.918697
8.6667,6.5000,206.596376
8.8333,6.5000,206.418203
9.0000,6.5000,206.448149
9.1667,6.5000,206.726913
9.3333,6.5000,207.309676
9.5000,6.5000,208.301060
9.6667,6.5000,209.874827
9.8333,6.5000,212.260139
10.0000,6.5000,215.686021
10.1667,6.5000,220.297845
10.3333,6.5000,226.079003
10.5000,6.5000,232.813155
10.6667,6.5000,240.106769
10.8333,6.5000,247.467615
11.0000,6.5000,254.414393
11.1667,6.5000,260.582116
11.3333,6.5000,265.789788
11.5000,6.5000,270.051670
11.6667,6.5000,273.537409
11.8333,6.5000,276.509810
12.0000,6.5000,279.279583
12.1667,6.5000,282.205328
12.3333,6.5000,285.735841
12.5000,6.5000,290.455715
12.6667,6.5000,297.078230
12.8333,6.5000,306.350243
13.0000,6.5000,318.887281
13.1667,6.5000,335.009452
13.3333,6.5000,354.659354
13.5000,6.5000,377.441017
13.6667,6.5000,402.755972
13.8333,6.5000,429.975171
14.0000,6.5000,458.593099
14.1667,6.5000,488.341759
14.3333,6.5000,519.261445
14.5000,6.5000,551.719819
14.6667,6.5000,586.360989
14.8333,6.5000,623.980375
15.0000,6.5000,665.361318
15.1667,6.5000,711.142615
15.3333,6.5000,761.774566
15.5000,6.5000,817.563870
15.6667,6.5000,878.749472
15.8333,6.5000,945.542103
16.0000,6.5000,1018.106027
16.1667,6.5000,1096.516022
16.3333,6.5000,1180.733213
16.5000,6.5000,1270.605589
16.6667,6.5000,1365.859972
16.8333,6.5000,1466.059120
17.0000,6.5000,1570.546281
17.1667,6.5000,1678.433689
17.3333,6.5000,1788.660761
17.5000,6.5000,1900.067659
17.6667,6.5000,2011.378055
17.8333,6.5000,2121.030153
18.0000,6.5000,2226.921948
18.1667,6.5000,2326.237930
18.3333,6.5000,2415.490183
18.5000,6.5000,2490.740508
18.6667,6.5000,2547.803392
18.8333,6.5000,2582.208934
19.0000,6.5000,2588.847111
19.1667,6.5000,2561.368920
19.3333,6.5000,2491.404732
19.5000,6.5000,2367.464099
19.6667,6.5000,2173.213635
19.8333,6.5000,1884.971925
20.0000,6.5000,1468.844513
20.1667,6.5000,878.800131
20.3333,6.5000,57.789905
20.5000,6.5000,-1055.735259
20.6667,6.5000,-2514.349297
20.8333,6.5000,-4341.838453
21.0000,6.5000,-6510.931352
21.1667,6.5000,-8925.519966
21.3333,6.5000,-11415.417735
21.5000,6.5000,-13749.665187
21.6667,6.5000,-15669.478838
21.8333,6.5000,-16935.528848
22.0000,6.5000,-17378.209320
22.1667,6.5000,-16936.319236
22.3333,6.5000,-15671.540473
22.5000,6.5000,-13753.717501
22.6667,6.5000,-11422.051798
22.8333,6.5000,-8934.885410
23.0000,6.5000,-6522.625341
23.1667,6.5000,-4355.034914
23.3333,6.5000,-2528.079409
23.5000,6.5000,-1069.163732
23.6667,6.5000,45.216477
23.8333,6.5000,867.358037
24.0000,6.5000,1458.621891
24.1667,6.5000,1875.938781
24.3333,6.5000,2165.202320
24.5000,6.5000,2360.057334
24.6667,6.5000,2483.789819
24.8333,6.5000,2552.242469
25.0000,6.5000,2576.433791
25.1667,6.5000,2564.402650
25.3333,6.5000,2522.382107
25.5000,6.5000,2455.581554
25.6667,6.5000,2368.734155
25.8333,6.5000,2266.395986
26.0000,6.5000,2152.955619
26.1667,6.5000,2032.429995
26.3333,6.5000,1908.236481
26.5000,6.5000,1783.115030
26.6667,6.5000,1659.237928
26.8333,6.5000,1538.403178
27.0000,6.5000,1422.168236
27.1667,6.5000,1311.853362
27.3333,6.5000,1208.448904
27.5000,6.5000,1112.514013
27.6667,6.5000,1024.135086
27.8333,6.5000,942.960604
28.0000,6.5000,868.294946
28.1667,6.5000,799.230934
28.3333,6.5000,734.806442
28.5000,6.5000,674.163305
28.6667,6.5000,616.672938
28.8333,6.5000,561.993690
29.0000,6.5000,510.048084
29.1667,6.5000,460.940062
29.3333,6.5000,414.851294
29.5000,6.5000,371.952554
29.6667,6.5000,332.348651
29.8333,6.5000,296.057374
30.0000,6.5000,263.012792
0.0000,6.6667,1.617327
0.1667,6.6667,2.731964
0.3333,6.6667,3.894156
0.5000,6.6667,5.087975
0.6667,6.6667,6.296537
0.8333,6.6667,7.506732
1.0000,6.6667,8.716586
1.1667,6.6667,9.944745
1.3333,6.6667,11.240108
1.5000,6.6667,12.687602
1.6667,6.6667,14.404575
1.8333,6.6667,16.522625
2.0000,6.6667,19.153404
2.1667,6.6667,22.343855
2.3333,6.6667,26.034554
2.5000,6.6667,30.039884
2.6667,6.6667,34.065833
2.8333,6.6667,37.768066
3.0000,6.6667,40.834434
3.1667,6.6667,43.062943
3.3333,6.6667,44.407412
3.5000,6.6667,44.977554
3.6667,6.6667,44.998206
3.8333,6.6667,44.745473
4.0000,6.6667,44.483464
4.1667,6.6667,44.424888
4.3333,6.6667,44.730444
4.5000,6.6667,45.545231
4.6667,6.6667,47.050898
4.8333,6.6667,49.500456
5.0000,6.6667,53.206917
5.1667,6.6667,58.477914
5.3333,6.6667,65.517661
5.5000,6.6667,74.340979
5.6667,6.6667,84.746513
5.8333,6.6667,96.371121
6.0000,6.6667,108.804019
6.1667,6.6667,121.702696
6.3333,6.6667,134.848239
6.5000,6.6667,148.111459
6.6667,6.6667,161.352688
6.8333,6.6667,174.315838
7.0000,6.6667,186.580895
7.1667,6.6667,197.609521
7.3333,6.6667,206.872075
7.5000,6.6667,214.002898
7.6667,6.6667,218.913645
7.8333,6.6667,221.812579
8.0000,6.6667,223.124403
8.1667,6.6667,223.354782
8.3333,6.6667,222.965268
8.5000,6.6667,222.306072
8.6667,6.6667,221.613227
8.8333,6.6667,221.044186
9.0000,6.6667,220.719941
9.1667,6.6667,220.756400
9.3333,6.6667,221.283950
9.5000,6.6667,222.458364
9.6667,6.6667,224.459964
9.8333,6.6667,227.472430
10.0000,6.6667,231.637666
10.1667,6.6667,236.997168
10.3333,6.6667,243.442458
10.5000,6.6667,250.697484
10.6667,6.6667,258.344852
10.8333,6.6667,265.892635
11.0000,6.6667,272.866168
11.1667,6.6667,278.901431
11.3333,6.6667,283.813687
11.5000,6.6667,287.619962
11.6667,6.6667,290.509754
11.8333,6.6667,292.781862
12.0000,6.6667,294.784832
12.1667,6.6667,296.898920
12.3333,6.6667,299.571006
12.5000,6.6667,303.371353
12.6667,6.6667,309.011297
12.8333,6.6667,317.271753
13.0000,6.6667,328.845718
13.1667,6.6667,344.159365
13.3333,6.6667,363.259156
13.5000,6.6667,385.819085
13.6667,6.6667,411.260158
13.8333,6.6667,438.928897
14.0000,6.6667,468.276089
14.1667,6.6667,498.997257
14.3333,6.6667,531.114636
14.5000,6.6667,564.985822
14.6667,6.6667,601.229896
14.8333,6.6667,640.584351
15.0000,6.6667,683.741727
15.1667,6.6667,731.234899
15.3333,6.6667,783.417214
15.5000,6.6667,840.524952
15.6667,6.6667,902.758273
15.8333,6.6667,970.316151
16.0000,6.6667,1043.370953
16.1667,6.6667,1122.021459
16.3333,6.6667,1206.268985
16.5000,6.6667,1296.019199
16.6667,6.6667,1391.071932
16.8333,6.6667,1491.070379
17.0000,6.6667,1595.433025
17.1667,6.6667,1703.328045
17.3333,6.6667,1813.720055
17.5000,6.6667,1925.439424
17.6667,6.6667,2037.172321
17.8333,6.6667,2147.311724
18.0000,6.6667,2253.729337
18.1667,6.6667,2353.622286
18.3333,6.6667,2443.554170
18.5000,6.6667,2519.654069
18.6667,6.6667,2577.784936
18.8333,6.6667,2613.479949
19.0000,6.6667,2621.582778
19.1667,6.6667,2595.668118
19.3333,6.6667,2527.290879
19.5000,6.6667,2404.911298
19.6667,6.6667,2212.179197
19.8333,6.6667,1925.412195
20.0000,6.6667,1510.698069
20.1667,6.6667,921.938641
20.3333,6.6667,101.954937
20.5000,6.6667,-1010.980197
20.6667,6.6667,-2469.623596
20.8333,6.6667,-4297.890451
21.0000,6.6667,-6468.527817
21.1667,6.6667,-8885.299463
21.3333,6.6667,-11377.742377
21.5000,6.6667,-13714.510514
21.6667,6.6667,-15636.395137
21.8333,6.6667,-16903.690006
22.0000,6.6667,-17346.542578
22.1667,6.6667,-16903.687904
22.3333,6.6667,-15636.938148
22.5000,6.6667,-13716.430224
22.6667,6.6667,-11381.754227
22.8333,6.6667,-8891.655394
23.0000,6.6667,-6476.883375
23.1667,6.6667,-4307.434445
23.3333,6.6667,-2479.383992
23.5000,6.6667,-1020.143014
23.6667,6.6667,93.856489
23.8333,6.6667,915.014288
24.0000,6.6667,1504.817565
24.1667,6.6667,1920.341551
24.3333,6.6667,2207.636745
24.5000,6.6667,2400.501341
24.6667,6.6667,2522.345883
24.8333,6.6667,2589.083555
25.0000,6.6667,2611.735449
25.1667,6.6667,2598.279159
25.3333,6.6667,2554.843667
25.5000,6.6667,2486.522798
25.6667,6.6667,2397.955058
25.8333,6.6667,2293.647762
26.0000,6.6667,2177.998597
26.1667,6.6667,2055.088748
26.3333,6.6667,1928.439756
26.5000,6.6667,1800.913380
26.6667,6.6667,1674.798485
26.8333,6.6667,1551.986395
27.0000,6.6667,1434.094007
27.1667,6.6667,1322.463929
27.3333,6.6667,1218.074524
27.5000,6.6667,1121.445736
27.6667,6.6667,1032.607253
27.8333,6.6667,951.143608
28.0000,6.6667,876.296802
28.1667,6.6667,807.104908
28.3333,6.6667,742.562045
28.5000,6.6667,681.778690
28.6667,6.6667,624.107453
28.8333,6.6667,569.199454
29.0000,6.6667,516.979407
29.1667,6.6667,467.559778
29.3333,6.6667,421.133793
29.5000,6.6667,377.884049
29.6667,6.6667,337.925656
29.8333,6.6667,301.284388
30.0000,6.6667,267.899932
0.0000,6.8333,2.416782
0.1667,6.8333,3.577896
0.3333,6.8333,4.786811
0.5000,6.8333,6.028743
0.6667,6.8333,7.288899
0.8333,6.8333,8.557306
1.0000,6.8333,9.836208
1.1667,6.8333,11.149758
1.3333,6.8333,12.554367
1.5000,6.8333,14.145981
1.6667,6.8333,16.058477
1.8333,6.8333,18.446786
2.0000,6.8333,21.451290
2.1667,6.8333,25.147272
2.3333,6.8333,29.493336
2.5000,6.8333,34.300617
2.6667,6.8333,39.243585
2.8333,6.8333,43.919475
3.0000,6.8333,47.941650
3.1667,6.8333,51.034814
3.3333,6.8333,53.098181
3.5000,6.8333,54.216809
3.6667,6.8333,54.621900
3.8333,6.8333,54.618268
4.0000,6.8333,54.507547
4.1667,6.8333,54.537326
4.3333,6.8333,54.896375
4.5000,6.8333,55.754703
4.6667,6.8333,57.322899
4.8333,6.8333,59.891429
5.0000,6.8333,63.816610
5.1667,6.8333,69.444922
5.3333,6.8333,77.000677
5.5000,6.8333,86.487796
5.6667,6.8333,97.658921
5.8333,6.8333,110.077213
6.0000,6.8333,123.248253
6.1667,6.8333,136.758458
6.3333,6.8333,150.349689
6.5000,6.8333,163.894413
6.6667,6.8333,177.290959
6.8333,6.8333,190.341220
7.0000,6.8333,202.681483
7.1667,6.8333,213.809836
7.3333,6.8333,223.205340
7.5000,6.8333,230.487180
7.6667,6.8333,235.538979
7.8333,6.8333,238.539230
8.0000,6.8333,239.887963
8.1667,6.8333,240.074174
8.3333,6.8333,239.553048
8.5000,6.8333,238.682696
8.6667,6.8333,237.725832
8.8333,6.8333,236.886906
9.0000,6.8333,236.349561
9.1667,6.8333,236.296414
9.3333,6.8333,236.912079
9.5000,6.8333,238.377075
9.6667,6.8333,240.855563
9.8333,6.8333,244.474084
10.0000,6.8333,249.290147
10.1667,6.8333,255.257612
10.3333,6.8333,262.202135
10.5000,6.8333,269.818546
10.6667,6.8333,277.695026
10.8333,6.8333,285.362339
11.0000,6.8333,292.362664
11.1667,6.8333,298.328272
11.3333,6.8333,303.052546
11.5000,6.8333,306.529416
11.6667,6.8333,308.942769
11.8333,6.8333,310.609477
12.0000,6.8333,311.908658
12.1667,6.8333,313.243605
12.3333,6.8333,315.063192
12.5000,6.8333,317.922469
12.6667,6.8333,322.520201
12.8333,6.8333,329.651420
13.0000,6.8333,340.063885
13.1667,6.8333,354.274691
13.3333,6.8333,372.436335
13.5000,6.8333,394.317114
13.6667,6.8333,419.401634
13.8333,6.8333,447.066721
14.0000,6.8333,476.771486
14.1667,6.8333,508.210962
14.3333,6.8333,541.400088
14.5000,6.8333,576.669825
14.6667,6.8333,614.575976
14.8333,6.8333,655.749856
15.0000,6.8333,700.748731
15.1667,6.8333,749.969729
15.3333,6.8333,803.658222
15.5000,6.8333,861.984733
15.6667,6.8333,925.123726
15.8333,6.8333,993.277121
16.0000,6.8333,1066.638093
16.1667,6.8333,1145.339412
16.3333,6.8333,1229.429979
16.5000,6.8333,1318.877567
16.6667,6.8333,1413.556033
16.8333,6.8333,1513.187157
17.0000,6.8333,1617.261778
17.1667,6.8333,1725.002585
17.3333,6.8333,1835.401612
17.5000,6.8333,1947.286641
17.6667,6.8333,2059.318437
17.8333,6.8333,2169.859553
18.0000,6.8333,2276.768475
18.1667,6.8333,2377.261023
18.3333,6.8333,2467.947814
18.5000,6.8333,2545.010372
18.6667,6.8333,2604.338765
18.8333,6.8333,2641.446751
19.0000,6.8333,2651.112707
19.1667,6.8333,2626.822723
19.3333,6.8333,2560.052631
19.5000,6.8333,2439.219612
19.6667,6.8333,2247.972761
19.8333,6.8333,1962.652458
20.0000,6.8333,1549.355827
20.1667,6.8333,961.942924
20.3333,6.8333,143.123265
20.5000,6.8333,-968.999012
20.6667,6.8333,-2427.364362
20.8333,6.8333,-4256.027972
21.0000,6.8333,-6427.777538
21.1667,6.8333,-8846.283337
21.3333,6.8333,-11340.853238
21.5000,6.8333,-13679.811110
21.6667,6.8333,-15603.580001
21.8333,6.8333,-16872.122059
22.0000,6.8333,-17315.357396
22.1667,6.8333,-16871.942754
22.3333,6.8333,-15603.773677
22.5000,6.8333,-13681.211080
22.6667,6.8333,-11344.160340
22.8333,6.8333,-8851.707502
23.0000,6.8333,-6434.903008
23.1667,6.8333,-4263.956312
23.3333,6.8333,-2435.050821
23.5000,6.8333,-975.612865
23.6667,6.8333,137.973139
23.8333,6.8333,958.188208
24.0000,6.8333,1546.617607
24.1667,6.8333,1960.447105
24.3333,6.8333,2245.849475
24.5000,6.8333,2436.750493
24.6667,6.8333,2556.678128
24.8333,6.8333,2621.632251
25.0000,6.8333,2642.672227
25.1667,6.8333,2627.758371
25.3333,6.8333,2582.953979
25.5000,6.8333,2513.258746
25.6667,6.8333,2423.215704
25.8333,6.8333,2317.262077
26.0000,6.8333,2199.770347
26.1667,6.8333,2074.849077
26.3333,6.8333,1946.094418
26.5000,6.8333,1816.473839
26.6667,6.8333,1688.391102
26.8333,6.8333,1563.839590
27.0000,6.8333,1444.507962
27.1667,6.8333,1331.770377
27.3333,6.8333,1226.595548
27.5000,6.8333,1129.460035
27.6667,6.8333,1040.329537
27.8333,6.8333,958.718303
28.0000,6.8333,883.803013
28.1667,6.8333,814.567735
28.3333,6.8333,749.966082
28.5000,6.8333,689.081561
28.6667,6.8333,631.252615
28.8333,6.8333,576.127654
29.0000,6.8333,523.637815
29.1667,6.8333,473.907824
29.3333,6.8333,427.145441
29.5000,6.8333,383.547114
29.6667,6.8333,343.239317
29.8333,6.8333,306.256065
30.0000,6.8333,272.542357
0.0000,7.0000,3.212578
0.1667,7.0000,4.419498
0.3333,7.0000,5.675106
0.5000,7.0000,6.966217
0.6667,7.0000,8.280665
0.8333,7.0000,9.612144
1.0000,7.0000,10.967493
1.1667,7.0000,12.376391
1.3333,7.0000,13.902171
1.5000,7.0000,15.650332
1.6667,7.0000,17.768727
1.8333,7.0000,20.432016
2.0000,7.0000,23.805163
2.1667,7.0000,27.988345
2.3333,7.0000,32.957310
2.5000,7.0000,38.523476
2.6667,7.0000,44.338651
2.8333,7.0000,49.955011
3.0000,7.0000,54.926658
3.1667,7.0000,58.918096
3.3333,7.0000,61.780471
3.5000,7.0000,63.570531
3.6667,7.0000,64.510623
3.8333,7.0000,64.909727
4.0000,7.0000,65.079058
4.1667,7.0000,65.277596
4.3333,7.0000,65.709974
4.5000,7.0000,66.573236
4.6667,7.0000,68.121574
4.8333,7.0000,70.704377
5.0000,7.0000,74.742319
5.1667,7.0000,80.635741
5.3333,7.0000,88.636074
5.5000,7.0000,98.737107
5.6667,7.0000,110.643143
5.8333,7.0000,123.840072
6.0000,7.0000,137.744659
6.1667,7.0000,151.864381
6.3333,7.0000,165.892114
6.5000,7.0000,179.693976
6.6667,7.0000,193.204895
6.8333,7.0000,206.292840
7.0000,7.0000,218.666728
7.1667,7.0000,229.880386
7.3333,7.0000,239.437004
7.5000,7.0000,246.946624
7.6667,7.0000,252.259627
7.8333,7.0000,255.511096
8.0000,7.0000,257.060735
8.1667,7.0000,257.370490
8.3333,7.0000,256.888550
8.5000,7.0000,255.989106
8.6667,7.0000,254.972222
8.8333,7.0000,254.093737
9.0000,7.0000,253.591243
9.1667,7.0000,253.690886
9.3333,7.0000,254.598937
9.5000,7.0000,256.488137
9.6667,7.0000,259.483811
9.8333,7.0000,263.648923
10.0000,7.0000,268.967652
10.1667,7.0000,275.331694
10.3333,7.0000,282.535500
10.5000,7.0000,290.283213
10.6667,7.0000,298.205814
10.8333,7.0000,305.887783
11.0000,7.0000,312.907688
11.1667,7.0000,318.897513
11.3333,7.0000,323.613927
11.5000,7.0000,326.996968
11.6667,7.0000,329.185210
11.8333,7.0000,330.474971
12.0000,7.0000,331.247770
12.1667,7.0000,331.917060
12.3333,7.0000,332.934262
12.5000,7.0000,334.845444
12.6667,7.0000,338.339165
12.8333,7.0000,344.217010
13.0000,7.0000,353.265203
13.1667,7.0000,366.075309
13.3333,7.0000,382.901352
13.5000,7.0000,403.623097
13.6667,7.0000,427.829516
13.8333,7.0000,454.983920
14.0000,7.0000,484.609506
14.1667,7.0000,516.439222
14.3333,7.0000,550.491145
14.5000,7.0000,587.051953
14.6667,7.0000,626.577777
14.8333,7.0000,669.552250
15.0000,7.0000,716.362755
15.1667,7.0000,767.249565
15.3333,7.0000,822.342898
15.5000,7.0000,881.750384
15.6667,7.0000,945.628675
15.8333,7.0000,1014.191959
16.0000,7.0000,1087.663719
16.1667,7.0000,1166.220283
16.3333,7.0000,1249.967202
16.5000,7.0000,1338.941272
16.6667,7.0000,1433.093247
16.8333,7.0000,1532.221554
17.0000,7.0000,1635.883765
17.1667,7.0000,1743.350707
17.3333,7.0000,1853.638719
17.5000,7.0000,1965.576799
17.6667,7.0000,2077.812371
17.8333,7.0000,2188.695116
18.0000,7.0000,2296.086667
18.1667,7.0000,2397.229233
18.3333,7.0000,2488.775511
18.5000,7.0000,2566.943866
18.6667,7.0000,2627.631542
18.8333,7.0000,2666.315120
19.0000,7.0000,2677.695388
19.1667,7.0000,2655.162637
19.3333,7.0000,2590.109665
19.5000,7.0000,2470.908813
19.6667,7.0000,2281.209424
19.8333,7.0000,1997.379993
20.0000,7.0000,1585.538105
20.1667,7.0000,999.519028
20.3333,7.0000,181.941690
20.5000,7.0000,-929.237498
20.6667,7.0000,-2387.126957
20.8333,7.0000,-4215.917455
21.0000,7.0000,-6388.449332
21.1667,7.0000,-8808.330595
21.3333,7.0000,-11304.689013
21.5000,7.0000,-13645.578326
21.6667,7.0000,-15571.112398
21.8333,7.0000,-16840.965631
22.0000,7.0000,-17284.847123
22.1667,7.0000,-16841.318104
22.3333,7.0000,-15572.309835
22.5000,7.0000,-13648.340551
22.6667,7.0000,-11309.560996
22.8333,7.0000,-8815.339334
23.0000,7.0000,-6396.988018
23.1667,7.0000,-4224.912158
23.3333,7.0000,-2395.402537
23.5000,7.0000,-935.910523
23.6667,7.0000,177.212063
23.8333,7.0000,996.508889
24.0000,7.0000,1583.640162
24.1667,7.0000,1995.873896
24.3333,7.0000,2279.474441
24.5000,7.0000,2468.468936
24.6667,7.0000,2586.489645
24.8333,7.0000,2649.629267
25.0000,7.0000,2669.011269
25.1667,7.0000,2652.618113
25.3333,7.0000,2606.489790
25.5000,7.0000,2535.565468
25.6667,7.0000,2444.308319
25.8333,7.0000,2337.079128
26.0000,7.0000,2218.199090
26.1667,7.0000,2091.765791
26.3333,7.0000,1961.409416
26.5000,7.0000,1830.169626
26.6667,7.0000,1700.544159
26.8333,7.0000,1574.620520
27.0000,7.0000,1454.160123
27.1667,7.0000,1340.572747
27.3333,7.0000,1234.820146
27.5000,7.0000,1137.335665
27.6667,7.0000,1048.020496
27.8333,7.0000,966.320239
28.0000,7.0000,891.351830
28.1667,7.0000,822.054694
28.3333,7.0000,757.353441
28.5000,7.0000,696.316063
28.6667,7.0000,638.276461
28.8333,7.0000,582.887169
29.0000,7.0000,530.089665
29.1667,7.0000,480.022393
29.3333,7.0000,432.907344
29.5000,7.0000,388.953473
29.6667,7.0000,348.296805
29.8333,7.0000,310.977714
30.0000,7.0000,276.944804
0.0000,7.1667,4.026035
0.1667,7.1667,5.284742
0.3333,7.1667,6.594941
0.5000,7.1667,7.945309
0.6667,7.1667,9.326410
0.8333,7.1667,10.735446
1.0000,7.1667,12.183373
1.1667,7.1667,13.704528
1.3333,7.1667,15.367824
1.5000,7.1667,17.286310
1.6667,7.1667,19.618867
1.8333,7.1667,22.555761
2.0000,7.1667,26.281592
2.1667,7.1667,30.917061
2.3333,7.1667,36.453760
2.5000,7.1667,42.707890
2.6667,7.1667,49.320323
2.8333,7.1667,55.815982
3.0000,7.1667,61.709595
3.1667,7.1667,66.621549
3.3333,7.1667,70.361290
3.5000,7.1667,72.949922
3.6667,7.1667,74.579588
3.8333,7.1667,75.532237
4.0000,7.1667,76.095513
4.1667,7.1667,76.513890
4.3333,7.1667,76.996384
4.5000,7.1667,77.772685
4.6667,7.1667,79.160661
4.8333,7.1667,81.596493
5.0000,7.1667,85.592739
5.1667,7.1667,91.624213
5.3333,7.1667,99.980362
5.5000,7.1667,110.647129
5.6667,7.1667,123.277251
5.8333,7.1667,137.273109
6.0000,7.1667,151.954128
6.1667,7.1667,166.737921
6.3333,7.1667,181.255910
6.5000,7.1667,195.356568
6.6667,7.1667,209.004865
6.8333,7.1667,222.135520
7.0000,7.1667,234.537873
7.1667,7.1667,245.833723
7.3333,7.1667,255.562994
7.5000,7.1667,263.335913
7.6667,7.1667,268.974027
7.8333,7.1667,272.569630
8.0000,7.1667,274.442231
8.1667,7.1667,275.029630
8.3333,7.1667,274.779388
8.5000,7.1667,274.088291
8.6667,7.1667,273.294282
8.8333,7.1667,272.693304
9.0000,7.1667,272.551745
9.1667,7.1667,273.103634
9.3333,7.1667,274.538658
9.5000,7.1667,276.990417
9.6667,7.1667,280.528488
9.8333,7.1667,285.153057
10.0000,7.1667,290.792087
10.1667,7.1667,297.304145
10.3333,7.1667,304.488442
10.5000,7.1667,312.097371
10.6667,7.1667,319.843730
10.8333,7.1667,327.401713
11.0000,7.1667,334.414542
11.1667,7.1667,340.528028
11.3333,7.1667,345.456016
11.5000,7.1667,349.055900
11.6667,7.1667,351.373799
11.8333,7.1667,352.631168
12.0000,7.1667,353.165048
12.1667,7.1667,353.371317
12.3333,7.1667,353.698453
12.5000,7.1667,354.693412
12.6667,7.1667,357.046865
12.8333,7.1667,361.570225
13.0000,7.1667,369.078823
13.1667,7.1667,380.223061
13.3333,7.1667,395.349670
13.5000,7.1667,414.460530
13.6667,7.1667,437.283891
13.8333,7.1667,463.421732
14.0000,7.1667,492.514392
14.1667,7.1667,524.368777
14.3333,7.1667,559.014885
14.5000,7.1667,596.678509
14.6667,7.1667,637.685482
14.8333,7.1667,682.340614
15.0000,7.1667,730.838848
15.1667,7.1667,783.251889
15.3333,7.1667,839.591401
15.5000,7.1667,899.903286
15.6667,7.1667,964.329661
15.8333,7.1667,1033.101870
16.0000,7.1667,1106.480660
16.1667,7.1667,1184.695060
16.3333,7.1667,1267.917473
16.5000,7.1667,1356.262645
16.6667,7.1667,1449.763202
16.8333,7.1667,1548.293237
17.0000,7.1667,1651.469910
17.1667,7.1667,1758.601191
17.3333,7.1667,1868.717675
17.5000,7.1667,1980.646147
17.6667,7.1667,2093.027266
17.8333,7.1667,2204.212611
18.0000,7.1667,2312.082925
18.1667,7.1667,2413.915580
18.3333,7.1667,2506.402524
18.5000,7.1667,2585.786773
18.6667,7.1667,2647.958101
18.8333,7.1667,2688.345275
19.0000,7.1667,2701.566938
19.1667,7.1667,2680.916442
19.3333,7.1667,2617.701271
19.5000,7.1667,2500.242505
19.6667,7.1667,2312.179689
19.8333,7.1667,2029.899803
20.0000,7.1667,1619.537565
20.1667,7.1667,1034.911311
20.3333,7.1667,218.569577
20.5000,7.1667,-891.650491
20.6667,7.1667,-2348.997040
20.8333,7.1667,-4177.778670
21.0000,7.1667,-6350.889797
21.1667,7.1667,-8771.900808
21.3333,7.1667,-11269.804720
21.5000,7.1667,-13612.442118
21.6667,7.1667,-15539.672954
21.8333,7.1667,-16810.923706
22.0000,7.1667,-17255.706846
22.1667,7.1667,-16812.473614
22.3333,7.1667,-15543.151477
22.5000,7.1667,-13618.360974
22.6667,7.1667,-11278.439777
22.8333,7.1667,-8782.987378
23.0000,7.1667,-6363.542352
23.1667,7.1667,-4190.686644
23.3333,7.1667,-2360.814350
23.5000,7.1667,-901.407799
23.6667,7.1667,211.202357
23.8333,7.1667,1029.607761
24.0000,7.1667,1615.525437
24.1667,7.1667,2026.283188
24.3333,7.1667,2308.210870
24.5000,7.1667,2495.411046
24.6667,7.1667,2611.600812
24.8333,7.1667,2672.959646
25.0000,7.1667,2690.687162
25.1667,7.1667,2672.817984
25.3333,7.1667,2625.410738
25.5000,7.1667,2553.387144
25.6667,7.1667,2461.162547
25.8333,7.1667,2353.032861
26.0000,7.1667,2233.255572
26.1667,7.1667,2105.884162
26.3333,7.1667,1974.537546
26.5000,7.1667,1842.280805
26.6667,7.1667,1711.666619
26.8333,7.1667,1584.850345
27.0000,7.1667,1463.652798
27.1667,7.1667,1349.515704
27.3333,7.1667,1243.395886
27.5000,7.1667,1145.688569
27.6667,7.1667,1056.237949
27.8333,7.1667,974.431414
28.0000,7.1667,899.339998
28.1667,7.1667,829.875247
28.3333,7.1667,764.950784
28.5000,7.1667,703.635955
28.6667,7.1667,645.273488
28.8333,7.1667,589.528450
29.0000,7.1667,536.355927
29.1667,7.1667,485.907192
29.3333,7.1667,438.414990
29.5000,7.1667,394.096246
29.6667,7.1667,353.092078
29.8333,7.1667,315.445465
30.0000,7.1667,281.105766
0.0000,7.3333,4.875944
0.1667,7.3333,6.197891
0.3333,7.3333,7.576911
0.5000,7.3333,9.003527
0.6667,7.3333,10.470610
0.8333,7.3333,11.977953
1.0000,7.3333,13.539202
1.1667,7.3333,15.191514
1.3333,7.3333,17.007253
1.5000,7.3333,19.104606
1.6667,7.3333,21.650567
1.8333,7.3333,24.847327
2.0000,7.3333,28.894875
2.1667,7.3333,33.930856
2.3333,7.3333,39.962164
2.5000,7.3333,46.814924
2.6667,7.3333,54.131263
2.8333,7.3333,61.426783
3.0000,7.3333,68.196275
3.1667,7.3333,74.030975
3.3333,7.3333,78.703430
3.5000,7.3333,82.190521
3.6667,7.3333,84.632900
3.8333,7.3333,86.256222
4.0000,7.3333,87.294915
4.1667,7.3333,87.956893
4.3333,7.3333,88.446835
4.5000,7.3333,89.033382
4.6667,7.3333,90.116861
4.8333,7.3333,92.245828
5.0000,7.3333,96.050393
5.1667,7.3333,102.100027
5.3333,7.3333,110.734079
5.5000,7.3333,121.934415
5.6667,7.3333,135.299860
5.8333,7.3333,150.143047
6.0000,7.3333,165.677348
6.1667,7.3333,181.220001
6.3333,7.3333,196.329270
6.5000,7.3333,210.824170
6.6667,7.3333,224.689360
6.8333,7.3333,237.919124
7.0000,7.3333,250.380605
7.1667,7.3333,261.766167
7.3333,7.3333,271.659994
7.5000,7.3333,279.683967
7.6667,7.3333,285.645092
7.8333,7.3333,289.609105
8.0000,7.3333,291.872561
8.1667,7.3333,292.865451
8.3333,7.3333,293.046381
8.5000,7.3333,292.836704
8.6667,7.3333,292.600133
8.8333,7.3333,292.645481
9.0000,7.3333,293.229216
9.1667,7.3333,294.550698
9.3333,7.3333,296.745692
9.5000,7.3333,299.883941
9.6667,7.3333,303.970817
9.8333,7.3333,308.950993
10.0000,7.3333,314.715692
10.1667,7.3333,321.117548
10.3333,7.3333,327.991904
10.5000,7.3333,335.173290
10.6667,7.3333,342.492347
10.8333,7.3333,349.750146
11.0000,7.3333,356.689142
11.1667,7.3333,362.993663
11.3333,7.3333,368.340314
11.5000,7.3333,372.483560
11.6667,7.3333,375.331502
11.8333,7.3333,376.970225
12.0000,7.3333,377.634051
12.1667,7.3333,377.661783
12.3333,7.3333,377.485744
12.5000,7.3333,377.661887
12.6667,7.3333,378.898612
12.8333,7.3333,382.026069
13.0000,7.3333,387.884343
13.1667,7.3333,397.169408
13.3333,7.3333,410.310665
13.5000,7.3333,427.437978
13.6667,7.3333,448.446125
13.8333,7.3333,473.118757
14.0000,7.3333,501.257669
14.1667,7.3333,532.773799
14.3333,7.3333,567.716632
14.5000,7.3333,606.238859
14.6667,7.3333,648.514536
14.8333,7.3333,694.650057
15.0000,7.3333,744.636032
15.1667,7.3333,798.371007
15.3333,7.3333,855.747266
15.5000,7.3333,916.749139
15.6667,7.3333,981.505029
15.8333,7.3333,1050.266253
16.0000,7.3333,1123.336905
16.1667,7.3333,1201.008049
16.3333,7.3333,1283.530048
16.5000,7.3333,1371.106002
16.6667,7.3333,1463.857159
16.8333,7.3333,1561.733636
17.0000,7.3333,1664.404658
17.1667,7.3333,1771.201131
17.3333,7.3333,1881.151653
17.5000,7.3333,1993.069195
17.6667,7.3333,2105.585825
17.8333,7.3333,2217.062895
18.0000,7.3333,2325.411993
18.1667,7.3333,2427.953330
18.3333,7.3333,2521.417156
18.5000,7.3333,2602.063279
18.6667,7.3333,2665.765337
18.8333,7.3333,2707.900539
19.0000,7.3333,2723.007875
19.1667,7.3333,2704.288876
19.3333,7.3333,2642.967507
19.5000,7.3333,2527.307534
19.6667,7.3333,2340.924570
19.8333,7.3333,2060.206697
20.0000,7.3333,1651.293433
20.1667,7.3333,1067.986970
20.3333,7.3333,252.782935
20.5000,7.3333,-856.570034
20.6667,7.3333,-2313.425434
20.8333,7.3333,-4142.184030
21.0000,7.3333,-6315.787713
21.1667,7.3333,-8737.786297
21.3333,7.3333,-11237.075829
21.5000,7.3333,-13581.332768
21.6667,7.3333,-15510.210745
21.8333,7.3333,-16782.922967
22.0000,7.3333,-17228.799996
22.1667,7.3333,-16786.176490
22.3333,7.3333,-15516.951365
22.5000,7.3333,-13591.810287
22.6667,7.3333,-11251.234972
22.8333,7.3333,-8755.014388
23.0000,7.3333,-6334.878323
23.1667,7.3333,-4161.561637
23.3333,7.3333,-2331.549977
23.5000,7.3333,-872.355434
23.6667,7.3333,239.706249
23.8333,7.3333,1057.263647
24.0000,7.3333,1642.075937
24.1667,7.3333,2051.512167
24.3333,7.3333,2331.944984
24.5000,7.3333,2517.526756
24.6667,7.3333,2632.035014
24.8333,7.3333,2691.719685
25.0000,7.3333,2707.855721
25.1667,7.3333,2688.549089
25.3333,7.3333,2639.914345
25.5000,7.3333,2566.902279
25.6667,7.3333,2473.923012
25.8333,7.3333,2365.233639
26.0000,7.3333,2245.029710
26.1667,7.3333,2117.297314
26.3333,7.3333,1985.601544
26.5000,7.3333,1852.980974
26.6667,7.3333,1721.992670
26.8333,7.3333,1594.819180
27.0000,7.3333,1473.314487
27.1667,7.3333,1358.940972
27.3333,7.3333,1252.651760
27.5000,7.3333,1154.814025
27.6667,7.3333,1065.230306
27.8333,7.3333,983.247926
28.0000,7.3333,907.911719
28.1667,7.3333,838.125915
28.3333,7.3333,772.813533
28.5000,7.3333,711.063660
28.6667,7.3333,652.242034
28.8333,7.3333,596.034608
29.0000,7.3333,542.412354
29.1667,7.3333,491.536735
29.3333,7.3333,443.645679
29.5000,7.3333,398.957584
29.6667,7.3333,357.612676
29.8333,7.3333,319.651794
30.0000,7.3333,285.021704
0.0000,7.5000,5.775473
0.1667,7.5000,7.175413
0.3333,7.5000,8.641094
0.5000,7.5000,10.164611
0.6667,7.5000,11.740317
0.8333,7.5000,13.369130
1.0000,7.5000,15.065316
1.1667,7.5000,16.866361
1.3333,7.5000,18.845420
1.5000,7.5000,21.123135
1.6667,7.5000,23.871856
1.8333,7.5000,27.302718
2.0000,7.5000,31.628024
2.1667,7.5000,37.000103
2.3333,7.5000,43.441420
2.5000,7.5000,50.792715
2.6667,7.5000,58.707350
2.8333,7.5000,66.705730
3.0000,7.5000,74.277680
3.1667,7.5000,80.996609
3.3333,7.5000,86.601884
3.5000,7.5000,91.020451
3.6667,7.5000,94.327453
3.8333,7.5000,96.673678
4.0000,7.5000,98.222255
4.1667,7.5000,99.131566
4.3333,7.5000,99.596930
4.5000,7.5000,99.929282
4.6667,7.5000,100.621444
4.8333,7.5000,102.348193
5.0000,7.5000,105.871747
5.1667,7.5000,111.868981
5.3333,7.5000,120.738491
5.5000,7.5000,132.463367
5.6667,7.5000,146.589905
5.8333,7.5000,162.339067
6.0000,7.5000,178.813743
6.1667,7.5000,195.224383
6.3333,7.5000,211.047669
6.5000,7.5000,226.062356
6.6667,7.5000,240.259731
6.8333,7.5000,253.679825
7.0000,7.5000,266.256028
7.1667,7.5000,277.745645
7.3333,7.5000,287.780371
7.5000,7.5000,296.007072
7.6667,7.5000,302.240707
7.8333,7.5000,306.549161
8.0000,7.5000,309.235990
8.1667,7.5000,310.748029
8.3333,7.5000,311.567353
8.5000,7.5000,312.134826
8.6667,7.5000,312.816096
8.8333,7.5000,313.894039
9.0000,7.5000,315.569529
9.1667,7.5000,317.964515
9.3333,7.5000,321.129220
9.5000,7.5000,325.053302
9.6667,7.5000,329.676982
9.8333,7.5000,334.900480
10.0000,7.5000,340.596886
10.1667,7.5000,346.635289
10.3333,7.5000,352.911448
10.5000,7.5000,359.368454
10.6667,7.5000,365.984811
10.8333,7.5000,372.722871
11.0000,7.5000,379.460819
11.1667,7.5000,385.953364
11.3333,7.5000,391.856969
11.5000,7.5000,396.815994
11.6667,7.5000,400.565963
11.8333,7.5000,403.002779
12.0000,7.5000,404.198979
12.1667,7.5000,404.390645
12.3333,7.5000,403.972131
12.5000,7.5000,403.508682
12.6667,7.5000,403.737407
12.8333,7.5000,405.515527
13.0000,7.5000,409.706351
13.1667,7.5000,417.042138
13.3333,7.5000,428.026870
13.5000,7.5000,442.921144
13.6667,7.5000,461.804120
13.8333,7.5000,484.670236
14.0000,7.5000,511.513228
14.1667,7.5000,542.369549
14.3333,7.5000,577.315463
14.5000,7.5000,616.425812
14.6667,7.5000,659.713036
14.8333,7.5000,707.076894
15.0000,7.5000,758.299852
15.1667,7.5000,813.106691
15.3333,7.5000,871.270479
15.5000,7.5000,932.713934
15.6667,7.5000,997.552604
15.8333,7.5000,1066.061374
16.0000,7.5000,1138.594911
16.1667,7.5000,1215.516514
16.3333,7.5000,1297.165942
16.5000,7.5000,1383.845190
16.6667,7.5000,1475.771410
16.8333,7.5000,1572.972240
17.0000,7.5000,1675.162609
17.1667,7.5000,1781.682130
17.3333,7.5000,1891.538631
17.5000,7.5000,2003.513948
17.6667,7.5000,2116.221218
17.8333,7.5000,2228.029667
18.0000,7.5000,2336.884691
18.1667,7.5000,2440.151370
18.3333,7.5000,2534.595846
18.5000,7.5000,2616.489165
18.6667,7.5000,2681.684928
18.8333,7.5000,2725.510932
19.0000,7.5000,2742.435306
19.1667,7.5000,2725.579261
19.3333,7.5000,2666.091041
19.5000,7.5000,2552.175773
19.6667,7.5000,2367.413474
19.8333,7.5000,2088.175784
20.0000,7.5000,1680.592351
20.1667,7.5000,1098.446596
20.3333,7.5000,284.195489
20.5000,7.5000,-824.472087
20.6667,7.5000,-2280.980691
20.8333,7.5000,-4109.795308
21.0000,7.5000,-6283.893736
21.1667,7.5000,-8706.814554
21.3333,7.5000,-11207.384710
21.5000,7.5000,-13553.155041
21.6667,7.5000,-15483.611851
21.8333,7.5000,-16757.786086
22.0000,7.5000,-17204.844924
22.1667,7.5000,-16763.011714
22.3333,7.5000,-15494.149876
22.5000,7.5000,-13568.992148
22.6667,7.5000,-11228.136470
22.8333,7.5000,-8731.526599
23.0000,7.5000,-6311.047263
23.1667,7.5000,-4137.554875
23.3333,7.5000,-2307.605372
23.5000,7.5000,-848.731330
23.6667,7.5000,262.765141
23.8333,7.5000,1079.540792
24.0000,7.5000,1663.383380
24.1667,7.5000,2071.685973
24.3333,7.5000,2350.843043
24.5000,7.5000,2535.032276
24.6667,7.5000,2648.066070
24.8333,7.5000,2706.243835
25.0000,7.5000,2720.907216
25.1667,7.5000,2700.243292
25.3333,7.5000,2650.451405
25.5000,7.5000,2576.553031
25.6667,7.5000,2482.995991
25.8333,7.5000,2374.030470
26.0000,7.5000,2253.801848
26.1667,7.5000,2126.216940
26.3333,7.5000,1994.753904
26.5000,7.5000,1862.377598
26.6667,7.5000,1731.597828
26.8333,7.5000,1604.578022
27.0000,7.5000,1483.172117
27.1667,7.5000,1368.847144
27.3333,7.5000,1262.553502
27.5000,7.5000,1164.644180
27.6667,7.5000,1074.900940
27.8333,7.5000,992.653699
28.0000,7.5000,916.942616
28.1667,7.5000,846.684249
28.3333,7.5000,780.828793
28.5000,7.5000,718.500427
28.6667,7.5000,659.099490
28.8333,7.5000,602.339340
29.0000,7.5000,548.207944
29.1667,7.5000,496.873627
29.3333,7.5000,448.573566
29.5000,7.5000,403.520995
29.6667,7.5000,361.849311
29.8333,7.5000,323.592664
30.0000,7.5000,288.692171
0.0000,7.6667,6.730554
0.1667,7.6667,8.223990
0.3333,7.6667,9.794691
0.5000,7.6667,11.435903
0.6667,7.6667,13.142482
0.8333,7.6667,14.914878
1.0000,7.6667,16.765825
1.1667,7.6667,18.730607
1.3333,7.6667,20.880476
1.5000,7.6667,23.335849
1.6667,7.6667,26.271789
1.8333,7.6667,29.905767
2.0000,7.6667,34.460012
2.1667,7.6667,40.099937
2.3333,7.6667,46.863709
2.5000,7.6667,54.609446
2.6667,7.6667,63.007483
2.8333,7.6667,71.591051
3.0000,7.6667,79.853638
3.1667,7.6667,87.357973
3.3333,7.6667,93.814371
3.5000,7.6667,99.100652
3.6667,7.6667,103.224934
3.8333,7.6667,106.260878
4.0000,7.6667,108.298497
4.1667,7.6667,109.445489
4.3333,7.6667,109.886605
4.5000,7.6667,109.972860
4.6667,7.6667,110.285951
4.8333,7.6667,111.622580
5.0000,7.6667,114.873806
5.1667,7.6667,120.823483
5.3333,7.6667,129.932741
5.5000,7.6667,142.192207
5.6667,7.6667,157.103193
5.8333,7.6667,173.801786
6.0000,7.6667,191.284881
6.1667,7.6667,208.657109
6.3333,7.6667,225.309788
6.5000,7.6667,240.971848
6.6667,7.6667,255.626068
6.8333,7.6667,269.339973
7.0000,7.6667,282.096527
7.1667,7.6667,293.708397
7.3333,7.6667,303.856746
7.5000,7.6667,312.228806
7.6667,7.6667,318.674909
7.8333,7.6667,323.299758
8.0000,7.6667,326.448141
8.1667,7.6667,328.608522
8.3333,7.6667,330.294064
8.5000,7.6667,331.952003
8.6667,7.6667,333.918134
8.8333,7.6667,336.406176
9.0000,7.6667,339.516653
9.1667,7.6667,343.256977
9.3333,7.6667,347.568128
9.5000,7.6667,352.350796
9.6667,7.6667,357.483725
9.8333,7.6667,362.834770
10.0000,7.6667,368.275184
10.1667,7.6667,373.708058
10.3333,7.6667,379.107310
10.5000,7.6667,384.543426
10.6667,7.6667,390.164893
10.8333,7.6667,396.122750
11.0000,7.6667,402.463407
11.1667,7.6667,409.045282
11.3333,7.6667,415.530411
11.5000,7.6667,421.461215
11.6667,7.6667,426.384881
11.8333,7.6667,429.969347
12.0000,7.6667,432.076337
12.1667,7.6667,432.793846
12.3333,7.6667,432.448031
12.5000,7.6667,431.601123
12.6667,7.6667,431.018902
12.8333,7.6667,431.588983
13.0000,7.6667,434.198200
13.1667,7.6667,439.611532
13.3333,7.6667,448.403697
13.5000,7.6667,460.966376
13.6667,7.6667,477.569839
13.8333,7.6667,498.431102
14.0000,7.6667,523.749045
14.1667,7.6667,553.696626
14.3333,7.6667,588.384004
14.5000,7.6667,627.812129
14.6667,7.6667,671.834496
14.8333,7.6667,720.146901
15.0000,7.6667,772.326250
15.1667,7.6667,827.925189
15.3333,7.6667,886.598109
15.5000,7.6667,948.206891
15.6667,7.6667,1012.857354
15.8333,7.6667,1080.854716
16.0000,7.6667,1152.614073
16.1667,7.6667,1228.581944
16.3333,7.6667,1309.197563
16.5000,7.6667,1394.869810
16.6667,7.6667,1485.917094
16.8333,7.6667,1582.446350
17.0000,7.6667,1684.214803
17.1667,7.6667,1790.560938
17.3333,7.6667,1900.456298
17.5000,7.6667,2012.633501
17.6667,7.6667,2125.669955
17.8333,7.6667,2237.929410
18.0000,7.6667,2347.380621
18.1667,7.6667,2451.424163
18.3333,7.6667,2546.853124
18.5000,7.6667,2629.943203
18.6667,7.6667,2696.527232
18.8333,7.6667,2741.891243
19.0000,7.6667,2760.447817
19.1667,7.6667,2745.256354
19.3333,7.6667,2687.404422
19.5000,7.6667,2575.044292
19.6667,7.6667,2391.715080
19.8333,7.6667,2113.759221
20.0000,7.6667,1707.284264
20.1667,7.6667,1126.051859
20.3333,7.6667,312.491618
20.5000,7.6667,-795.742923
20.6667,7.6667,-2252.116880
20.8333,7.6667,-4081.132511
21.0000,7.6667,-6255.788570
21.1667,7.6667,-8679.613769
21.3333,7.6667,-11181.382940
21.5000,7.6667,-13528.549104
21.6667,7.6667,-15460.463459
21.8333,7.6667,-16736.005699
22.0000,7.6667,-17184.205898
22.1667,7.6667,-16743.195599
22.3333,7.6667,-15474.813174
22.5000,7.6667,-13549.836686
22.6667,7.6667,-11208.963720
22.8333,7.6667,-8712.262132
23.0000,7.6667,-6291.732367
23.1667,7.6667,-4118.313612
23.3333,7.6667,-2288.602366
23.5000,7.6667,-830.135807
23.6667,7.6667,280.799663
23.8333,7.6667,1096.880592
24.0000,7.6667,1679.908606
24.1667,7.6667,2087.282745
24.3333,7.6667,2365.399260
24.5000,7.6667,2548.439622
24.6667,7.6667,2660.229481
24.8333,7.6667,2717.099523
25.0000,7.6667,2730.448394
25.1667,7.6667,2708.547658
25.3333,7.6667,2657.699125
25.5000,7.6667,2583.023547
25.6667,7.6667,2489.038803
25.8333,7.6667,2380.015690
26.0000,7.6667,2260.064607
26.1667,7.6667,2133.011375
26.3333,7.6667,2002.227821
26.5000,7.6667,1870.571145
26.6667,7.6667,1740.461899
26.8333,7.6667,1614.002979
27.0000,7.6667,1493.016276
27.1667,7.6667,1378.957296
27.3333,7.6667,1272.775050
27.5000,7.6667,1174.823638
27.6667,7.6667,1084.886383
27.8333,7.6667,1002.298414
28.0000,7.6667,926.114136
28.1667,7.6667,855.276968
28.3333,7.6667,788.775477
28.5000,7.6667,725.777743
28.6667,7.6667,665.725098
28.8333,7.6667,608.361688
29.0000,7.6667,553.692514
29.1667,7.6667,501.889933
29.3333,7.6667,453.185809
29.5000,7.6667,407.783238
29.6667,7.6667,365.804406
29.8333,7.6667,327.273504
30.0000,7.6667,292.123893
0.0000,7.8333,7.739850
0.1667,7.8333,9.340677
0.3333,7.8333,11.032500
0.5000,7.8333,12.809272
0.6667,7.8333,14.665501
0.8333,7.8333,16.599875
1.0000,7.8333,18.621925
1.1667,7.8333,20.762777
1.3333,7.8333,23.089629
1.5000,7.8333,25.720318
1.6667,7.8333,28.830073
1.8333,7.8333,32.640035
2.0000,7.8333,37.379835
2.1667,7.8333,43.225948
2.3333,7.8333,50.231037
2.5000,7.8333,58.270355
2.6667,7.8333,67.031904
2.8333,7.8333,76.063279
3.0000,7.8333,84.864045
3.1667,7.8333,92.989916
3.3333,7.8333,100.127866
3.5000,7.8333,106.115350
3.6667,7.8333,110.905746
3.8333,7.8333,114.510485
4.0000,7.8333,116.961222
4.1667,7.8333,118.325511
4.3333,7.8333,118.779880
4.5000,7.8333,118.707327
4.6667,7.8333,118.760637
4.8333,7.8333,119.834943
5.0000,7.8333,122.927118
5.1667,7.8333,128.911744
5.3333,7.8333,138.307060
5.5000,7.8333,151.117161
5.6667,7.8333,166.812818
5.8333,7.8333,184.463408
6.0000,7.8333,202.976506
6.1667,7.8333,221.361561
6.3333,7.8333,238.926026
6.5000,7.8333,255.340460
6.6667,7.8333,270.562478
6.8333,7.8333,284.666980
7.0000,7.8333,297.669120
7.1667,7.8333,309.428203
7.3333,7.8333,319.678698
7.5000,7.8333,328.165421
7.6667,7.8333,334.802043
7.8333,7.8333,339.762767
8.0000,7.8333,343.462603
8.1667,7.8333,346.448275
8.3333,7.8333,349.262441
8.5000,7.8333,352.338184
8.6667,7.8333,355.946842
8.8333,7.8333,360.192756
9.0000,7.8333,365.039092
9.1667,7.8333,370.351381
9.3333,7.8333,375.946450
9.5000,7.8333,381.632969
9.6667,7.8333,387.234310
9.8333,7.8333,392.597708
10.0000,7.8333,397.606619
10.1667,7.8333,402.211946
10.3333,7.8333,406.478155
10.5000,7.8333,410.614520
10.6667,7.8333,414.951928
10.8333,7.8333,419.846509
11.0000,7.8333,425.535668
11.1667,7.8333,432.010333
11.3333,7.8333,438.968231
11.5000,7.8333,445.872812
11.6667,7.8333,452.089977
11.8333,7.8333,457.046450
12.0000,7.8333,460.362459
12.1667,7.8333,461.938848
12.3333,7.8333,461.997024
12.5000,7.8333,461.070021
12.6667,7.8333,459.938872
12.8333,7.8333,459.518381
13.0000,7.8333,460.721076
13.1667,7.8333,464.347630
13.3333,7.8333,471.044331
13.5000,7.8333,481.331495
13.6667,7.8333,495.665117
13.8333,7.8333,514.478205
14.0000,7.8333,538.169822
14.1667,7.8333,567.049061
14.3333,7.8333,601.265826
14.5000,7.8333,640.758506
14.6667,7.8333,685.235548
14.8333,7.8333,734.201531
15.0000,7.8333,787.036637
15.1667,7.8333,843.125857
15.3333,7.8333,902.007074
15.5000,7.8333,963.484612
15.6667,7.8333,1027.661676
15.8333,7.8333,1094.884973
16.0000,7.8333,1165.642644
16.1667,7.8333,1240.474833
16.3333,7.8333,1319.926144
16.5000,7.8333,1404.514193
16.6667,7.8333,1494.658804
16.8333,7.8333,1590.546656
17.0000,7.8333,1691.977824
17.1667,7.8333,1798.288033
17.3333,7.8333,1908.405907
17.5000,7.8333,2021.001542
17.6667,7.8333,2134.596810
17.8333,7.8333,2247.525403
18.0000,7.8333,2357.752878
18.1667,7.8333,2462.690244
18.3333,7.8333,2559.137878
18.5000,7.8333,2643.365583
18.6667,7.8333,2711.186593
18.8333,7.8333,2757.858449
19.0000,7.8333,2777.760910
19.1667,7.8333,2763.918061
19.3333,7.8333,2707.379873
19.5000,7.8333,2596.259340
19.6667,7.8333,2414.056500
19.8333,7.8333,2137.077597
20.0000,7.8333,1731.399267
20.1667,7.8333,1150.758636
20.3333,7.8333,337.566347
20.5000,7.8333,-770.539799
20.6667,7.8333,-2227.039238
20.8333,7.8333,-4056.445694
21.0000,7.8333,-6231.760245
21.1667,7.8333,-8656.494794
21.3333,7.8333,-11159.378414
21.5000,7.8333,-13507.785069
21.6667,7.8333,-15440.959351
21.8333,7.8333,-16717.664394
22.0000,7.8333,-17166.829946
22.1667,7.8333,-16726.529674
22.3333,7.8333,-15458.601988
22.5000,7.8333,-13533.880086
22.6667,7.8333,-11193.151237
22.8333,7.8333,-8696.578036
23.0000,7.8333,-6276.234434
23.1667,7.8333,-4103.098176
23.3333,7.8333,-2273.770907
23.5000,7.8333,-815.774453
23.6667,7.8333,294.623967
23.8333,7.8333,1110.111113
24.0000,7.8333,1692.485164
24.1667,7.8333,2099.131051
24.3333,7.8333,2376.427428
24.5000,7.8333,2558.542766
24.6667,7.8333,2669.302606
24.8333,7.8333,2725.059498
25.0000,7.8333,2737.264232
25.1667,7.8333,2714.273177
25.3333,7.8333,2662.496435
25.5000,7.8333,2587.165022
25.6667,7.8333,2492.881604
25.8333,7.8333,2383.953334
26.0000,7.8333,2264.468454
26.1667,7.8333,2138.177400
26.3333,7.8333,2008.340748
26.5000,7.8333,1877.691725
26.6667,7.8333,1748.536449
26.8333,7.8333,1622.889144
27.0000,7.8333,1502.516264
27.1667,7.8333,1388.849848
27.3333,7.8333,1282.839707
27.5000,7.8333,1184.854868
27.6667,7.8333,1094.699453
27.8333,7.8333,1011.731874
28.0000,7.8333,935.033632
28.1667,7.8333,863.582011
28.3333,7.8333,796.406811
28.5000,7.8333,732.720869
28.6667,7.8333,672.006697
28.8333,7.8333,614.039033
29.0000,7.8333,558.839151
29.1667,7.8333,506.581973
29.3333,7.8333,457.492070
29.5000,7.8333,411.760293
29.6667,7.8333,369.495787
29.8333,7.8333,330.711448
30.0000,7.8333,295.332097
0.0000,8.0000,8.795971
0.1667,8.0000,10.514669
0.3333,8.0000,12.339390
0.5000,8.0000,14.264438
0.6667,8.0000,16.283406
0.8333,8.0000,18.392477
1.0000,8.0000,20.597097
1.1667,8.0000,22.923197
1.3333,8.0000,25.432619
1.5000,8.0000,28.238870
1.6667,8.0000,31.515030
1.8333,8.0000,35.483120
2.0000,8.0000,40.377188
2.1667,8.0000,46.381831
2.3333,8.0000,53.561239
2.5000,8.0000,61.804491
2.6667,8.0000,70.813413
2.8333,8.0000,80.146040
3.0000,8.0000,89.305390
3.1667,8.0000,97.841125
3.3333,8.0000,105.424021
3.5000,8.0000,111.866435
3.6667,8.0000,117.090392
3.8333,8.0000,121.073650
4.0000,8.0000,123.817367
4.1667,8.0000,125.368809
4.3333,8.0000,125.901684
4.5000,8.0000,125.818733
4.6667,8.0000,125.815368
4.8333,8.0000,126.846514
5.0000,8.0000,129.975254
5.1667,8.0000,136.136022
5.3333,8.0000,145.889295
5.5000,8.0000,159.256445
5.6667,8.0000,175.697665
5.8333,8.0000,194.244859
6.0000,8.0000,213.745677
6.1667,8.0000,233.135329
6.3333,8.0000,251.644518
6.5000,8.0000,268.878298
6.6667,8.0000,284.752123
6.8333,8.0000,299.328696
7.0000,8.0000,312.640626
7.1667,8.0000,324.589168
7.3333,8.0000,334.969359
7.5000,8.0000,343.601333
7.6667,8.0000,350.485910
7.8333,8.0000,355.890234
8.0000,8.0000,360.315458
8.1667,8.0000,364.369224
8.3333,8.0000,368.610882
8.5000,8.0000,373.433583
8.6667,8.0000,379.011736
8.8333,8.0000,385.308743
9.0000,8.0000,392.125878
9.1667,8.0000,399.172290
9.3333,8.0000,406.136114
9.5000,8.0000,412.737455
9.6667,8.0000,418.753128
9.8333,8.0000,424.021272
10.0000,8.0000,428.449268
10.1667,8.0000,432.045596
10.3333,8.0000,434.971629
10.5000,8.0000,437.578214
10.6667,8.0000,440.379553
10.8333,8.0000,443.939682
11.0000,8.0000,448.696626
11.1667,8.0000,454.793924
11.3333,8.0000,461.995158
11.5000,8.0000,469.719123
11.6667,8.0000,477.178940
11.8333,8.0000,483.572846
12.0000,8.0000,488.271128
12.1667,8.0000,490.959853
12.3333,8.0000,491.717735
12.5000,8.0000,491.012441
12.6667,8.0000,489.615890
12.8333,8.0000,488.461397
13.0000,8.0000,488.490870
13.1667,8.0000,490.548659
13.3333,8.0000,495.356212
13.5000,8.0000,503.556085
13.6667,8.0000,515.773075
13.8333,8.0000,532.633348
14.0000,8.0000,554.715344
14.1667,8.0000,582.453339
14.3333,8.0000,616.039962
14.5000,8.0000,655.366426
14.6667,8.0000,700.017944
14.8333,8.0000,749.329025
15.0000,8.0000,802.498840
15.1667,8.0000,858.754392
15.3333,8.0000,917.523735
15.5000,8.0000,978.561719
15.6667,8.0000,1041.981096
15.8333,8.0000,1108.185247
16.0000,8.0000,1177.749159
16.1667,8.0000,1251.313992
16.3333,8.0000,1329.528555
16.5000,8.0000,1413.011838
16.6667,8.0000,1502.277131
16.8333,8.0000,1597.587721
17.0000,8.0000,1698.790176
17.1667,8.0000,1805.225097
17.3333,8.0000,1915.783445
17.5000,8.0000,2029.068464
17.6667,8.0000,2143.527849
17.8333,8.0000,2257.432501
18.0000,8.0000,2368.703541
18.1667,8.0000,2474.721603
18.3333,8.0000,2572.262898
18.5000,8.0000,2657.575401
18.6667,8.0000,2726.454644
18.8333,8.0000,2774.148026
19.0000,8.0000,2795.032725
19.1667,8.0000,2782.132584
19.3333,8.0000,2726.491635
19.5000,8.0000,2616.204856
19.6667,8.0000,2434.741003
19.8333,8.0000,2158.366708
20.0000,8.0000,1753.119699
20.1667,8.0000,1172.707978
20.3333,8.0000,359.527882
20.5000,8.0000,-748.783026
20.6667,8.0000,-2205.694888
20.8333,8.0000,-4035.706503
21.0000,8.0000,-6211.798068
21.1667,8.0000,-8637.449880
21.3333,8.0000,-11141.342801
21.5000,8.0000,-13490.783972
21.6667,8.0000,-15424.938558
21.8333,8.0000,-16702.492804
22.0000,8.0000,-17152.322834
22.1667,8.0000,-16712.490189
22.3333,8.0000,-15444.868868
22.5000,8.0000,-13520.364186
22.6667,8.0000,-11179.846726
22.8333,8.0000,-8683.545160
23.0000,8.0000,-6263.563483
23.1667,8.0000,-4090.871379
23.3333,8.0000,-2262.037526
23.5000,8.0000,-804.546487
23.6667,8.0000,305.357469
23.8333,8.0000,1120.360019
24.0000,8.0000,1702.235565
24.1667,8.0000,2108.332366
24.3333,8.0000,2384.992502
24.5000,8.0000,2566.359701
24.6667,8.0000,2676.255519
24.8333,8.0000,2731.055958
25.0000,8.0000,2742.266720
25.1667,8.0000,2718.329046
25.3333,8.0000,2665.757501
25.5000,8.0000,2589.887866
25.6667,8.0000,2495.404540
25.8333,8.0000,2386.653489
26.0000,8.0000,2267.708631
26.1667,8.0000,2142.254770
26.3333,8.0000,2013.448045
26.5000,8.0000,1883.897853
26.6667,8.0000,1755.788715
26.8333,8.0000,1631.034635
27.0000,8.0000,1511.335911
27.1667,8.0000,1398.096213
27.3333,8.0000,1292.269423
27.5000,8.0000,1194.249543
27.6667,8.0000,1103.874146
27.8333,8.0000,1020.535384
28.0000,8.0000,943.346968
28.1667,8.0000,871.319324
28.3333,8.0000,803.518668
28.5000,8.0000,739.196364
28.6667,8.0000,677.870724
28.8333,8.0000,619.343720
29.0000,8.0000,563.651608
29.1667,8.0000,510.972052
29.3333,8.0000,461.523236
29.5000,8.0000,415.484845
29.6667,8.0000,372.953939
29.8333,8.0000,333.932884
30.0000,8.0000,298.338536
0.0000,8.1667,9.887472
0.1667,8.1667,11.730020
0.3333,8.1667,13.693867
0.5000,8.1667,15.773433
0.6667,8.1667,17.961146
0.8333,8.1667,20.250480
1.0000,8.1667,22.642624
1.1667,8.1667,25.158092
1.3333,8.1667,27.852848
1.5000,8.1667,30.834995
1.6667,8.1667,34.273656
1.8333,8.1667,38.389295
2.0000,8.1667,43.417525
2.1667,8.1667,49.547858
2.3333,8.1667,56.852092
2.5000,8.1667,65.227883
2.6667,8.1667,74.384036
2.8333,8.1667,83.881362
3.0000,8.1667,93.220079
3.1667,8.1667,101.942354
3.3333,8.1667,109.709878
3.5000,8.1667,116.328154
3.6667,8.1667,121.717034
3.8333,8.1667,125.856632
4.0000,8.1667,128.752869
4.1667,8.1667,130.457995
4.3333,8.1667,131.150406
4.5000,8.1667,131.238601
4.6667,8.1667,131.426842
4.8333,8.1667,132.683132
5.0000,8.1667,136.087448
5.1667,8.1667,142.593497
5.3333,8.1667,152.781634
5.5000,8.1667,166.691331
5.6667,8.1667,183.794906
5.8333,8.1667,203.123720
6.0000,8.1667,223.504745
6.1667,8.1667,243.828594
6.3333,8.1667,263.261878
6.5000,8.1667,281.339667
6.6667,8.1667,297.919928
6.8333,8.1667,313.036232
7.0000,8.1667,326.728116
7.1667,8.1667,338.938784
7.3333,8.1667,349.533894
7.5000,8.1667,358.424874
7.6667,8.1667,365.715455
7.8333,8.1667,371.775062
8.0000,8.1667,377.189482
8.1667,8.1667,382.613615
8.3333,8.1667,388.599977
8.5000,8.1667,395.473515
8.6667,8.1667,403.285038
8.8333,8.1667,411.837485
9.0000,8.1667,420.760984
9.1667,8.1667,429.609353
9.3333,8.1667,437.950951
9.5000,8.1667,445.430442
9.6667,8.1667,451.791894
9.8333,8.1667,456.876130
10.0000,8.1667,460.622417
10.1667,8.1667,463.099792
10.3333,8.1667,464.563904
10.5000,8.1667,465.499122
10.6667,8.1667,466.591371
10.8333,8.1667,468.601759
11.0000,8.1667,472.165232
11.1667,8.1667,477.587679
11.3333,8.1667,484.724676
11.5000,8.1667,492.989795
11.6667,8.1667,501.486666
11.8333,8.1667,509.219075
12.0000,8.1667,515.320645
12.1667,8.1667,519.250774
12.3333,8.1667,520.914017
12.5000,8.1667,520.675114
12.6667,8.1667,519.267942
12.8333,8.1667,517.632384
13.0000,8.1667,516.743029
13.1667,8.1667,517.496668
13.3333,8.1667,520.692389
13.5000,8.1667,527.083442
13.6667,8.1667,537.437330
13.8333,8.1667,552.539202
14.0000,8.1667,573.115189
14.1667,8.1667,599.705695
14.3333,8.1667,632.545019
14.5000,8.1667,671.492754
14.6667,8.1667,716.036295
14.8333,8.1667,765.367117
15.0000,8.1667,818.526227
15.1667,8.1667,874.599946
15.3333,8.1667,932.920736
15.5000,8.1667,993.208821
15.6667,8.1667,1055.603652
15.8333,8.1667,1120.582596
16.0000,8.1667,1188.819722
16.1667,8.1667,1261.059196
16.3333,8.1667,1338.044285
16.5000,8.1667,1420.477817
16.6667,8.1667,1508.949164
16.8333,8.1667,1603.789236
17.0000,8.1667,1704.894860
17.1667,8.1667,1811.625876
17.3333,8.1667,1922.851893
17.5000,8.1667,2037.115693
17.6667,8.1667,2152.777649
17.8333,8.1667,2268.011013
18.0000,8.1667,2380.642799
18.1667,8.1667,2487.971637
18.3333,8.1667,2586.708993
18.5000,8.1667,2673.059965
18.6667,8.1667,2742.803490
18.8333,8.1667,2791.198008
19.0000,8.1667,2812.653999
19.1667,8.1667,2800.237743
19.3333,8.1667,2745.027348
19.5000,8.1667,2635.128288
19.6667,8.1667,2453.990128
19.8333,8.1667,2177.836813
20.0000,8.1667,1772.656001
20.1667,8.1667,1192.116905
20.3333,8.1667,378.601196
20.5000,8.1667,-730.241703
20.6667,8.1667,-2187.849880
20.8333,8.1667,-4018.678911
21.0000,8.1667,-6195.660648
21.1667,8.1667,-8622.223365
21.3333,8.1667,-11126.991747
21.5000,8.1667,-13477.214581
21.6667,8.1667,-15412.004091
21.8333,8.1667,-16690.012015
22.0000,8.1667,-17140.112770
22.1667,8.1667,-16700.407460
22.3333,8.1667,-15432.846288
22.5000,8.1667,-13508.427305
22.6667,8.1667,-11168.100670
22.8333,8.1667,-8672.134799
23.0000,8.1667,-6252.622336
23.1667,8.1667,-4080.479587
23.3333,8.1667,-2252.204290
23.5000,8.1667,-795.221251
23.6667,8.1667,314.252209
23.8333,8.1667,1128.888378
24.0000,8.1667,1710.415366
24.1667,8.1667,2116.120060
24.3333,8.1667,2392.288827
24.5000,8.1667,2573.032256
24.6667,8.1667,2682.170983
24.8333,8.1667,2736.114614
25.0000,8.1667,2746.433234
25.1667,8.1667,2721.654507
25.3333,8.1667,2668.388584
25.5000,8.1667,2592.060511
25.6667,8.1667,2497.421980
25.8333,8.1667,2388.851272
26.0000,8.1667,2270.411756
26.1667,8.1667,2145.733937
26.3333,8.1667,2017.883066
26.5000,8.1667,1889.355776
26.6667,8.1667,1762.221604
26.8333,8.1667,1638.297382
27.0000,8.1667,1519.219070
27.1667,8.1667,1406.364654
27.3333,8.1667,1300.696424
27.5000,8.1667,1202.638697
27.6667,8.1667,1112.067140
27.8333,8.1667,1028.409567
28.0000,8.1667,950.809558
28.1667,8.1667,878.303797
28.3333,8.1667,809.984794
28.5000,8.1667,745.131527
28.6667,8.1667,683.289007
28.8333,8.1667,624.280888
29.0000,8.1667,568.156774
29.1667,8.1667,515.098558
29.3333,8.1667,465.321275
29.5000,8.1667,418.997144
29.6667,8.1667,376.214455
29.8333,8.1667,336.967573
30.0000,8.1667,301.167114
0.0000,8.3333,11.001289
0.1667,8.3333,12.968819
0.3333,8.3333,15.072095
0.5000,8.3333,17.305495
0.6667,8.3333,19.660253
0.8333,8.3333,22.127244
1.0000,8.3333,24.703614
1.1667,8.3333,27.404610
1.3333,8.3333,30.280211
1.5000,8.3333,33.432543
1.6667,8.3333,37.025732
1.8333,8.3333,41.277306
2.0000,8.3333,46.422853
2.1667,8.3333,52.654767
2.3333,8.3333,60.049263
2.5000,8.3333,68.507307
2.6667,8.3333,77.736944
2.8333,8.3333,87.292463
3.0000,8.3333,96.662942
3.1667,8.3333,105.379523
3.3333,8.3333,113.100230
3.5000,8.3333,119.640974
3.6667,8.3333,124.948440
3.8333,8.3333,129.041610
4.0000,8.3333,131.967152
4.1667,8.3333,133.808118
4.3333,8.3333,134.755205
4.5000,8.3333,135.208435
4.6667,8.3333,135.846710
4.8333,8.3333,137.603679
5.0000,8.3333,141.525560
5.1667,8.3333,148.542570
5.3333,8.3333,159.229951
5.5000,8.3333,173.644139
5.6667,8.3333,191.292178
5.8333,8.3333,211.243982
6.0000,8.3333,232.348997
6.1667,8.3333,253.487431
6.3333,8.3333,273.778866
6.5000,8.3333,292.687987
6.6667,8.3333,310.004006
6.8333,8.3333,325.718724
7.0000,8.3333,339.872442
7.1667,8.3333,352.453791
7.3333,8.3333,363.409985
7.5000,8.3333,372.755879
7.6667,8.3333,380.703895
7.8333,8.3333,387.719558
8.0000,8.3333,394.453900
8.1667,8.3333,401.579972
8.3333,8.3333,409.611177
8.5000,8.3333,418.775906
8.6667,8.3333,428.982580
8.8333,8.3333,439.867733
9.0000,8.3333,450.897878
9.1667,8.3333,461.490359
9.3333,8.3333,471.119239
9.5000,8.3333,479.379714
9.6667,8.3333,486.003790
9.8333,8.3333,490.846712
10.0000,8.3333,493.881413
10.1667,8.3333,495.230236
10.3333,8.3333,495.228462
10.5000,8.3333,494.473764
10.6667,8.3333,493.800481
10.8333,8.3333,494.144611
11.0000,8.3333,496.323122
11.1667,8.3333,500.803428
11.3333,8.3333,507.551085
11.5000,8.3333,516.011001
11.6667,8.3333,525.225436
11.8333,8.3333,534.050713
12.0000,8.3333,541.415526
12.1667,8.3333,546.560056
12.3333,8.3333,549.198906
12.5000,8.3333,549.565803
12.6667,8.3333,548.330935
12.8333,8.3333,546.427639
13.0000,8.3333,544.862792
13.1667,8.3333,544.589490
13.3333,8.3333,546.481433
13.5000,8.3333,551.385254
13.6667,8.3333,560.179386
13.8333,8.3333,573.768406
14.0000,8.3333,592.989341
14.1667,8.3333,618.464775
14.3333,8.3333,650.465322
14.5000,8.3333,688.831726
14.6667,8.3333,732.978898
14.8333,8.3333,781.985655
15.0000,8.3333,834.764291
15.1667,8.3333,890.286437
15.3333,8.3333,947.812082
15.5000,8.3333,1007.048630
15.6667,8.3333,1068.182794
15.8333,8.3333,1131.782531
16.0000,8.3333,1198.628981
16.1667,8.3333,1269.564761
16.3333,8.3333,1345.410088
16.5000,8.3333,1426.925660
16.6667,8.3333,1514.751017
16.8333,8.3333,1609.268439
17.0000,8.3333,1710.425017
17.1667,8.3333,1817.615838
17.3333,8.3333,1929.712536
17.5000,8.3333,2045.213843
17.6667,8.3333,2162.388886
17.8333,8.3333,2279.283871
18.0000,8.3333,2393.582945
18.1667,8.3333,2502.448705
18.3333,8.3333,2602.483545
18.5000,8.3333,2689.825122
18.6667,8.3333,2760.234463
18.8333,8.3333,2809.001479
19.0000,8.3333,2830.607422
19.1667,8.3333,2818.207958
19.3333,8.3333,2762.961377
19.5000,8.3333,2653.017896
19.6667,8.3333,2471.822701
19.8333,8.3333,2195.552318
20.0000,8.3333,1790.127806
20.1667,8.3333,1209.163152
20.3333,8.3333,395.019246
20.5000,8.3333,-714.633858
20.6667,8.3333,-2173.180271
20.8333,8.3333,-4005.003207
21.0000,8.3333,-6182.957182
21.1667,8.3333,-8610.396513
21.3333,8.3333,-11115.880401
21.5000,8.3333,-13466.606384
21.6667,8.3333,-15401.658480
21.8333,8.3333,-16679.694023
22.0000,8.3333,-17129.634952
22.1667,8.3333,-16689.670940
22.3333,8.3333,-15421.867026
22.5000,8.3333,-13497.334288
22.6667,8.3333,-11157.100987
22.8333,8.3333,-8661.453896
23.0000,8.3333,-6242.439401
23.1667,8.3333,-4070.881111
23.3333,8.3333,-2243.171705
23.5000,8.3333,-786.655061
23.6667,8.3333,322.482693
23.8333,8.3333,1136.888630
24.0000,8.3333,1718.221994
24.1667,8.3333,2123.683078
24.3333,8.3333,2399.483071
24.5000,8.3333,2579.691659
24.6667,8.3333,2688.133591
24.8333,8.3333,2741.265174
25.0000,8.3333,2750.733279
25.1667,8.3333,2725.155363
25.3333,8.3333,2671.228395
25.5000,8.3333,2594.449773
25.6667,8.3333,2499.621961
25.8333,8.3333,2391.147205
26.0000,8.3333,2273.081066
26.1667,8.3333,2149.011223
26.3333,8.3333,2021.927413
26.5000,8.3333,1894.228861
26.6667,8.3333,1767.883992
26.8333,8.3333,1644.624969
27.0000,8.3333,1526.034501
27.1667,8.3333,1413.473569
27.3333,8.3333,1307.917879
27.5000,8.3333,1209.822953
27.6667,8.3333,1119.099857
27.8333,8.3333,1035.206520
28.0000,8.3333,957.308261
28.1667,8.3333,884.457368
28.3333,8.3333,815.760100
28.5000,8.3333,750.510325
28.6667,8.3333,688.269173
28.8333,8.3333,628.875432
29.0000,8.3333,572.390204
29.1667,8.3333,519.001718
29.3333,8.3333,468.926364
29.5000,8.3333,422.334139
29.6667,8.3333,379.309326
29.8333,8.3333,339.841975
30.0000,8.3333,303.838959
0.0000,8.5000,12.125394
0.1667,8.5000,14.214629
0.3333,8.5000,16.452197
0.5000,8.5000,18.832296
0.6667,8.5000,21.344998
0.8333,8.5000,23.978766
1.0000,8.5000,26.726928
1.1667,8.5000,29.599577
1.3333,8.5000,32.640557
1.5000,8.5000,35.945675
1.6667,8.5000,39.673750
1.8333,8.5000,44.039406
2.0000,8.5000,49.278622
2.1667,8.5000,55.586947
2.3333,8.5000,63.044060
2.5000,8.5000,71.550862
2.6667,8.5000,80.808318
2.8333,8.5000,90.355755
3.0000,8.5000,99.662988
3.1667,8.5000,108.245877
3.3333,8.5000,115.762147
3.5000,8.5000,122.051722
3.6667,8.5000,127.111965
3.8333,8.5000,131.031163
4.0000,8.5000,133.926647
4.1667,8.5000,135.933045
4.3333,8.5000,137.257909
4.5000,8.5000,138.278163
4.6667,8.5000,139.615696
4.8333,8.5000,142.127492
5.0000,8.5000,146.781851
5.1667,8.5000,154.448883
5.3333,8.5000,165.677844
5.5000,8.5000,180.542015
5.6667,8.5000,198.603684
5.8333,8.5000,219.006444
6.0000,8.5000,240.661534
6.1667,8.5000,262.471356
6.3333,8.5000,283.527271
6.5000,8.5000,303.227849
6.6667,8.5000,321.288259
6.8333,8.5000,337.651413
7.0000,8.5000,352.356168
7.1667,8.5000,365.441942
7.3333,8.5000,376.947609
7.5000,8.5000,386.998984
7.6667,8.5000,395.913727
7.8333,8.5000,404.233984
8.0000,8.5000,412.641902
8.1667,8.5000,421.787328
8.3333,8.5000,432.106036
8.5000,8.5000,443.702871
8.6667,8.5000,456.333553
8.8333,8.5000,469.476072
9.0000,8.5000,482.457907
9.1667,8.5000,494.596931
9.3333,8.5000,505.315145
9.5000,8.5000,514.196777
9.6667,8.5000,520.988447
9.8333,8.5000,525.570217
10.0000,8.5000,527.942985
10.1667,8.5000,528.264142
10.3333,8.5000,526.922202
10.5000,8.5000,524.597336
10.6667,8.5000,522.240100
10.8333,8.5000,520.931090
11.0000,8.5000,521.645396
11.1667,8.5000,525.000080
11.3333,8.5000,531.076264
11.5000,8.5000,539.375960
11.6667,8.5000,548.923297
11.8333,8.5000,558.478599
12.0000,8.5000,566.811982
12.1667,8.5000,572.973764
12.3333,8.5000,576.496369
12.5000,8.5000,577.473354
12.6667,8.5000,576.495480
12.8333,8.5000,574.476470
13.0000,8.5000,572.447965
13.1667,8.5000,571.413314
13.3333,8.5000,572.309081
13.5000,8.5000,576.052551
13.6667,8.5000,583.599138
13.8333,8.5000,595.932856
14.0000,8.5000,613.964154
14.1667,8.5000,638.371568
14.3333,8.5000,669.452820
14.5000,8.5000,707.038668
14.6667,8.5000,750.495012
14.8333,8.5000,798.820164
15.0000,8.5000,850.832661
15.1667,8.5000,905.423176
15.3333,8.5000,961.809780
15.5000,8.5000,1019.713469
15.6667,8.5000,1079.389137
15.8333,8.5000,1141.508346
16.0000,8.5000,1206.961613
16.1667,8.5000,1276.679704
16.3333,8.5000,1351.537395
16.5000,8.5000,1432.322604
16.6667,8.5000,1519.693352
16.8333,8.5000,1614.059906
17.0000,8.5000,1715.412812
17.1667,8.5000,1823.194750
17.3333,8.5000,1936.304520
17.5000,8.5000,2053.220695
17.6667,8.5000,2172.128599
17.8333,8.5000,2290.930261
18.0000,8.5000,2407.128579
18.1667,8.5000,2517.702865
18.3333,8.5000,2619.104849
18.5000,8.5000,2707.379356
18.6667,8.5000,2778.264874
18.8333,8.5000,2827.098918
19.0000,8.5000,2848.467376
19.1667,8.5000,2835.660677
19.3333,8.5000,2779.964100
19.5000,8.5000,2669.608638
19.6667,8.5000,2488.050881
19.8333,8.5000,2211.413900
20.0000,8.5000,1805.532024
20.1667,8.5000,1223.942709
20.3333,8.5000,408.975152
20.5000,8.5000,-701.675242
20.6667,8.5000,-2161.320077
20.8333,8.5000,-3994.244290
21.0000,8.5000,-6173.199539
21.1667,8.5000,-8601.447775
21.3333,8.5000,-11107.476017
21.5000,8.5000,-13458.437785
21.6667,8.5000,-15393.409879
21.8333,8.5000,-16671.087278
22.0000,8.5000,-17120.477338
22.1667,8.5000,-16679.894964
22.3333,8.5000,-15411.548198
22.5000,8.5000,-13486.675578
22.6667,8.5000,-11146.382426
22.8333,8.5000,-8650.959241
23.0000,8.5000,-6232.382275
23.1667,8.5000,-4061.355069
23.3333,8.5000,-2234.140667
23.5000,8.5000,-777.986137
23.6667,8.5000,330.956841
23.8333,8.5000,1145.300302
24.0000,8.5000,1726.615245
24.1667,8.5000,2131.992831
24.3333,8.5000,2407.550575
24.5000,8.5000,2587.308319
24.6667,8.5000,2695.097135
24.8333,8.5000,2747.430002
25.0000,8.5000,2756.041160
25.1667,8.5000,2729.641889
25.3333,8.5000,2675.010523
25.5000,8.5000,2597.704983
25.6667,8.5000,2502.567217
25.8333,8.5000,2394.019001
26.0000,8.5000,2276.112626
26.1667,8.5000,2152.404350
26.3333,8.5000,2025.823003
26.5000,8.5000,1898.685962
26.6667,8.5000,1772.876769
26.8333,8.5000,1650.059789
27.0000,8.5000,1531.780367
27.1667,8.5000,1419.394152
27.3333,8.5000,1313.894937
27.5000,8.5000,1215.766697
27.6667,8.5000,1124.947744
27.8333,8.5000,1040.915321
28.0000,8.5000,962.844782
28.1667,8.5000,889.791817
28.3333,8.5000,820.863843
28.5000,8.5000,755.357437
28.6667,8.5000,692.839713
28.8333,8.5000,633.158194
29.0000,8.5000,576.383564
29.1667,8.5000,522.712478
29.3333,8.5000,472.367348
29.5000,8.5000,425.521555
29.6667,8.5000,382.260596
29.8333,8.5000,342.574327
30.0000,8.5000,306.368702
0.0000,8.6667,13.251471
0.1667,8.6667,15.455989
0.3333,8.6667,17.818751
0.5000,8.6667,20.333580
0.6667,8.6667,22.989386
0.8333,8.6667,25.772346
1.0000,8.6667,28.672069
1.1667,8.6667,31.693374
1.3333,8.6667,34.873613
1.5000,8.6667,38.301866
1.6667,8.6667,42.131683
1.8333,8.6667,46.575724
2.0000,8.6667,51.872271
2.1667,8.6667,58.222335
2.3333,8.6667,65.710607
2.5000,8.6667,74.237534
2.6667,8.6667,83.494179
2.8333,8.6667,93.000361
3.0000,8.6667,102.202206
3.1667,8.6667,110.598461
3.3333,8.6667,117.849631
3.5000,8.6667,123.829063
3.6667,8.6667,128.600291
3.8333,8.6667,132.339890
4.0000,8.6667,135.253404
4.1667,8.6667,137.537127
4.3333,8.6667,139.413194
4.5000,8.6667,141.219204
4.6667,8.6667,143.492350
4.8333,8.6667,146.979632
5.0000,8.6667,152.539722
5.1667,8.6667,160.959257
5.3333,8.6667,172.751157
5.5000,8.6667,188.009882
5.6667,8.6667,206.370305
5.8333,8.6667,227.075453
6.0000,8.6667,249.126408
6.1667,8.6667,271.472250
6.3333,8.6667,293.193069
6.5000,8.6667,313.629601
6.6667,8.6667,332.424509
6.8333,8.6667,349.470883
7.0000,8.6667,364.807518
7.1667,8.6667,378.530770
7.3333,8.6667,390.779716
7.5000,8.6667,401.794890
7.6667,8.6667,411.989602
7.8333,8.6667,421.954996
8.0000,8.6667,432.361426
8.1667,8.6667,443.787013
8.3333,8.6667,456.548117
8.5000,8.6667,470.601229
8.6667,8.6667,485.546930
8.8333,8.6667,500.725043
9.0000,8.6667,515.363524
9.1667,8.6667,528.732339
9.3333,8.6667,540.255266
9.5000,8.6667,549.550991
9.6667,8.6667,556.409190
9.8333,8.6667,560.742480
10.0000,8.6667,562.568512
10.1667,8.6667,562.054781
10.3333,8.6667,559.610215
10.5000,8.6667,555.961182
10.6667,8.6667,552.137364
10.8333,8.6667,549.327972
11.0000,8.6667,548.633852
11.1667,8.6667,550.797289
11.3333,8.6667,556.004582
11.5000,8.6667,563.824482
11.6667,8.6667,573.295005
11.8333,8.6667,583.130712
12.0000,8.6667,592.000889
12.1667,8.6667,598.817793
12.3333,8.6667,602.966865
12.5000,8.6667,604.416296
12.6667,8.6667,603.675078
12.8333,8.6667,601.624699
13.0000,8.6667,599.304742
13.1667,8.6667,597.750232
13.3333,8.6667,597.939096
13.5000,8.6667,600.832321
13.6667,8.6667,607.428884
13.8333,8.6667,618.754720
14.0000,8.6667,635.757793
14.1667,8.6667,659.145512
14.3333,8.6667,689.230522
14.5000,8.6667,725.839061
14.6667,8.6667,768.309821
14.8333,8.6667,815.594140
15.0000,8.6667,866.455943
15.1667,8.6667,919.743891
15.3333,8.6667,974.668451
15.5000,8.6667,1030.991011
15.6667,8.6667,1089.052183
15.8333,8.6667,1149.634465
16.0000,8.6667,1213.734459
16.1667,8.6667,1282.357289
16.3333,8.6667,1356.408774
16.5000,8.6667,1436.672976
16.6667,8.6667,1523.792553
16.8333,8.6667,1618.177019
17.0000,8.6667,1719.845702
17.1667,8.6667,1828.293770
17.3333,8.6667,1942.469040
17.5000,8.6667,2060.857489
17.6667,8.6667,2181.579188
17.8333,8.6667,2302.391203
18.0000,8.6667,2420.594413
18.1667,8.6667,2532.952325
18.3333,8.6667,2635.733575
18.5000,8.6667,2724.867620
18.6667,8.6667,2796.063197
18.8333,8.6667,2844.715091
19.0000,8.6667,2865.539107
19.1667,8.6667,2851.996861
19.3333,8.6667,2795.539864
19.5000,8.6667,2684.511123
19.6667,8.6667,2502.392912
19.8333,8.6667,2225.249892
20.0000,8.6667,1818.811414
20.1667,8.6667,1236.517783
20.3333,8.6667,420.653544
20.5000,8.6667,-691.061015
20.6667,8.6667,-2151.854211
20.8333,8.6667,-3985.895960
21.0000,8.6667,-6165.818788
21.1667,8.6667,-8594.781797
21.3333,8.6667,-11101.198117
21.5000,8.6667,-13452.184771
21.6667,8.6667,-15386.826419
21.8333,8.6667,-16663.875220
22.0000,8.6667,-17112.443959
22.1667,8.6667,-16670.989161
22.3333,8.6667,-15401.871517
22.5000,8.6667,-13476.458924
22.6667,8.6667,-11135.929327
22.8333,8.6667,-8640.568792
23.0000,8.6667,-6222.273953
23.1667,8.6667,-4051.618935
23.3333,8.6667,-2224.729229
23.5000,8.6667,-768.750431
23.6667,8.6667,340.199571
23.8333,8.6667,1154.690714
24.0000,8.6667,1736.193096
24.1667,8.6667,2141.673251
24.3333,8.6667,2417.140557
24.5000,8.6667,2596.555346
24.6667,8.6667,2703.752142
24.8333,8.6667,2755.303504
25.0000,8.6667,2763.035911
25.1667,8.6667,2735.756883
25.3333,8.6667,2680.323986
25.5000,8.6667,2602.350579
25.6667,8.6667,2506.714236
25.8333,8.6667,2397.857393
26.0000,8.6667,2279.836362
26.1667,8.6667,2156.187913
26.3333,8.6667,2029.794422
26.5000,8.6667,1902.907371
26.6667,8.6667,1777.342937
26.8333,8.6667,1654.716165
27.0000,8.6667,1536.551839
27.1667,8.6667,1424.211483
27.3333,8.6667,1318.709668
27.5000,8.6667,1220.552988
27.6667,8.6667,1129.695418
27.8333,8.6667,1045.619826
28.0000,8.6667,967.498289
28.1667,8.6667,894.377707
28.3333,8.6667,825.355388
28.5000,8.6667,759.720365
28.6667,8.6667,697.037343
28.8333,8.6667,637.157187
29.0000,8.6667,580.158456
29.1667,8.6667,526.247951
29.3333,8.6667,475.658190
29.5000,8.6667,428.571001
29.6667,8.6667,385.077955
29.8333,8.6667,345.172641
30.0000,8.6667,308.762849
0.0000,8.8333,14.377255
0.1667,8.8333,16.689634
0.3333,8.8333,19.167100
0.5000,8.8333,21.802856
0.6667,8.8333,24.584609
0.8333,8.8333,27.496351
1.0000,8.8333,30.524048
1.1667,8.8333,33.667098
1.3333,8.8333,36.955899
1.5000,8.8333,40.472224
1.6667,8.8333,44.364068
1.8333,8.8333,48.842625
2.0000,8.8333,54.149982
2.1667,8.8333,60.494910
2.3333,8.8333,67.969687
2.5000,8.8333,76.476694
2.6667,8.8333,85.699288
2.8333,8.8333,95.140325
3.0000,8.8333,104.225853
3.1667,8.8333,112.442562
3.3333,8.8333,119.459909
3.5000,8.8333,125.191138
3.6667,8.8333,129.771722
3.8333,8.8333,133.470399
4.0000,8.8333,136.581290
4.1667,8.8333,139.357256
4.3333,8.8333,142.023001
4.5000,8.8333,144.858114
4.6667,8.8333,148.292490
4.8333,8.8333,152.941412
5.0000,8.8333,159.538274
5.1667,8.8333,168.780113
5.3333,8.8333,181.147080
5.5000,8.8333,196.765162
5.6667,8.8333,215.354807
5.8333,8.8333,236.271185
6.0000,8.8333,258.617046
6.1667,8.8333,281.399950
6.3333,8.8333,303.700742
6.5000,8.8333,324.813248
6.6667,8.8333,344.315691
6.8333,8.8333,362.056543
7.0000,8.8333,378.079151
7.1667,8.8333,392.543103
7.3333,8.8333,405.694464
7.5000,8.8333,417.889878
7.6667,8.8333,429.626559
7.8333,8.8333,441.515380
8.0000,8.8333,454.170957
8.1667,8.8333,468.050875
8.3333,8.8333,483.311391
8.5000,8.8333,499.739332
8.6667,8.8333,516.784310
8.8333,8.8333,533.677335
9.0000,8.8333,549.595292
9.1667,8.8333,563.817702
9.3333,8.8333,575.825147
9.5000,8.8333,585.313448
9.6667,8.8333,592.139740
9.8333,8.8333,596.254310
10.0000,8.8333,597.680356
10.1667,8.8333,596.572708
10.3333,8.8333,593.330653
10.5000,8.8333,588.692085
10.6667,8.8333,583.727707
10.8333,8.8333,579.694480
11.0000,8.8333,577.777152
11.1667,8.8333,578.804777
11.3333,8.8333,583.041371
11.5000,8.8333,590.115033
11.6667,8.8333,599.097158
11.8333,8.8333,608.703310
12.0000,8.8333,617.568159
12.1667,8.8333,624.537318
12.3333,8.8333,628.909973
12.5000,8.8333,630.566956
12.6667,8.8333,629.946465
12.8333,8.8333,627.885641
13.0000,8.8333,625.405940
13.1667,8.8333,623.543325
13.3333,8.8333,623.286867
13.5000,8.8333,625.611729
13.6667,8.8333,631.529331
13.8333,8.8333,642.073941
14.0000,8.8333,658.197803
14.1667,8.8333,680.610311
14.3333,8.8333,709.625085
14.5000,8.8333,745.067157
14.6667,8.8333,786.268914
14.8333,8.8333,832.169390
15.0000,8.8333,881.519577
15.1667,8.8333,933.167151
15.3333,8.8333,986.348886
15.5000,8.8333,1040.889525
15.6667,8.8333,1097.226512
15.8333,8.8333,1156.253838
16.0000,8.8333,1219.066286
16.1667,8.8333,1286.728464
16.3333,8.8333,1360.155761
16.5000,8.8333,1440.100442
16.6667,8.8333,1527.157374
16.8333,8.8333,1621.703996
17.0000,8.8333,1723.766730
17.1667,8.8333,1832.888683
17.3333,8.8333,1948.080874
17.5000,8.8333,2067.863113
17.6667,8.8333,2190.317116
17.8333,8.8333,2313.071402
18.0000,8.8333,2433.225925
18.1667,8.8333,2547.316668
18.3333,8.8333,2651.411798
18.5000,8.8333,2741.310138
18.6667,8.8333,2812.683096
18.8333,8.8333,2860.985461
19.0000,8.8333,2881.075864
19.1667,8.8333,2866.607508
19.3333,8.8333,2809.221006
19.5000,8.8333,2697.390426
19.6667,8.8333,2514.633684
19.8333,8.8333,2236.955998
20.0000,8.8333,1829.972036
20.1667,8.8333,1247.011691
20.3333,8.8333,430.303327
20.5000,8.8333,-682.414484
20.6667,8.8333,-2144.288044
20.8333,8.8333,-3979.370096
21.0000,8.8333,-6160.171424
21.1667,8.8333,-8589.747936
21.3333,8.8333,-11096.442165
21.5000,8.8333,-13447.341021
21.6667,8.8333,-15381.544303
21.8333,8.8333,-16657.866339
22.0000,8.8333,-17105.525025
22.1667,8.8333,-16663.111202
22.3333,8.8333,-15393.124843
22.5000,8.8333,-13467.047682
22.6667,8.8333,-11126.118265
22.8333,8.8333,-8630.614435
23.0000,8.8333,-6212.358836
23.1667,8.8333,-4041.808522
23.3333,8.8333,-2214.965714
23.5000,8.8333,-758.886612
23.6667,8.8333,350.336615
23.8333,8.8333,1165.227073
24.0000,8.8333,1747.150400
24.1667,8.8333,2152.943897
24.3333,8.8333,2428.502237
24.5000,8.8333,2607.718539
24.6667,8.8333,2714.423843
24.8333,8.8333,2765.245527
25.0000,8.8333,2772.099710
25.1667,8.8333,2743.888619
25.3333,8.8333,2687.547638
25.5000,8.8333,2608.744527
25.6667,8.8333,2512.393236
25.8333,8.8333,2402.961092
26.0000,8.8333,2284.517098
26.1667,8.8333,2160.591652
26.3333,8.8333,2034.037544
26.5000,8.8333,1907.060056
26.6667,8.8333,1781.429029
26.8333,8.8333,1658.730057
27.0000,8.8333,1540.482710
27.1667,8.8333,1428.062097
27.3333,8.8333,1322.502306
27.5000,8.8333,1224.323522
27.6667,8.8333,1133.481730
27.8333,8.8333,1049.450660
28.0000,8.8333,971.385673
28.1667,8.8333,898.313597
28.3333,8.8333,829.312283
28.5000,8.8333,763.655473
28.6667,8.8333,700.899437
28.8333,8.8333,640.894586
29.0000,8.8333,583.726189
29.1667,8.8333,529.612548
29.3333,8.8333,478.799489
29.5000,8.8333,431.481342
29.6667,8.8333,387.759742
29.8333,8.8333,347.635320
30.0000,8.8333,311.020079
0.0000,9.0000,15.507981
0.1667,9.0000,17.922641
0.3333,9.0000,20.506481
0.5000,9.0000,23.251831
0.6667,9.0000,26.145196
0.8333,9.0000,29.168604
1.0000,9.0000,32.304690
1.1667,9.0000,35.547603
1.3333,9.0000,38.920572
1.5000,9.0000,42.497307
1.6667,9.0000,46.418978
1.8333,9.0000,50.893713
2.0000,9.0000,56.165876
2.1667,9.0000,62.451191
2.3333,9.0000,69.850423
2.5000,9.0000,78.271700
2.6667,9.0000,87.398485
2.8333,9.0000,96.728826
3.0000,9.0000,105.684138
3.1667,9.0000,113.754994
3.3333,9.0000,120.632315
3.5000,9.0000,126.274587
3.6667,9.0000,130.885391
3.8333,9.0000,134.813108
4.0000,9.0000,138.421674
4.1667,9.0000,141.998625
4.3333,9.0000,145.748968
4.5000,9.0000,149.874037
4.6667,9.0000,154.680753
4.8333,9.0000,160.644516
5.0000,9.0000,168.375044
5.1667,9.0000,178.490763
5.3333,9.0000,191.455162
5.5000,9.0000,207.440037
5.6667,9.0000,226.258038
5.8333,9.0000,247.374620
6.0000,9.0000,269.988819
6.1667,9.0000,293.164931
6.3333,9.0000,315.990611
6.5000,9.0000,337.725139
6.6667,9.0000,357.895853
6.8333,9.0000,376.317209
7.0000,9.0000,393.044327
7.1667,9.0000,408.305692
7.3333,9.0000,422.458720
7.5000,9.0000,435.975680
7.6667,9.0000,449.426664
7.8333,9.0000,463.417190
8.0000,9.0000,478.469111
8.1667,9.0000,494.878640
8.3333,9.0000,512.608726
8.5000,9.0000,531.261627
8.6667,9.0000,550.145366
8.8333,9.0000,568.414604
9.0000,9.0000,585.242647
9.1667,9.0000,599.969354
9.3333,9.0000,612.175461
9.5000,9.0000,621.663785
9.6667,9.0000,628.374580
9.8333,9.0000,632.299951
10.0000,9.0000,633.464459
10.1667,9.0000,631.999373
10.3333,9.0000,628.276365
10.5000,9.0000,623.018333
10.6667,9.0000,617.300707
10.8333,9.0000,612.402524
11.0000,9.0000,609.540476
11.1667,9.0000,609.578718
11.3333,9.0000,612.817449
11.5000,9.0000,618.923885
11.6667,9.0000,627.012857
11.8333,9.0000,635.844133
12.0000,9.0000,644.088371
12.1667,9.0000,650.608483
12.3333,9.0000,654.695777
12.5000,9.0000,656.198752
12.6667,9.0000,655.506192
12.8333,9.0000,653.399693
13.0000,9.0000,650.849819
13.1667,9.0000,648.853629
13.3333,9.0000,648.374863
13.5000,9.0000,650.372366
13.6667,9.0000,655.842384
13.8333,9.0000,665.799211
14.0000,9.0000,681.170594
14.1667,9.0000,702.643274
14.3333,9.0000,730.517924
14.5000,9.0000,764.620471
14.6667,9.0000,804.296722
14.8333,9.0000,848.507675
15.0000,9.0000,896.033071
15.1667,9.0000,945.759665
15.3333,9.0000,996.981057
15.5000,9.0000,1049.602110
15.6667,9.0000,1104.160498
15.8333,9.0000,1161.655398
16.0000,9.0000,1223.268060
16.1667,9.0000,1290.107990
16.3333,9.0000,1363.082527
16.5000,9.0000,1442.889725
16.6667,9.0000,1530.048697
16.8333,9.0000,1624.874020
17.0000,9.0000,1727.372267
17.1667,9.0000,1837.119590
17.3333,9.0000,1953.192914
17.5000,9.0000,2074.165821
17.6667,9.0000,2198.112364
17.8333,9.0000,2322.564376
18.0000,9.0000,2444.445412
18.1667,9.0000,2560.076968
18.3333,9.0000,2665.329163
18.5000,9.0000,2755.866305
18.6667,9.0000,2827.317153
18.8333,9.0000,2875.192801
19.0000,9.0000,2894.493182
19.1667,9.0000,2879.062927
19.3333,9.0000,2820.732400
19.5000,9.0000,2708.108636
19.6667,9.0000,2524.748865
19.8333,9.0000,2246.603526
20.0000,9.0000,1839.175736
20.1667,9.0000,1255.683537
20.3333,9.0000,438.291466
20.5000,9.0000,-675.256604
20.6667,9.0000,-2138.040477
20.8333,9.0000,-3974.010627
21.0000,9.0000,-6155.568354
21.1667,9.0000,-8585.675398
21.3333,9.0000,-11092.609635
21.5000,9.0000,-13443.430533
21.6667,9.0000,-15377.251037
21.8333,9.0000,-16652.938567
22.0000,9.0000,-17099.797567
22.1667,9.0000,-16656.524850
22.3333,9.0000,-15385.725202
22.5000,9.0000,-13458.961530
22.6667,9.0000,-11117.511919
22.8333,9.0000,-8621.643890
23.0000,9.0000,-6203.124207
23.1667,9.0000,-4032.325419
23.3333,9.0000,-2205.163254
23.5000,9.0000,-748.635078
23.6667,9.0000,361.174999
23.8333,9.0000,1176.739347
24.0000,9.0000,1759.324571
24.1667,9.0000,2165.646543
24.3333,9.0000,2441.489387
24.5000,9.0000,2620.676863
24.6667,9.0000,2727.028951
24.8333,9.0000,2777.217828
25.0000,9.0000,2783.239923
25.1667,9.0000,2754.085470
25.3333,9.0000,2696.763944
25.5000,9.0000,2616.996090
25.6667,9.0000,2519.732578
25.8333,9.0000,2409.468409
26.0000,9.0000,2290.292543
26.1667,9.0000,2165.743009
26.3333,9.0000,2038.664496
26.5000,9.0000,1911.242888
26.6667,9.0000,1785.229056
26.8333,9.0000,1662.201413
27.0000,9.0000,1543.687241
27.1667,9.0000,1431.077463
27.3333,9.0000,1325.418734
27.5000,9.0000,1227.231961
27.6667,9.0000,1136.459912
27.8333,9.0000,1052.552476
28.0000,9.0000,974.635850
28.1667,9.0000,901.707189
28.3333,9.0000,832.817867
28.5000,9.0000,767.221335
28.6667,9.0000,704.462037
28.8333,9.0000,644.388048
29.0000,9.0000,587.091044
29.1667,9.0000,532.802031
29.3333,9.0000,481.782497
29.5000,9.0000,434.242199
29.6667,9.0000,390.295742
29.8333,9.0000,349.953241
30.0000,9.0000,313.132701
0.0000,9.1667,16.656276
0.1667,9.1667,19.172567
0.3333,9.1667,21.860562
0.5000,9.1667,24.711589
0.6667,9.1667,27.711082
0.8333,9.1667,30.839577
1.0000,9.1667,34.077110
1.1667,9.1667,37.413326
1.3333,9.1667,40.864562
1.5000,9.1667,44.495610
1.6667,9.1667,48.438115
1.8333,9.1667,52.892239
2.0000,9.1667,58.098005
2.1667,9.1667,64.271568
2.3333,9.1667,71.518858
2.5000,9.1667,79.757257
2.6667,9.1667,88.683286
2.8333,9.1667,97.812608
3.0000,9.1667,106.590467
3.1667,9.1667,114.539336
3.3333,9.1667,121.391399
3.5000,9.1667,127.155519
3.6667,9.1667,132.091273
3.8333,9.1667,136.599679
4.0000,9.1667,141.079014
4.1667,9.1667,145.815527
4.3333,9.1667,150.964943
4.5000,9.1667,156.631427
4.6667,9.1667,162.992577
4.8333,9.1667,170.390290
5.0000,9.1667,179.328046
5.1667,9.1667,190.369659
5.3333,9.1667,203.984839
5.5000,9.1667,220.404167
5.6667,9.1667,239.530177
5.8333,9.1667,260.923012
6.0000,9.1667,283.858373
6.1667,9.1667,307.444922
6.3333,9.1667,330.778434
6.5000,9.1667,353.096861
6.6667,9.1667,373.894364
6.8333,9.1667,392.966270
7.0000,9.1667,410.388452
7.1667,9.1667,426.462234
7.3333,9.1667,441.656812
7.5000,9.1667,456.556501
7.6667,9.1667,471.794474
7.8333,9.1667,487.953329
8.0000,9.1667,505.438307
8.1667,9.1667,524.359299
8.3333,9.1667,544.467597
8.5000,9.1667,565.176653
8.6667,9.1667,585.666504
8.8333,9.1667,605.044300
9.0000,9.1667,622.515199
9.1667,9.1667,637.510948
9.3333,9.1667,649.733345
9.5000,9.1667,659.102487
9.6667,9.1667,665.646658
9.8333,9.1667,669.405094
10.0000,9.1667,670.411370
10.1667,9.1667,668.779959
10.3333,9.1667,664.854197
10.5000,9.1667,659.327120
10.6667,9.1667,653.246222
10.8333,9.1667,647.863364
11.0000,9.1667,644.367599
11.1667,9.1667,643.598408
11.3333,9.1667,645.844091
11.5000,9.1667,650.785835
11.6667,9.1667,657.587756
11.8333,9.1667,665.093363
12.0000,9.1667,672.077959
12.1667,9.1667,677.507107
12.3333,9.1667,680.747768
12.5000,9.1667,681.678206
12.6667,9.1667,680.665028
12.8333,9.1667,678.425213
13.0000,9.1667,675.843782
13.1667,9.1667,673.835211
13.3333,9.1667,673.298626
13.5000,9.1667,675.146598
13.6667,9.1667,680.337029
13.8333,9.1667,689.843100
14.0000,9.1667,704.546935
14.1667,9.1667,725.093789
14.3333,9.1667,751.760000
14.5000,9.1667,784.373703
14.6667,9.1667,822.310826
14.8333,9.1667,864.584798
15.0000,9.1667,910.042036
15.1667,9.1667,957.644514
15.3333,9.1667,1006.768315
15.5000,9.1667,1057.408958
15.6667,9.1667,1110.200759
15.8333,9.1667,1166.235611
16.0000,9.1667,1226.766029
16.1667,9.1667,1292.932240
16.3333,9.1667,1365.620259
16.5000,9.1667,1445.458496
16.6667,9.1667,1532.869316
16.8333,9.1667,1628.077088
17.0000,9.1667,1731.038420
17.1667,9.1667,1841.337200
17.3333,9.1667,1958.104714
17.5000,9.1667,2079.976963
17.6667,9.1667,2205.049701
17.8333,9.1667,2330.801630
18.0000,9.1667,2454.026506
18.1667,9.1667,2570.869952
18.3333,9.1667,2677.028371
18.5000,9.1667,2768.041350
18.6667,9.1667,2839.493621
18.8333,9.1667,2886.943220
19.0000,9.1667,2905.515488
19.1667,9.1667,2889.225521
19.3333,9.1667,2830.071750
19.5000,9.1667,2716.778984
19.6667,9.1667,2532.941255
19.8333,9.1667,2254.464583
20.0000,9.1667,1846.756446
20.1667,9.1667,1262.933457
20.3333,9.1667,445.092883
20.5000,9.1667,-669.034789
20.6667,9.1667,-2132.491470
20.8333,9.1667,-3969.155502
21.0000,9.1667,-6151.343128
21.1667,9.1667,-8581.936833
21.3333,9.1667,-11089.154821
21.5000,9.1667,-13440.025404
21.6667,9.1667,-15373.663052
21.8333,9.1667,-16648.967873
22.0000,9.1667,-17095.300005
22.1667,9.1667,-16651.420998
22.3333,9.1667,-15379.993392
22.5000,9.1667,-13452.618030
22.6667,9.1667,-11110.585104
22.8333,9.1667,-8614.149524
23.0000,9.1667,-6195.047151
23.1667,9.1667,-4023.611588
23.3333,9.1667,-2195.724934
23.5000,9.1667,-738.370961
23.6667,9.1667,372.347616
23.8333,9.1667,1188.847458
24.0000,9.1667,1772.307872
24.1667,9.1667,2179.341861
24.3333,9.1667,2455.638474
24.5000,9.1667,2634.958345
24.6667,9.1667,2741.106357
24.8333,9.1667,2790.788311
25.0000,9.1667,2796.067658
25.1667,9.1667,2766.011412
25.3333,9.1667,2707.695510
25.5000,9.1667,2626.888538
25.6667,9.1667,2528.573662
25.8333,9.1667,2417.270950
26.0000,9.1667,2297.092239
26.1667,9.1667,2171.596580
26.3333,9.1667,2043.646337
26.5000,9.1667,1915.442342
26.6667,9.1667,1788.750763
26.8333,9.1667,1665.167796
27.0000,9.1667,1546.238768
27.1667,9.1667,1433.366546
27.3333,9.1667,1327.596941
27.5000,9.1667,1229.434323
27.6667,9.1667,1138.791495
27.8333,9.1667,1055.080573
28.0000,9.1667,977.388265
28.1667,9.1667,904.675210
28.3333,9.1667,835.962370
28.5000,9.1667,770.481038
28.6667,9.1667,707.763251
28.8333,9.1667,647.654941
29.0000,9.1667,590.254939
29.1667,9.1667,535.808187
29.3333,9.1667,484.593445
29.5000,9.1667,436.837704
29.6667,9.1667,392.670257
29.8333,9.1667,352.112152
30.0000,9.1667,315.088448
0.0000,9.3333,17.840064
0.1667,9.3333,20.464811
0.3333,9.3333,23.264245
0.5000,9.3333,26.228768
0.6667,9.3333,29.343092
0.8333,9.3333,32.586974
1.0000,9.3333,35.938951
1.1667,9.3333,39.385400
1.3333,9.3333,42.936457
1.5000,9.3333,46.646973
1.6667,9.3333,50.634889
1.8333,9.3333,55.084066
2.0000,9.3333,60.218183
2.1667,9.3333,66.241048
2.3333,9.3333,73.255451
2.5000,9.3333,81.190170
2.6667,9.3333,89.771370
2.8333,9.3333,98.562825
3.0000,9.3333,107.072091
3.1667,9.3333,114.890195
3.3333,9.3333,121.814866
3.5000,9.3333,127.909587
3.6667,9.3333,133.471934
3.8333,9.3333,138.919529
4.0000,9.3333,144.640139
4.1667,9.3333,150.876175
4.3333,9.3333,157.703269
4.5000,9.3333,165.114758
4.6667,9.3333,173.163310
4.8333,9.3333,182.076892
5.0000,9.3333,192.281691
5.1667,9.3333,204.317076
5.3333,9.3333,218.680970
5.5000,9.3333,235.668660
5.6667,9.3333,255.259792
5.8333,9.3333,277.082896
6.0000,9.3333,300.462017
6.1667,9.3333,324.532155
6.3333,9.3333,348.396094
6.5000,9.3333,371.284268
6.6667,9.3333,392.678125
6.8333,9.3333,412.371868
7.0000,9.3333,430.472216
7.1667,9.3333,447.354720
7.3333,9.3333,463.595183
7.5000,9.3333,479.881073
7.6667,9.3333,496.898344
7.8333,9.3333,515.196694
8.0000,9.3333,535.056668
8.1667,9.3333,556.397606
8.3333,9.3333,578.761159
8.5000,9.3333,601.382066
8.6667,9.3333,623.329926
8.8333,9.3333,643.684770
9.0000,9.3333,661.699422
9.1667,9.3333,676.902577
9.3333,9.3333,689.110979
9.5000,9.3333,698.351270
9.6667,9.3333,704.734308
9.8333,9.3333,708.353353
10.0000,9.3333,709.269904
10.1667,9.3333,707.604569
10.3333,9.3333,703.687308
10.5000,9.3333,698.177500
10.6667,9.3333,692.067100
10.8333,9.3333,686.532150
11.0000,9.3333,682.674095
11.1667,9.3333,681.249595
11.3333,9.3333,682.491073
11.5000,9.3333,686.072591
11.6667,9.3333,691.213795
11.8333,9.3333,696.876054
12.0000,9.3333,701.997656
12.1667,9.3333,705.720388
12.3333,9.3333,707.561129
12.5000,9.3333,707.485788
12.6667,9.3333,705.866947
12.8333,9.3333,703.351951
13.0000,9.3333,700.710091
13.1667,9.3333,698.732597
13.3333,9.3333,698.216382
13.5000,9.3333,700.000030
13.6667,9.3333,704.984986
13.8333,9.3333,714.090899
14.0000,9.3333,728.143958
14.1667,9.3333,747.738787
14.3333,9.3333,773.121443
14.5000,9.3333,804.123339
14.6667,9.3333,840.162064
14.8333,9.3333,880.326023
15.0000,9.3333,923.557927
15.1667,9.3333,968.923934
15.3333,9.3333,1015.902437
15.5000,9.3333,1064.585032
15.6667,9.3333,1115.694068
15.8333,9.3333,1170.397000
16.0000,9.3333,1229.999315
16.1667,9.3333,1295.657887
16.3333,9.3333,1368.228376
16.5000,9.3333,1448.261882
16.6667,9.3333,1536.071846
16.8333,9.3333,1631.771102
17.0000,9.3333,1735.235609
17.1667,9.3333,1846.022958
17.3333,9.3333,1963.292846
17.5000,9.3333,2085.738565
17.6667,9.3333,2211.500933
17.8333,9.3333,2338.055001
18.0000,9.3333,2462.127840
18.1667,9.3333,2579.749271
18.3333,9.3333,2686.485937
18.5000,9.3333,2777.775433
18.6667,9.3333,2849.161272
18.8333,9.3333,2896.234578
19.0000,9.3333,2914.218443
19.1667,9.3333,2897.261225
19.3333,9.3333,2837.491248
19.5000,9.3333,2723.723999
19.6667,9.3333,2539.583933
19.8333,9.3333,2260.947240
20.0000,9.3333,1853.150436
20.1667,9.3333,1269.227046
20.3333,9.3333,451.206301
20.5000,9.3333,-663.217338
20.6667,9.3333,-2127.085112
20.8333,9.3333,-3964.242829
21.0000,9.3333,-6146.952518
21.1667,9.3333,-8578.033453
21.3333,9.3333,-11085.645061
21.5000,9.3333,-13436.773433
21.6667,9.3333,-15370.514937
21.8333,9.3333,-16645.775431
22.0000,9.3333,-17091.935728
22.1667,9.3333,-16647.778929
22.3333,9.3333,-15375.977692
22.5000,9.3333,-13448.127274
22.6667,9.3333,-11105.501870
22.8333,9.3333,-8608.340628
23.0000,9.3333,-6188.373574
23.1667,9.3333,-4015.943325
23.3333,9.3333,-2186.956291
23.5000,9.3333,-728.434443
23.6667,9.3333,383.468577
23.8333,9.3333,1201.106461
24.0000,9.3333,1785.585406
24.1667,9.3333,2193.441064
24.3333,9.3333,2470.292501
24.5000,9.3333,2649.852977
24.6667,9.3333,2755.915150
24.8333,9.3333,2805.210434
25.0000,9.3333,2809.855789
25.1667,9.3333,2778.981426
25.3333,9.3333,2719.718467
25.5000,9.3333,2637.873315
25.6667,9.3333,2538.451096
25.8333,9.3333,2425.987207
26.0000,9.3333,2304.613164
26.1667,9.3333,2177.919460
26.3333,9.3333,2048.813001
26.5000,9.3333,1919.547770
26.6667,9.3333,1791.943302
26.8333,9.3333,1667.639587
27.0000,9.3333,1548.207672
27.1667,9.3333,1435.053221
27.3333,9.3333,1329.202117
27.5000,9.3333,1231.120981
27.6667,9.3333,1140.674738
27.8333,9.3333,1057.225324
28.0000,9.3333,979.812991
28.1667,9.3333,907.359231
28.3333,9.3333,838.854921
28.5000,9.3333,773.511165
28.6667,9.3333,710.850091
28.8333,9.3333,650.717784
29.0000,9.3333,593.221981
29.1667,9.3333,538.622771
29.3333,9.3333,487.217011
29.5000,9.3333,439.249495
29.6667,9.3333,394.864639
29.8333,9.3333,354.094734
30.0000,9.3333,316.872105
0.0000,9.5000,19.078577
0.1667,9.5000,21.827267
0.3333,9.5000,24.756605
0.5000,9.5000,27.856447
0.6667,9.5000,31.111307
0.8333,9.5000,34.500974
1.0000,9.5000,38.003632
1.1667,9.5000,41.603644
1.3333,9.5000,45.305570
1.5000,9.5000,49.152868
1.6667,9.5000,53.244426
1.8333,9.5000,57.737147
2.0000,9.5000,62.822914
2.1667,9.5000,68.676498
2.3333,9.5000,75.386113
2.5000,9.5000,82.893000
2.6667,9.5000,90.970987
2.8333,9.5000,99.265469
3.0000,9.5000,107.387522
3.1667,9.5000,115.034103
3.3333,9.5000,122.091086
3.5000,9.5000,128.677777
3.6667,9.5000,135.109147
3.8333,9.5000,141.782591
4.0000,9.5000,149.032119
4.1667,9.5000,157.017813
4.3333,9.5000,165.710867
4.5000,9.5000,174.988732
4.6667,9.5000,184.793230
4.8333,9.5000,195.266530
5.0000,9.5000,206.791016
5.1667,9.5000,219.910239
5.3333,9.5000,235.165052
5.5000,9.5000,252.911229
5.6667,9.5000,273.183541
5.8333,9.5000,295.646729
6.0000,9.5000,319.642270
6.1667,9.5000,344.312531
6.3333,9.5000,368.765651
6.5000,9.5000,392.238337
6.6667,9.5000,414.220986
6.8333,9.5000,434.526745
7.0000,9.5000,453.304210
7.1667,9.5000,471.002107
7.3333,9.5000,488.291602
7.5000,9.5000,505.947521
7.6667,9.5000,524.695293
7.8333,9.5000,545.046637
8.0000,9.5000,567.163161
8.1667,9.5000,590.789538
8.3333,9.5000,615.280648
8.5000,9.5000,639.717695
8.6667,9.5000,663.081404
8.8333,9.5000,684.436120
9.0000,9.5000,703.078496
9.1667,9.5000,718.614422
9.3333,9.5000,730.945930
9.5000,9.5000,740.178113
9.6667,9.5000,746.489939
9.8333,9.5000,750.034417
10.0000,9.5000,750.924306
10.1667,9.5000,749.316492
10.3333,9.5000,745.550155
10.5000,9.5000,740.254174
10.6667,9.5000,734.344003
10.8333,9.5000,728.879142
11.0000,9.5000,724.824341
11.1667,9.5000,722.809364
11.3333,9.5000,722.981682
11.5000,9.5000,724.998241
11.6667,9.5000,728.142872
11.8333,9.5000,731.520069
12.0000,9.5000,734.270648
12.1667,9.5000,735.762391
12.3333,9.5000,735.714317
12.5000,9.5000,734.223629
12.6667,9.5000,731.693601
12.8333,9.5000,728.703044
13.0000,9.5000,725.886341
13.1667,9.5000,723.881328
13.3333,9.5000,723.352173
13.5000,9.5000,725.040184
13.6667,9.5000,729.777243
13.8333,9.5000,738.425309
14.0000,9.5000,751.755700
14.1667,9.5000,770.314827
14.3333,9.5000,794.320325
14.5000,9.5000,823.609259
14.6667,9.5000,857.646851
14.8333,9.5000,895.608548
15.0000,9.5000,936.550852
15.1667,9.5000,979.662419
15.3333,9.5000,1024.536290
15.5000,9.5000,1071.360968
15.6667,9.5000,1120.935124
15.8333,9.5000,1174.481952
16.0000,9.5000,1233.339709
16.1667,9.5000,1298.668222
16.3333,9.5000,1371.287861
16.5000,9.5000,1451.672594
16.6667,9.5000,1540.024482
16.8333,9.5000,1636.331725
17.0000,9.5000,1740.362094
17.1667,9.5000,1851.608857
17.3333,9.5000,1969.223916
17.5000,9.5000,2091.940159
17.6667,9.5000,2217.957401
17.8333,9.5000,2344.794330
18.0000,9.5000,2469.180324
18.1667,9.5000,2587.100798
18.3333,9.5000,2694.048974
18.5000,9.5000,2785.392477
18.6667,9.5000,2856.640125
18.8333,9.5000,2903.400092
19.0000,9.5000,2920.959024
19.1667,9.5000,2903.553180
19.3333,9.5000,2843.395571
19.5000,9.5000,2729.361253
19.6667,9.5000,2545.098136
19.8333,9.5000,2266.469180
20.0000,9.5000,1858.767661
20.1667,9.5000,1274.964818
20.3333,9.5000,457.021876
20.5000,9.5000,-657.426351
20.6667,9.5000,-2121.459647
20.8333,9.5000,-3958.932391
21.0000,9.5000,-6142.082902
21.1667,9.5000,-8573.680450
21.3333,9.5000,-11081.821761
21.5000,9.5000,-13433.434351
21.6667,9.5000,-15367.573085
21.8333,9.5000,-16643.122115
22.0000,9.5000,-17089.451670
22.1667,9.5000,-16645.331001
22.3333,9.5000,-15373.405266
22.5000,9.5000,-13445.229843
22.6667,9.5000,-11102.040036
22.8333,9.5000,-8604.055586
23.0000,9.5000,-6183.020390
23.1667,9.5000,-4009.326695
23.3333,9.5000,-2178.957194
23.5000,9.5000,-719.021271
23.6667,9.5000,394.243542
23.8333,9.5000,1213.118827
24.0000,9.5000,1798.651456
24.1667,9.5000,2207.328310
24.3333,9.5000,2484.730303
24.5000,9.5000,2664.547949
24.6667,9.5000,2770.573194
24.8333,9.5000,2819.561404
25.0000,9.5000,2823.672710
25.1667,9.5000,2792.086945
25.3333,9.5000,2731.976547
25.5000,9.5000,2649.171147
25.6667,9.5000,2548.681421
25.8333,9.5000,2435.041968
26.0000,9.5000,2312.394723
26.1667,9.5000,2184.367005
26.3333,9.5000,2053.933358
26.5000,9.5000,1923.436383
26.6667,9.5000,1794.784761
26.8333,9.5000,1669.685872
27.0000,9.5000,1549.741247
27.1667,9.5000,1436.346880
27.3333,9.5000,1330.486491
27.5000,9.5000,1232.565757
27.6667,9.5000,1142.383905
27.8333,9.5000,1059.242852
28.0000,9.5000,982.134002
28.1667,9.5000,909.942645
28.3333,9.5000,841.635385
28.5000,9.5000,776.409702
28.6667,9.5000,713.783661
28.8333,9.5000,653.607765
29.0000,9.5000,596.001106
29.1667,9.5000,541.239756
29.3333,9.5000,489.638361
29.5000,9.5000,441.458617
29.6667,9.5000,396.858999
29.8333,9.5000,355.882092
30.0000,9.5000,318.466753
0.0000,9.6667,20.387280
0.1667,9.6667,23.283288
0.3333,9.6667,26.371374
0.5000,9.6667,29.641500
0.6667,9.6667,33.078609
0.8333,9.6667,36.663181
1.0000,9.6667,40.373768
1.1667,9.6667,44.193328
1.3333,9.6667,48.120672
1.5000,9.6667,52.185635
1.6667,9.6667,56.462051
1.8333,9.6667,61.068900
2.0000,9.6667,66.150940
2.1667,9.6667,71.837805
2.3333,9.6667,78.192502
2.5000,9.6667,85.170235
2.6667,9.6667,92.609518
2.8333,9.6667,100.267335
3.0000,9.6667,107.892807
3.1667,9.6667,115.317149
3.3333,9.6667,122.528032
3.5000,9.6667,129.696345
3.6667,9.6667,137.134660
3.8333,9.6667,145.190981
4.0000,9.6667,154.114984
4.1667,9.6667,163.960379
4.3333,9.6667,174.582825
4.5000,9.6667,185.749053
4.6667,9.6667,197.310390
4.8333,9.6667,209.352969
5.0000,9.6667,222.245393
5.1667,9.6667,236.555976
5.3333,9.6667,252.872823
5.5000,9.6667,271.598752
5.6667,9.6667,292.796663
5.8333,9.6667,316.135179
6.0000,9.6667,340.944901
6.1667,9.6667,366.358821
6.3333,9.6667,391.488927
6.5000,9.6667,415.590772
6.6667,9.6667,438.184701
6.8333,9.6667,459.123656
7.0000,9.6667,478.610048
7.1667,9.6667,497.163411
7.3333,9.6667,515.534380
7.5000,9.6667,534.562953
7.6667,9.6667,554.996300
7.8333,9.6667,577.304249
8.0000,9.6667,601.543521
8.1667,9.6667,627.313869
8.3333,9.6667,653.821588
8.5000,9.6667,680.031096
8.6667,9.6667,704.859542
8.8333,9.6667,727.361737
9.0000,9.6667,746.862262
9.1667,9.6667,763.009829
9.3333,9.6667,775.748796
9.5000,9.6667,785.224411
9.6667,9.6667,791.661748
9.8333,9.6667,795.272922
10.0000,9.6667,796.239032
10.1667,9.6667,794.777511
10.3333,9.6667,791.255653
10.5000,9.6667,786.276093
10.6667,9.6667,780.665046
10.8333,9.6667,775.340914
11.0000,9.6667,771.105258
11.1667,9.6667,768.442078
11.3333,9.6667,767.407283
11.5000,9.6667,767.644915
11.6667,9.6667,768.513356
11.8333,9.6667,769.273179
12.0000,9.6667,769.282893
12.1667,9.6667,768.155065
12.3333,9.6667,765.833319
12.5000,9.6667,762.569166
12.6667,9.6667,758.814771
12.8333,9.6667,755.088877
13.0000,9.6667,751.887667
13.1667,9.6667,749.682364
13.3333,9.6667,748.986286
13.5000,9.6667,750.427058
13.6667,9.6667,754.757983
13.8333,9.6667,762.784127
14.0000,9.6667,775.230752
14.1667,9.6667,792.608042
14.3333,9.6667,815.115440
14.5000,9.6667,842.601776
14.6667,9.6667,874.582852
14.8333,9.6667,910.323696
15.0000,9.6667,948.998816
15.1667,9.6667,989.924565
15.3333,9.6667,1032.811188
15.5000,9.6667,1077.939441
15.6667,9.6667,1126.170318
15.8333,9.6667,1178.762118
16.0000,9.6667,1237.065569
16.1667,9.6667,1302.230999
16.3333,9.6667,1375.042322
16.5000,9.6667,1455.903447
16.6667,9.6667,1544.911921
16.8333,9.6667,1641.928114
17.0000,9.6667,1746.592121
17.1667,9.6667,1858.298711
17.3333,9.6667,1976.153935
17.5000,9.6667,2098.905060
17.6667,9.6667,2224.813534
17.8333,9.6667,2351.477298
18.0000,9.6667,2475.688581
18.1667,9.6667,2593.456709
18.3333,9.6667,2700.259712
18.5000,9.6667,2791.431574
18.6667,9.6667,2862.456697
18.8333,9.6667,2908.945952
19.0000,9.6667,2926.215718
19.1667,9.6667,2908.545595
19.3333,9.6667,2848.190351
19.5000,9.6667,2734.056431
19.6667,9.6667,2549.810055
19.8333,9.6667,2271.317155
20.0000,9.6667,1863.853467
20.1667,9.6667,1280.346981
20.3333,9.6667,462.691255
20.5000,9.6667,-651.559119
20.6667,9.6667,-2115.556426
20.8333,9.6667,-3953.198576
21.0000,9.6667,-6136.724999
21.1667,9.6667,-8568.863972
21.3333,9.6667,-11077.643376
21.5000,9.6667,-13429.915754
21.6667,9.6667,-15364.673439
21.8333,9.6667,-16640.756786
22.0000,9.6667,-17087.503257
22.1667,9.6667,-16643.645723
22.3333,9.6667,-15371.779351
22.5000,9.6667,-13443.399305
22.6667,9.6667,-11099.687807
22.8333,9.6667,-8600.842136
23.0000,9.6667,-6178.632328
23.1667,9.6667,-4003.528464
23.3333,9.6667,-2171.628602
23.5000,9.6667,-710.169221
23.6667,9.6667,404.499845
23.8333,9.6667,1224.579495
24.0000,9.6667,1811.070336
24.1667,9.6667,2220.439862
24.3333,9.6667,2498.266617
24.5000,9.6667,2678.249925
24.6667,9.6667,2784.200848
24.8333,9.6667,2832.904588
25.0000,9.6667,2836.558931
25.1667,9.6667,2804.380915
25.3333,9.6667,2743.568244
25.5000,9.6667,2659.955128
25.6667,9.6667,2558.537060
25.8333,9.6667,2443.827839
26.0000,9.6667,2319.966447
26.1667,9.6667,2190.616666
26.3333,9.6667,2058.835693
26.5000,9.6667,1927.080631
26.6667,9.6667,1797.376103
26.8333,9.6667,1671.514036
27.0000,9.6667,1551.127985
27.1667,9.6667,1437.591022
27.3333,9.6667,1331.822974
27.5000,9.6667,1234.146583
27.6667,9.6667,1144.279829
27.8333,9.6667,1061.458592
28.0000,9.6667,984.628451
28.1667,9.6667,912.647695
28.3333,9.6667,844.470500
28.5000,9.6667,779.292199
28.6667,9.6667,716.635913
28.8333,9.6667,656.362431
29.0000,9.6667,598.604785
29.1667,9.6667,543.654923
29.3333,9.6667,491.843414
29.5000,9.6667,443.446188
29.6667,9.6667,398.633070
29.8333,9.6667,357.454648
30.0000,9.6667,319.854606
0.0000,9.8333,21.773013
0.1667,9.8333,24.844834
0.3333,9.8333,28.127464
0.5000,9.8333,31.611829
0.6667,9.8333,35.283903
0.8333,9.8333,39.125151
1.0000,9.8333,43.114411
1.1667,9.8333,47.232628
1.3333,9.8333,51.471308
1.5000,9.8333,55.843364
1.6667,9.8333,60.391581
1.8333,9.8333,65.187831
2.0000,9.8333,70.318293
2.1667,9.8333,75.856672
2.3333,9.8333,81.835148
2.5000,9.8333,88.226547
2.6667,9.8333,94.948079
2.8333,9.8333,101.889047
3.0000,9.8333,108.956704
3.1667,9.8333,116.128421
3.3333,9.8333,123.493447
3.5000,9.8333,131.263287
3.6667,9.8333,139.731516
3.8333,9.8333,149.180429
4.0000,9.8333,159.763901
4.1667,9.8333,171.425516
4.3333,9.8333,183.911002
4.5000,9.8333,196.891610
4.6667,9.8333,210.150968
4.8333,9.8333,223.744389
5.0000,9.8333,238.047045
5.1667,9.8333,253.660796
5.3333,9.8333,271.214995
5.5000,9.8333,291.140419
5.6667,9.8333,313.501494
5.8333,9.8333,337.943505
6.0000,9.8333,363.764276
6.1667,9.8333,390.074817
6.3333,9.8333,415.989695
6.5000,9.8333,440.793320
6.6667,9.8333,464.054183
6.8333,9.8333,485.684653
7.0000,9.8333,505.953078
7.1667,9.8333,525.447327
7.3333,9.8333,544.979750
7.5000,9.8333,565.429835
7.6667,9.8333,587.545211
7.8333,9.8333,611.748372
8.0000,9.8333,638.006870
8.1667,9.8333,665.809812
8.3333,9.8333,694.258722
8.5000,9.8333,722.242517
8.6667,9.8333,748.642108
8.8333,9.8333,772.508632
9.0000,9.8333,793.177484
9.1667,9.8333,810.305117
9.3333,9.8333,823.835032
9.5000,9.8333,833.912814
9.6667,9.8333,840.782210
9.8333,9.8333,844.702791
10.0000,9.8333,845.925141
10.1667,9.8333,844.734075
10.3333,9.8333,841.530326
10.5000,9.8333,836.890421
10.6667,9.8333,831.547486
10.8333,9.8333,826.275730
11.0000,9.8333,821.716468
11.1667,9.8333,818.219319
11.3333,9.8333,815.766096
11.5000,9.8333,814.005185
11.6667,9.8333,812.379721
11.8333,9.8333,810.306043
12.0000,9.8333,807.351352
12.1667,9.8333,803.361225
12.3333,9.8333,798.496231
12.5000,9.8333,793.163228
12.6667,9.8333,787.873396
12.8333,9.8333,783.100680
13.0000,9.8333,779.216985
13.1667,9.8333,776.533723
13.3333,9.8333,775.411283
13.5000,9.8333,776.356057
13.6667,9.8333,780.036361
13.8333,9.8333,787.201028
14.0000,9.8333,798.538892
14.1667,9.8333,814.539758
14.3333,9.8333,835.401402
14.5000,9.8333,860.996304
14.6667,9.8333,890.895305
14.8333,9.8333,924.450692
15.0000,9.8333,960.948683
15.1667,9.8333,999.825725
15.3333,9.8333,1040.900637
15.5000,9.8333,1084.534696
15.6667,9.8333,1131.634405
15.8333,9.8333,1183.472510
16.0000,9.8333,1241.393046
16.1667,9.8333,1306.525987
16.3333,9.8333,1379.620179
16.5000,9.8333,1461.021130
16.6667,9.8333,1550.736320
16.8333,9.8333,1648.505933
17.0000,9.8333,1753.836053
17.1667,9.8333,1866.001648
17.3333,9.8333,1984.033270
17.5000,9.8333,2106.666918
17.6667,9.8333,2232.216990
17.8333,9.8333,2358.376445
18.0000,9.8333,2482.038840
18.1667,9.8333,2599.288538
18.3333,9.8333,2705.638342
18.5000,9.8333,2796.424977
18.6667,9.8333,2867.123537
18.8333,9.8333,2913.339695
19.0000,9.8333,2930.392738
19.1667,9.8333,2912.568871
19.3333,9.8333,2852.129765
19.5000,9.8333,2737.991285
19.6667,9.8333,2553.834742
19.8333,9.8333,2275.542440
20.0000,9.8333,1868.393219
20.1667,9.8333,1285.287648
20.3333,9.8333,468.053886
20.5000,9.8333,-645.846563
20.6667,9.8333,-2109.661094
20.8333,9.8333,-3947.354792
21.0000,9.8333,-6131.185278
21.1667,9.8333,-8563.846627
21.3333,9.8333,-11073.294886
21.5000,9.8333,-13426.298009
21.6667,9.8333,-15361.773175
21.8333,9.8333,-16638.503952
22.0000,9.8333,-17085.782992
22.1667,9.8333,-16642.296158
22.3333,9.8333,-15370.579521
22.5000,9.8333,-13442.060540
22.6667,9.8333,-11097.863199
22.8333,9.8333,-8598.161596
23.0000,9.8333,-6174.758791
23.1667,9.8333,-3998.219413
23.3333,9.8333,-2164.781848
23.5000,9.8333,-701.836474
23.6667,9.8333,414.135166
23.8333,9.8333,1235.249256
24.0000,9.8333,1822.474617
24.1667,9.8333,2232.289305
24.3333,9.8333,2510.307076
24.5000,9.8333,2690.271690
24.6667,9.8333,2796.039094
24.8333,9.8333,2844.436295
25.0000,9.8333,2847.697194
25.1667,9.8333,2815.063943
25.3333,9.8333,2753.740593
25.5000,9.8333,2669.543433
25.6667,9.8333,2567.429628
25.8333,9.8333,2451.871617
26.0000,9.8333,2326.991125
26.1667,9.8333,2196.483393
26.3333,9.8333,2063.493218
26.5000,9.8333,1930.604221
26.6667,9.8333,1799.970207
26.8333,9.8333,1673.475610
27.0000,9.8333,1552.784330
27.1667,9.8333,1439.234896
27.3333,9.8333,1333.665557
27.5000,9.8333,1236.298760
27.6667,9.8333,1146.760287
27.8333,9.8333,1064.218875
28.0000,9.8333,987.582765
28.1667,9.8333,915.698216
28.3333,9.8333,847.524166
28.5000,9.8333,782.269434
28.6667,9.8333,719.473851
28.8333,9.8333,659.015220
29.0000,9.8333,601.042589
29.1667,9.8333,545.862279
29.3333,9.8333,493.817117
29.5000,9.8333,445.192790
29.6667,9.8333,400.166205
29.8333,9.8333,358.792442
30.0000,9.8333,321.017432
0.0000,10.0000,23.230719
0.1667,10.0000,26.507740
0.3333,10.0000,30.022300
0.5000,10.0000,33.767215
0.6667,10.0000,37.729980
0.8333,10.0000,41.892868
1.0000,10.0000,46.234014
1.1667,10.0000,50.730374
1.3333,10.0000,55.363065
1.5000,10.0000,60.123784
1.6667,10.0000,65.018861
1.8333,10.0000,70.067105
2.0000,10.0000,75.290885
2.1667,10.0000,80.705331
2.3333,10.0000,86.313537
2.5000,10.0000,92.112625
2.6667,10.0000,98.108347
2.8333,10.0000,104.331214
3.0000,10.0000,110.849583
3.1667,10.0000,117.780954
3.3333,10.0000,125.302143
3.5000,10.0000,133.648374
3.6667,10.0000,143.081170
3.8333,10.0000,153.812944
4.0000,10.0000,165.907940
4.1667,10.0000,179.214636
4.3333,10.0000,193.389921
4.5000,10.0000,208.033658
4.6667,10.0000,222.885275
4.8333,10.0000,237.987675
5.0000,10.0000,253.731427
5.1667,10.0000,270.748597
5.3333,10.0000,289.695303
5.5000,10.0000,311.009073
5.6667,10.0000,334.733696
5.8333,10.0000,360.472538
6.0000,10.0000,387.477692
6.1667,10.0000,414.831288
6.3333,10.0000,441.650029
6.5000,10.0000,467.253937
6.6667,10.0000,491.272941
6.8333,10.0000,513.694398
7.0000,10.0000,534.862769
7.1667,10.0000,555.431833
7.3333,10.0000,576.258903
7.5000,10.0000,598.238019
7.6667,10.0000,622.095647
7.8333,10.0000,648.199737
8.0000,10.0000,676.441310
8.1667,10.0000,706.229076
8.3333,10.0000,736.599197
8.5000,10.0000,766.402546
8.6667,10.0000,794.509374
8.8333,10.0000,819.975011
9.0000,10.0000,842.135255
9.1667,10.0000,860.629665
9.3333,10.0000,875.368712
9.5000,10.0000,886.465439
9.6667,10.0000,894.153497
9.8333,10.0000,898.716930
10.0000,10.0000,900.457593
10.1667,10.0000,899.712458
10.3333,10.0000,896.903384
10.5000,10.0000,892.574172
10.6667,10.0000,887.368426
10.8333,10.0000,881.933195
11.0000,10.0000,876.779382
11.1667,10.0000,872.159505
11.3333,10.0000,868.017446
11.5000,10.0000,864.031893
11.6667,10.0000,859.739751
11.8333,10.0000,854.702983
12.0000,10.0000,848.671446
12.1667,10.0000,841.690006
12.3333,10.0000,834.105674
12.5000,10.0000,826.463613
12.6667,10.0000,819.336003
12.8333,10.0000,813.171196
13.0000,10.0000,808.244547
13.1667,10.0000,804.732570
13.3333,10.0000,802.856691
13.5000,10.0000,803.003895
13.6667,10.0000,805.752461
13.8333,10.0000,811.791045
14.0000,10.0000,821.775531
14.1667,10.0000,836.187994
14.3333,10.0000,855.243022
14.5000,10.0000,878.854352
14.6667,10.0000,906.657925
14.8333,10.0000,938.092379
15.0000,10.0000,972.544936
15.1667,10.0000,1009.555626
15.3333,10.0000,1049.033176
15.5000,10.0000,1091.399801
15.6667,10.0000,1137.586681
15.8333,10.0000,1188.859626
16.0000,10.0000,1246.537490
16.1667,10.0000,1311.719462
16.3333,10.0000,1385.120719
16.5000,10.0000,1467.041206
16.6667,10.0000,1557.417700
16.8333,10.0000,1655.888606
17.0000,10.0000,1761.836474
17.1667,10.0000,1874.415016
17.3333,10.0000,1992.566284
17.5000,10.0000,2114.995343
17.6667,10.0000,2240.051407
17.8333,10.0000,2365.514727
18.0000,10.0000,2488.388946
18.1667,10.0000,2604.858895
18.3333,10.0000,2710.507571
18.5000,10.0000,2800.708522
18.6667,10.0000,2870.948978
18.8333,10.0000,2916.831851
19.0000,10.0000,2933.663905
19.1667,10.0000,2915.712204
19.3333,10.0000,2855.219618
19.5000,10.0000,2741.094613
19.6667,10.0000,2557.029958
19.8333,10.0000,2278.932648
20.0000,10.0000,1872.099298
20.1667,10.0000,1289.416879
20.3333,10.0000,472.655521
20.5000,10.0000,-640.817337
20.6667,10.0000,-2104.351859
20.8333,10.0000,-3941.991217
21.0000,10.0000,-6126.022209
21.1667,10.0000,-8559.113840
21.3333,10.0000,-11069.156619
21.5000,10.0000,-13422.836801
21.6667,10.0000,-15358.995694
21.8333,10.0000,-16636.356288
22.0000,10.0000,-17084.161135
22.1667,10.0000,-16641.044448
22.3333,10.0000,-15369.480831
22.5000,10.0000,-13440.830277
22.6667,10.0000,-11096.160745
22.8333,10.0000,-8595.627088
23.0000,10.0000,-6171.072001
23.1667,10.0000,-3993.165170
23.3333,10.0000,-2158.299164
23.5000,10.0000,-694.031751
23.6667,10.0000,423.016661
23.8333,10.0000,1244.882263
24.0000,10.0000,1832.521062
24.1667,10.0000,2242.452819
24.3333,10.0000,2520.363886
24.5000,10.0000,2700.078401
24.6667,10.0000,2805.524579
24.8333,10.0000,2853.585328
25.0000,10.0000,2856.529907
25.1667,10.0000,2823.611710
25.3333,10.0000,2762.018505
25.5000,10.0000,2677.523066
25.6667,10.0000,2575.020941
25.8333,10.0000,2458.925343
26.0000,10.0000,2333.328750
26.1667,10.0000,2201.950481
26.3333,10.0000,2068.018671
26.5000,10.0000,1934.241313
26.6667,10.0000,1802.900421
26.8333,10.0000,1675.971478
27.0000,10.0000,1555.144569
27.1667,10.0000,1441.715464
27.3333,10.0000,1336.429648
27.5000,10.0000,1239.398904
27.6667,10.0000,1150.152047
27.8333,10.0000,1067.794737
28.0000,10.0000,991.210823
28.1667,10.0000,919.253390
28.3333,10.0000,850.906506
28.5000,10.0000,785.410278
28.6667,10.0000,722.333860
28.8333,10.0000,661.578626
29.0000,10.0000,603.310706
29.1667,10.0000,547.847854
29.3333,10.0000,495.539966
29.5000,10.0000,446.676656
29.6667,10.0000,401.436539
29.8333,10.0000,359.874845
30.0000,10.0000,321.936571
0.0000,10.1667,24.742719
0.1667,10.1667,28.250534
0.3333,10.1667,32.029954
0.5000,10.1667,36.076533
0.6667,10.1667,40.379577
0.8333,10.1667,44.921602
1.0000,10.1667,49.678318
1.1667,10.1667,54.619702
1.3333,10.1667,59.712320
1.5000,10.1667,64.921879
1.6667,10.1667,70.213952
1.8333,10.1667,75.551978
2.0000,10.1667,80.895709
2.1667,10.1667,86.207077
2.3333,10.1667,91.468712
2.5000,10.1667,96.711120
2.6667,10.1667,102.034184
2.8333,10.1667,107.607925
3.0000,10.1667,113.650910
3.1667,10.1667,120.401798
3.3333,10.1667,128.102251
3.5000,10.1667,136.991148
3.6667,10.1667,147.286850
3.8333,10.1667,159.133666
4.0000,10.1667,172.521289
4.1667,10.1667,187.228673
4.3333,10.1667,202.855124
4.5000,10.1667,218.960294
4.6667,10.1667,235.264572
4.8333,10.1667,251.812475
5.0000,10.1667,269.010106
5.1667,10.1667,287.507022
5.3333,10.1667,307.965484
5.5000,10.1667,330.808270
5.6667,10.1667,356.042161
5.8333,10.1667,383.219769
6.0000,10.1667,411.544747
6.1667,10.1667,440.070743
6.3333,10.1667,467.918407
6.5000,10.1667,494.447207
6.6667,10.1667,519.355369
6.8333,10.1667,542.713612
7.0000,10.1667,564.947580
7.1667,10.1667,586.773318
7.3333,10.1667,609.079051
7.5000,10.1667,632.753198
7.6667,10.1667,658.483358
7.8333,10.1667,686.576159
8.0000,10.1667,716.854350
8.1667,10.1667,748.667632
8.3333,10.1667,781.014722
8.5000,10.1667,812.734717
8.6667,10.1667,842.705353
8.8333,10.1667,869.993406
9.0000,10.1667,893.932268
9.1667,10.1667,914.134469
9.3333,10.1667,930.462488
9.5000,10.1667,942.978004
9.6667,10.1667,951.881504
9.8333,10.1667,957.453679
10.0000,10.1667,960.015939
10.1667,10.1667,959.925217
10.3333,10.1667,957.597984
10.5000,10.1667,953.532192
10.6667,10.1667,948.288499
10.8333,10.1667,942.414496
11.0000,10.1667,936.334338
11.1667,10.1667,930.252854
11.3333,10.1667,924.119673
11.5000,10.1667,917.672578
11.6667,10.1667,910.550938
11.8333,10.1667,902.449878
12.0000,10.1667,893.271395
12.1667,10.1667,883.218529
12.3333,10.1667,872.784358
12.5000,10.1667,862.625235
12.6667,10.1667,853.369555
12.8333,10.1667,845.458671
13.0000,10.1667,839.105333
13.1667,10.1667,834.387081
13.3333,10.1667,831.412061
13.5000,10.1667,830.457508
13.6667,10.1667,832.007526
13.8333,10.1667,836.680700
14.0000,10.1667,845.093970
14.1667,10.1667,857.726259
14.3333,10.1667,874.824618
14.5000,10.1667,896.364785
14.6667,10.1667,922.064447
14.8333,10.1667,951.453687
15.0000,10.1667,984.012078
15.1667,10.1667,1019.363844
15.3333,10.1667,1057.482675
15.5000,10.1667,1098.825421
15.6667,10.1667,1144.322400
15.8333,10.1667,1195.208912
16.0000,10.1667,1252.759030
16.1667,10.1667,1318.028836
16.3333,10.1667,1391.698203
16.5000,10.1667,1474.032190
16.6667,10.1667,1564.918393
16.8333,10.1667,1663.921369
17.0000,10.1667,1770.327960
17.1667,10.1667,1883.191064
17.3333,10.1667,2001.370896
17.5000,10.1667,2123.531393
17.6667,10.1667,2248.032384
17.8333,10.1667,2372.712830
18.0000,10.1667,2494.666769
18.1667,10.1667,2610.179004
18.3333,10.1667,2714.922585
18.5000,10.1667,2804.338996
18.6667,10.1667,2873.955832
18.8333,10.1667,2919.387394
19.0000,10.1667,2935.924935
19.1667,10.1667,2917.801106
19.3333,10.1667,2857.220825
19.5000,10.1667,2743.069632
19.6667,10.1667,2559.044155
19.8333,10.1667,2281.077528
20.0000,10.1667,1874.493361
20.1667,10.1667,1292.179223
20.3333,10.1667,475.862778
20.5000,10.1667,-637.169373
20.6667,10.1667,-2100.362485
20.8333,10.1667,-3937.837996
21.0000,10.1667,-6121.920795
21.1667,10.1667,-8555.271108
21.3333,10.1667,-11065.733664
21.5000,10.1667,-13419.930744
21.6667,10.1667,-15356.638657
21.8333,10.1667,-16634.522088
22.0000,10.1667,-17082.769237
22.1667,10.1667,-16639.956542
22.3333,10.1667,-15368.493814
22.5000,10.1667,-13439.675632
22.6667,10.1667,-11094.521259
22.8333,10.1667,-8593.176986
23.0000,10.1667,-6167.536731
23.1667,10.1667,-3988.385501
23.3333,10.1667,-2152.276856
23.5000,10.1667,-686.937041
23.6667,10.1667,430.881526
23.8333,10.1667,1253.151241
24.0000,10.1667,1840.840555
24.1667,10.1667,2250.542824
24.3333,10.1667,2528.051264
24.5000,10.1667,2707.301743
24.6667,10.1667,2812.317899
24.8333,10.1667,2860.049211
25.0000,10.1667,2862.796391
25.1667,10.1667,2829.806881
25.3333,10.1667,2768.226813
25.5000,10.1667,2683.759352
25.6667,10.1667,2581.218004
25.8333,10.1667,2464.944116
26.0000,10.1667,2338.993240
26.1667,10.1667,2207.101079
26.3333,10.1667,2072.568259
26.5000,10.1667,1938.213981
26.6667,10.1667,1806.436359
26.8333,10.1667,1679.293484
27.0000,10.1667,1558.496638
27.1667,10.1667,1445.295159
27.3333,10.1667,1340.338067
27.5000,10.1667,1243.623879
27.6667,10.1667,1154.585985
27.8333,10.1667,1072.275222
28.0000,10.1667,995.566233
28.1667,10.1667,923.338601
28.3333,10.1667,854.621753
28.5000,10.1667,788.704150
28.6667,10.1667,725.195802
28.8333,10.1667,664.026995
29.0000,10.1667,605.380872
29.1667,10.1667,549.582747
29.3333,10.1667,496.983744
29.5000,10.1667,447.871127
29.6667,10.1667,402.419548
29.8333,10.1667,360.679821
30.0000,10.1667,322.592639
0.0000,10.3333,26.280684
0.1667,10.3333,30.037046
0.3333,10.3333,34.104516
0.5000,10.3333,38.481974
0.6667,10.3333,43.160578
0.8333,10.3333,48.122235
1.0000,10.3333,53.338187
1.1667,10.3333,58.768069
1.3333,10.3333,64.359546
1.5000,10.3333,70.047961
1.6667,10.3333,75.755411
1.8333,10.3333,81.390953
2.0000,10.3333,86.857849
2.1667,10.3333,92.075731
2.3333,10.3333,97.019539
2.5000,10.3333,101.762980
2.6667,10.3333,106.502057
2.8333,10.3333,111.537911
3.0000,10.3333,117.221448
3.1667,10.3333,123.888975
3.3333,10.3333,131.822947
3.5000,10.3333,141.246145
3.6667,10.3333,152.322306
3.8333,10.3333,165.127512
4.0000,10.3333,179.589880
4.1667,10.3333,195.444364
4.3333,10.3333,212.266884
4.5000,10.3333,229.612580
4.6667,10.3333,247.211255
4.8333,10.3333,265.123008
5.0000,10.3333,283.766131
5.1667,10.3333,303.790061
5.3333,10.3333,325.839187
5.5000,10.3333,350.300544
5.6667,10.3333,377.132747
5.8333,10.3333,405.837681
6.0000,10.3333,435.577801
6.1667,10.3333,465.386706
6.3333,10.3333,494.394427
6.5000,10.3333,522.001744
6.6667,10.3333,547.975156
6.8333,10.3333,572.467872
7.0000,10.3333,595.983936
7.1667,10.3333,619.294900
7.3333,10.3333,643.308659
7.5000,10.3333,668.894812
7.6667,10.3333,696.691639
7.8333,10.3333,726.941090
8.0000,10.3333,759.402904
8.1667,10.3333,793.379459
8.3333,10.3333,827.845347
8.5000,10.3333,861.637970
8.6667,10.3333,893.647072
8.8333,10.3333,922.951058
9.0000,10.3333,948.880352
9.1667,10.3333,971.022110
9.3333,10.3333,989.194319
9.5000,10.3333,1003.408383
9.6667,10.3333,1013.824438
9.8333,10.3333,1020.700538
10.0000,10.3333,1024.347174
10.1667,10.3333,1025.105549
10.3333,10.3333,1023.355066
10.5000,10.3333,1019.529622
10.6667,10.3333,1014.108543
10.8333,10.3333,1007.561998
11.0000,10.3333,1000.264115
11.1667,10.3333,992.413754
11.3333,10.3333,984.003290
11.5000,10.3333,974.855053
11.6667,10.3333,964.721307
11.8333,10.3333,953.424600
12.0000,10.3333,940.998010
12.1667,10.3333,927.770401
12.3333,10.3333,914.345572
12.5000,10.3333,901.464068
12.6667,10.3333,889.801947
12.8333,10.3333,879.807265
13.0000,10.3333,871.661159
13.1667,10.3333,865.378886
13.3333,10.3333,860.984868
13.5000,10.3333,858.660493
13.6667,10.3333,858.792877
13.8333,10.3333,861.917311
14.0000,10.3333,868.598676
14.1667,10.3333,879.309351
14.3333,10.3333,894.338990
14.5000,10.3333,913.745126
14.6667,10.3333,937.347347
14.8333,10.3333,964.778110
15.0000,10.3333,995.605762
15.1667,10.3333,1029.521208
15.3333,10.3333,1066.536394
15.5000,10.3333,1107.112641
15.6667,10.3333,1152.150048
15.8333,10.3333,1202.827096
16.0000,10.3333,1260.351122
16.1667,10.3333,1325.719450
16.3333,10.3333,1399.570536
16.5000,10.3333,1482.141495
16.6667,10.3333,1573.292585
16.8333,10.3333,1672.549473
17.0000,10.3333,1779.145050
17.1667,10.3333,1892.069742
17.3333,10.3333,2010.125093
17.5000,10.3333,2131.932947
17.6667,10.3333,2255.837624
17.8333,10.3333,2379.695237
18.0000,10.3333,2500.650962
18.1667,10.3333,2615.069851
18.3333,10.3333,2718.722148
18.5000,10.3333,2807.145024
18.6667,10.3333,2875.939687
18.8333,10.3333,2920.755888
19.0000,10.3333,2936.877087
19.1667,10.3333,2918.494229
19.3333,10.3333,2857.758165
19.5000,10.3333,2743.513462
19.6667,10.3333,2559.446297
19.8333,10.3333,2281.509713
20.0000,10.3333,1875.059100
20.1667,10.3333,1292.998919
20.3333,10.3333,477.039156
20.5000,10.3333,-635.587657
20.6667,10.3333,-2098.401419
20.8333,10.3333,-3935.595082
21.0000,10.3333,-6119.542141
21.1667,10.3333,-8552.919722
21.3333,10.3333,-11063.560049
21.5000,10.3333,-13418.051991
21.6667,10.3333,-15355.125957
21.8333,10.3333,-16633.392543
22.0000,10.3333,-17081.977900
22.1667,10.3333,-16639.388366
22.3333,10.3333,-15367.960078
22.5000,10.3333,-13438.922311
22.6667,10.3333,-11093.255999
22.8333,10.3333,-8591.116328
23.0000,10.3333,-6164.466806
23.1667,10.3333,-3984.220242
23.3333,10.3333,-2147.092971
23.5000,10.3333,-680.969392
23.6667,10.3333,437.286691
23.8333,10.3333,1259.611211
24.0000,10.3333,1847.015239
24.1667,10.3333,2256.195426
24.3333,10.3333,2533.078345
24.5000,10.3333,2711.732386
24.6667,10.3333,2816.289166
24.8333,10.3333,2863.766726
25.0000,10.3333,2866.487640
25.1667,10.3333,2833.674031
25.3333,10.3333,2772.406462
25.5000,10.3333,2688.297017
25.6667,10.3333,2586.063363
25.8333,10.3333,2469.968979
26.0000,10.3333,2344.029129
26.1667,10.3333,2211.988402
26.3333,10.3333,2077.205014
26.5000,10.3333,1942.589629
26.6667,10.3333,1810.638169
26.8333,10.3333,1683.479806
27.0000,10.3333,1562.843373
27.1667,10.3333,1449.933431
27.3333,10.3333,1345.306260
27.5000,10.3333,1248.851753
27.6667,10.3333,1159.914497
27.8333,10.3333,1077.500801
28.0000,10.3333,1000.490424
28.1667,10.3333,927.806229
28.3333,10.3333,858.539468
28.5000,10.3333,792.040355
28.6667,10.3333,727.968371
28.8333,10.3333,666.286185
29.0000,10.3333,607.193056
29.1667,10.3333,551.017982
29.3333,10.3333,498.107956
29.5000,10.3333,448.742276
29.6667,10.3333,403.086565
29.8333,10.3333,361.183099
30.0000,10.3333,322.965160
0.0000,10.5000,27.809581
0.1667,10.5000,31.821867
0.3333,10.5000,36.187452
0.5000,10.5000,40.908715
0.6667,10.5000,45.978374
0.8333,10.5000,51.376689
1.0000,10.5000,57.068405
1.1667,10.5000,62.999789
1.3333,10.5000,69.096030
1.5000,10.5000,75.259129
1.6667,10.5000,81.367132
1.8333,10.5000,87.278479
2.0000,10.5000,92.849061
2.1667,10.5000,97.969496
2.3333,10.5000,102.620636
2.5000,10.5000,106.927957
2.6667,10.5000,111.182792
2.8333,10.5000,115.806331
3.0000,10.5000,121.263413
3.1667,10.5000,127.967020
3.3333,10.5000,136.220681
3.5000,10.5000,146.214302
3.6667,10.5000,158.044102
3.8333,10.5000,171.711400
4.0000,10.5000,187.086823
4.1667,10.5000,203.879415
4.3333,10.5000,221.672537
4.5000,10.5000,240.053063
4.6667,10.5000,258.790999
4.8333,10.5000,277.977854
5.0000,10.5000,298.041236
5.1667,10.5000,319.612514
5.3333,10.5000,343.294457
5.5000,10.5000,369.419596
5.6667,10.5000,397.892075
5.8333,10.5000,428.170125
6.0000,10.5000,459.390146
6.1667,10.5000,490.580871
6.3333,10.5000,520.890689
6.5000,10.5000,549.762399
6.6667,10.5000,577.024727
6.8333,10.5000,602.903452
7.0000,10.5000,627.969645
7.1667,10.5000,653.039162
7.3333,10.5000,679.029834
7.5000,10.5000,706.785563
7.6667,10.5000,736.892444
7.8333,10.5000,769.528986
8.0000,10.5000,804.395606
8.1667,10.5000,840.750158
8.3333,10.5000,877.541209
8.5000,10.5000,913.595772
8.6667,10.5000,947.801748
8.8333,10.5000,979.235994
9.0000,10.5000,1007.221198
9.1667,10.5000,1031.328205
9.3333,10.5000,1051.352650
9.5000,10.5000,1067.283273
9.6667,10.5000,1079.261987
9.8333,10.5000,1087.532091
10.0000,10.5000,1092.384217
10.1667,10.5000,1094.121989
10.3333,10.5000,1093.060659
10.5000,10.5000,1089.545772
10.6667,10.5000,1083.959684
10.8333,10.5000,1076.690624
11.0000,10.5000,1068.068339
11.1667,10.5000,1058.298328
11.3333,10.5000,1047.431594
11.5000,10.5000,1035.391116
11.6667,10.5000,1022.055674
11.8333,10.5000,1007.383280
12.0000,10.5000,991.537417
12.1667,10.5000,974.962243
12.3333,10.5000,958.355028
12.5000,10.5000,942.523948
12.6667,10.5000,928.185498
12.8333,10.5000,915.801885
13.0000,10.5000,905.543760
13.1667,10.5000,897.391876
13.3333,10.5000,891.311547
13.5000,10.5000,887.401645
13.6667,10.5000,885.951505
13.8333,10.5000,887.401941
14.0000,10.5000,892.252680
14.1667,10.5000,900.963440
14.3333,10.5000,913.871971
14.5000,10.5000,931.132748
14.6667,10.5000,952.684796
14.8333,10.5000,978.274136
15.0000,10.5000,1007.556598
15.1667,10.5000,1040.274715
15.3333,10.5000,1076.453128
15.5000,10.5000,1116.527137
15.6667,10.5000,1161.336266
15.8333,10.5000,1211.974904
16.0000,10.5000,1269.560654
16.1667,10.5000,1335.014717
16.3333,10.5000,1408.925519
16.5000,10.5000,1491.507001
16.6667,10.5000,1582.613900
16.8333,10.5000,1681.771463
17.0000,10.5000,1788.207384
17.1667,10.5000,1900.896870
17.3333,10.5000,2018.614521
17.5000,10.5000,2139.945150
17.6667,10.5000,2263.193298
17.8333,10.5000,2386.187646
18.0000,10.5000,2506.077873
18.1667,10.5000,2619.279862
18.3333,10.5000,2721.659325
18.5000,10.5000,2808.871974
18.6667,10.5000,2876.626609
18.8333,10.5000,2920.638086
19.0000,10.5000,2936.197329
19.1667,10.5000,2917.452113
19.3333,10.5000,2856.484538
19.5000,10.5000,2742.076582
19.6667,10.5000,2557.882779
19.8333,10.5000,2279.862862
20.0000,10.5000,1873.405080
20.1667,10.5000,1291.448808
20.3333,10.5000,475.718122
20.5000,10.5000,-636.572137
20.6667,10.5000,-2098.987826
20.8333,10.5000,-3935.783182
21.0000,10.5000,-6119.393315
21.1667,10.5000,-8552.545095
21.3333,10.5000,-11063.100398
21.5000,10.5000,-13417.652643
21.6667,10.5000,-15354.909225
21.8333,10.5000,-16633.430472
22.0000,10.5000,-17082.269101
22.1667,10.5000,-16639.843904
22.3333,10.5000,-15368.403999
22.5000,10.5000,-13439.111429
22.6667,10.5000,-11092.920247
22.8333,10.5000,-8590.015168
23.0000,10.5000,-6162.450194
23.1667,10.5000,-3981.277215
23.3333,10.5000,-2143.370600
23.5000,10.5000,-676.751998
23.6667,10.5000,441.634965
23.8333,10.5000,1263.724066
24.0000,10.5000,1850.599142
24.1667,10.5000,2259.082199
24.3333,10.5000,2535.246067
24.5000,10.5000,2713.296018
24.6667,10.5000,2817.468472
24.8333,10.5000,2864.840334
25.0000,10.5000,2867.741254
25.1667,10.5000,2835.350813
25.3333,10.5000,2774.668310
25.5000,10.5000,2691.204481
25.6667,10.5000,2589.577835
25.8333,10.5000,2473.974933
26.0000,10.5000,2348.369909
26.1667,10.5000,2216.507696
26.3333,10.5000,2081.786257
26.5000,10.5000,1947.184881
26.6667,10.5000,1815.277113
26.8333,10.5000,1688.252017
27.0000,10.5000,1567.855439
27.1667,10.5000,1455.254471
27.3333,10.5000,1350.923338
27.5000,10.5000,1254.654107
27.6667,10.5000,1165.712578
27.8333,10.5000,1083.070340
28.0000,10.5000,1005.622552
28.1667,10.5000,932.345914
28.3333,10.5000,862.403271
28.5000,10.5000,795.214268
28.6667,10.5000,730.492565
28.8333,10.5000,668.234772
29.0000,10.5000,608.655153
29.1667,10.5000,552.083442
29.3333,10.5000,498.858605
29.5000,10.5000,449.247887
29.6667,10.5000,403.404115
29.8333,10.5000,361.357862
30.0000,10.5000,323.032544
0.0000,10.6667,29.292341
0.1667,10.6667,33.556868
0.3333,10.6667,38.216526
0.5000,10.6667,43.276847
0.6667,10.6667,48.731412
0.8333,10.6667,54.557622
1.0000,10.6667,60.711924
1.1667,10.6667,67.124988
1.3333,10.6667,73.697481
1.5000,10.6667,80.297346
1.6667,10.6667,86.760755
1.8333,10.6667,92.901985
2.0000,10.6667,98.540485
2.1667,10.6667,103.551367
2.3333,10.6667,107.933441
2.5000,10.6667,111.869751
2.6667,10.6667,115.743535
2.8333,10.6667,120.084091
3.0000,10.6667,125.453797
3.1667,10.6667,132.326068
3.3333,10.6667,141.011482
3.5000,10.6667,151.654277
3.6667,10.6667,164.270310
3.8333,10.6667,178.775166
4.0000,10.6667,194.978616
4.1667,10.6667,212.573810
4.3333,10.6667,231.175615
4.5000,10.6667,250.434140
4.6667,10.6667,270.187513
4.8333,10.6667,290.573319
5.0000,10.6667,312.026344
5.1667,10.6667,335.144774
5.3333,10.6667,360.470745
5.5000,10.6667,388.269407
5.6667,10.6667,418.390169
5.8333,10.6667,450.260180
6.0000,10.6667,483.009500
6.1667,10.6667,515.680587
6.3333,10.6667,547.450823
6.5000,10.6667,577.804784
6.6667,10.6667,606.623338
6.8333,10.6667,634.188445
7.0000,10.6667,661.119963
7.1667,10.6667,688.262094
7.3333,10.6667,716.531852
7.5000,10.6667,746.742949
7.6667,10.6667,779.429967
7.8333,10.6667,814.710709
8.0000,10.6667,852.226471
8.1667,10.6667,891.183331
8.3333,10.6667,930.485691
8.5000,10.6667,968.921427
8.6667,10.6667,1005.342885
8.8333,10.6667,1038.797415
9.0000,10.6667,1068.590456
9.1667,10.6667,1094.294726
9.3333,10.6667,1115.730172
9.5000,10.6667,1132.928827
9.6667,10.6667,1146.083927
9.8333,10.6667,1155.481267
10.0000,10.6667,1161.425896
10.1667,10.6667,1164.191339
10.3333,10.6667,1164.010988
10.5000,10.6667,1161.104038
10.6667,10.6667,1155.704675
10.8333,10.6667,1148.063568
11.0000,10.6667,1138.415486
11.1667,10.6667,1126.935200
11.3333,10.6667,1113.713313
11.5000,10.6667,1098.773599
11.6667,10.6667,1082.137193
11.8333,10.6667,1063.922182
12.0000,10.6667,1044.447536
12.1667,10.6667,1024.291526
12.3333,10.6667,1004.254835
12.5000,10.6667,985.216498
12.6667,10.6667,967.935065
12.8333,10.6667,952.891779
13.0000,10.6667,940.256991
13.1667,10.6667,929.990776
13.3333,10.6667,922.012617
13.5000,10.6667,916.347259
13.6667,10.6667,913.187778
13.8333,10.6667,912.876734
14.0000,10.6667,915.843889
14.1667,10.6667,922.534943
14.3333,10.6667,933.339956
14.5000,10.6667,948.518683
14.6667,10.6667,968.137788
14.8333,10.6667,992.059806
15.0000,10.6667,1020.021938
15.1667,10.6667,1051.802200
15.3333,10.6667,1087.413933
15.5000,10.6667,1127.238700
15.6667,10.6667,1172.028179
15.8333,10.6667,1222.768501
16.0000,10.6667,1280.467719
16.1667,10.6667,1345.956736
16.3333,10.6667,1419.768215
16.5000,10.6667,1502.099787
16.6667,10.6667,1592.823423
16.8333,10.6667,1691.501959
17.0000,10.6667,1797.404916
17.1667,10.6667,1909.537288
17.3333,10.6667,2026.677177
17.5000,10.6667,2147.378702
17.6667,10.6667,2269.886669
17.8333,10.6667,2391.963365
18.0000,10.6667,2510.719915
18.1667,10.6667,2622.592319
18.3333,10.6667,2723.533857
18.5000,10.6667,2809.333769
18.6667,10.6667,2875.837180
18.8333,10.6667,2918.853607
19.0000,10.6667,2933.700932
19.1667,10.6667,2914.487661
19.3333,10.6667,2853.215598
19.5000,10.6667,2738.581958
19.6667,10.6667,2554.184845
19.8333,10.6667,2275.972830
20.0000,10.6667,1869.364555
20.1667,10.6667,1287.351292
20.3333,10.6667,471.704561
20.5000,10.6667,-640.338977
20.6667,10.6667,-2102.359404
20.8333,10.6667,-3938.660312
21.0000,10.6667,-6121.751345
21.1667,10.6667,-8554.442840
21.3333,10.6667,-11064.669468
21.5000,10.6667,-13419.067805
21.6667,10.6667,-15356.345510
21.8333,10.6667,-16635.017047
22.0000,10.6667,-17084.051465
22.1667,10.6667,-16641.764262
22.3333,10.6667,-15370.305896
22.5000,10.6667,-13440.770025
22.6667,10.6667,-11094.094060
22.8333,10.6667,-8590.508859
23.0000,10.6667,-6162.172778
23.1667,10.6667,-3980.278569
23.3333,10.6667,-2141.843410
23.5000,10.6667,-674.996037
23.6667,10.6667,443.277230
23.8333,10.6667,1264.942058
24.0000,10.6667,1851.178049
24.1667,10.6667,2258.940946
24.3333,10.6667,2534.444412
24.5000,10.6667,2712.015066
24.6667,10.6667,2815.973410
24.8333,10.6667,2863.434276
25.0000,10.6667,2866.717628
25.1667,10.6667,2834.951094
25.3333,10.6667,2775.051872
25.5000,10.6667,2692.435762
25.6667,10.6667,2591.631841
25.8333,10.6667,2476.757131
26.0000,10.6667,2351.744119
26.1667,10.6667,2220.326699
26.3333,10.6667,2085.921781
26.5000,10.6667,1951.552929
26.6667,10.6667,1819.851231
26.8333,10.6667,1693.055980
27.0000,10.6667,1572.932696
27.1667,10.6667,1460.623340
27.3333,10.6667,1356.536869
27.5000,10.6667,1260.383624
27.6667,10.6667,1171.362832
27.8333,10.6667,1088.419050
28.0000,10.6667,1010.467069
28.1667,10.6667,936.539793
28.3333,10.6667,865.873285
28.5000,10.6667,797.957895
28.6667,10.6667,732.562253
28.8333,10.6667,669.716995
29.0000,10.6667,609.650654
29.1667,10.6667,552.692228
29.3333,10.6667,499.170677
29.5000,10.6667,449.338983
29.6667,10.6667,403.334999
29.8333,10.6667,361.175648
30.0000,10.6667,322.772884
0.0000,10.8333,30.693941
0.1667,10.8333,35.196903
0.3333,10.8333,40.133687
0.5000,10.8333,45.512115
0.6667,10.8333,51.325519
0.8333,10.8333,57.547074
1.0000,10.8333,64.123437
1.1667,10.8333,70.968482
1.3333,10.8333,77.958222
1.5000,10.8333,84.928629
1.6667,10.8333,91.679500
1.8333,10.8333,97.990430
2.0000,10.8333,103.657098
2.1667,10.8333,108.552308
2.3333,10.8333,112.702434
2.5000,10.8333,116.350180
2.6667,10.8333,119.963638
2.8333,10.8333,124.166032
3.0000,10.8333,129.600633
3.1667,10.8333,136.786661
3.3333,10.8333,146.030714
3.5000,10.8333,157.422423
3.6667,10.8333,170.888540
3.8333,10.8333,186.251314
4.0000,10.8333,203.257422
4.1667,10.8333,221.591552
4.3333,10.8333,240.917281
4.5000,10.8333,260.969387
4.6667,10.8333,281.671429
4.8333,10.8333,303.213905
5.0000,10.8333,326.034245
5.1667,10.8333,350.686201
5.3333,10.8333,377.640820
5.5000,10.8333,407.093001
5.6667,10.8333,438.845359
5.8333,10.8333,472.311141
6.0000,10.8333,506.635133
6.1667,10.8333,540.891693
6.3333,10.8333,574.297003
6.5000,10.8333,606.376244
6.6667,10.8333,637.050784
6.8333,10.8333,666.639603
7.0000,10.8333,695.789066
7.1667,10.8333,725.350992
7.3333,10.8333,756.225987
7.5000,10.8333,789.188375
7.6667,10.8333,824.716638
7.8333,10.8333,862.863143
8.0000,10.8333,903.198742
8.1667,10.8333,944.853900
8.3333,10.8333,986.650045
8.5000,10.8333,1027.285669
8.6667,10.8333,1065.526416
8.8333,10.8333,1100.354252
9.0000,10.8333,1131.054339
9.1667,10.8333,1157.243942
9.3333,10.8333,1178.857947
9.5000,10.8333,1196.099436
9.6667,10.8333,1209.356246
9.8333,10.8333,1219.089285
10.0000,10.8333,1225.715972
10.1667,10.8333,1229.526093
10.3333,10.8333,1230.658338
10.5000,10.8333,1229.135981
10.6667,10.8333,1224.931257
10.8333,10.8333,1218.020231
11.0000,10.8333,1208.407623
11.1667,10.8333,1196.127594
11.3333,10.8333,1181.240799
11.5000,10.8333,1163.846732
11.6667,10.8333,1144.122298
11.8333,10.8333,1122.385200
12.0000,10.8333,1099.161380
12.1667,10.8333,1075.214463
12.3333,10.8333,1051.491637
12.5000,10.8333,1028.974485
12.6667,10.8333,1008.484213
12.8333,10.8333,990.532877
13.0000,10.8333,975.296297
13.1667,10.8333,962.716211
13.3333,10.8333,952.667329
13.5000,10.8333,945.101849
13.6667,10.8333,940.120122
13.8333,10.8333,937.972629
14.0000,10.8333,939.027379
14.1667,10.8333,943.724329
14.3333,10.8333,952.511457
14.5000,10.8333,965.754387
14.6667,10.8333,983.641706
14.8333,10.8333,1006.140383
15.0000,10.8333,1033.051455
15.1667,10.8333,1064.167012
15.3333,10.8333,1099.465901
15.5000,10.8333,1139.253225
15.6667,10.8333,1184.172570
15.8333,10.8333,1235.085493
16.0000,10.8333,1292.879217
16.1667,10.8333,1358.289419
16.3333,10.8333,1431.796318
16.5000,10.8333,1513.594854
16.6667,10.8333,1603.598967
16.8333,10.8333,1701.442882
17.0000,10.8333,1806.475260
17.1667,10.8333,1917.763742
17.3333,10.8333,2034.110423
17.5000,10.8333,2154.041731
17.6667,10.8333,2275.727803
17.8333,10.8333,2396.836452
18.0000,10.8333,2514.407901
18.1667,10.8333,2624.871775
18.3333,10.8333,2724.256175
18.5000,10.8333,2808.487724
18.6667,10.8333,2873.565342
18.8333,10.8333,2915.416820
19.0000,10.8333,2929.407638
19.1667,10.8333,2909.617097
19.3333,10.8333,2847.962714
19.5000,10.8333,2733.040620
19.6667,10.8333,2548.370336
19.8333,10.8333,2269.870623
20.0000,10.8333,1862.984460
20.1667,10.8333,1280.766720
20.3333,10.8333,465.064203
20.5000,10.8333,-646.829380
20.6667,10.8333,-2108.478425
20.8333,10.8333,-3944.222568
21.0000,10.8333,-6126.654303
21.1667,10.8333,-8558.694294
21.3333,10.8333,-11068.385956
21.5000,10.8333,-13422.442543
21.6667,10.8333,-15359.594380
21.8333,10.8333,-16638.318726
22.0000,10.8333,-17087.499393
22.1667,10.8333,-16645.343575
22.3333,10.8333,-15373.900741
22.5000,10.8333,-13444.199089
22.6667,10.8333,-11097.165682
22.8333,10.8333,-8593.081950
23.0000,10.8333,-6164.206823
23.1667,10.8333,-3981.857465
23.3333,10.8333,-2143.164676
23.5000,10.8333,-676.327407
23.6667,10.8333,441.661234
23.8333,10.8333,1262.824645
24.0000,10.8333,1848.447624
24.1667,10.8333,2255.610780
24.3333,10.8333,2530.644142
24.5000,10.8333,2707.961728
24.6667,10.8333,2811.932752
24.8333,10.8333,2859.681517
25.0000,10.8333,2863.503508
25.1667,10.8333,2832.476347
25.3333,10.8333,2773.451717
25.5000,10.8333,2691.774748
25.6667,10.8333,2591.907702
25.8333,10.8333,2477.910919
26.0000,10.8333,2353.674145
26.1667,10.8333,2222.905770
26.3333,10.8333,2089.018349
26.5000,10.8333,1955.054335
26.6667,10.8333,1823.682036
26.8333,10.8333,1697.181369
27.0000,10.8333,1577.341088
27.1667,10.8333,1465.293110
27.3333,10.8333,1361.402465
27.5000,10.8333,1265.318446
27.6667,10.8333,1176.188078
27.8333,10.8333,1092.934589
28.0000,10.8333,1014.490728
28.1667,10.8333,939.939941
28.3333,10.8333,868.585313
28.5000,10.8333,799.983277
28.6667,10.8333,733.954908
28.8333,10.8333,670.563937
29.0000,10.8333,610.053015
29.1667,10.8333,552.750398
29.3333,10.8333,498.974828
29.5000,10.8333,448.964535
29.6667,10.8333,402.841704
29.8333,10.8333,360.608860
30.0000,10.8333,322.165838
0.0000,11.0000,31.984084
0.1667,11.0000,36.703544
0.3333,11.0000,41.890280
0.5000,11.0000,47.553171
0.6667,11.0000,53.683919
0.8333,11.0000,60.250086
1.0000,11.0000,67.187495
1.1667,11.0000,74.393145
1.3333,11.0000,81.720295
1.5000,11.0000,88.977974
1.6667,11.0000,95.938618
1.8333,11.0000,102.360003
2.0000,11.0000,108.028921
2.1667,11.0000,112.829188
2.3333,11.0000,116.822064
2.5000,11.0000,120.307655
2.6667,11.0000,123.826295
2.8333,11.0000,128.075036
3.0000,11.0000,133.755885
3.1667,11.0000,141.415122
3.3333,11.0000,151.343246
3.5000,11.0000,163.570145
3.6667,11.0000,177.934142
3.8333,11.0000,194.169550
4.0000,11.0000,211.969474
4.1667,11.0000,231.022581
4.3333,11.0000,251.053569
4.5000,11.0000,271.890009
4.6667,11.0000,293.541380
4.8333,11.0000,316.243969
5.0000,11.0000,340.427038
5.1667,11.0000,366.591473
5.3333,11.0000,395.136394
5.5000,11.0000,426.195299
5.6667,11.0000,459.541021
5.8333,11.0000,494.594123
6.0000,11.0000,530.534729
6.1667,11.0000,566.484861
6.3333,11.0000,601.707371
6.5000,11.0000,635.766492
6.6667,11.0000,668.613069
6.8333,11.0000,700.584003
7.0000,11.0000,732.327629
7.1667,11.0000,764.676727
7.3333,11.0000,798.489731
7.5000,11.0000,834.478005
7.6667,11.0000,873.040857
7.8333,11.0000,914.137717
8.0000,11.0000,957.230434
8.1667,11.0000,1001.319400
8.3333,11.0000,1045.073660
8.5000,11.0000,1087.027347
8.6667,11.0000,1125.796588
8.8333,11.0000,1160.270102
9.0000,11.0000,1189.742049
9.1667,11.0000,1213.975389
9.3333,11.0000,1233.194105
9.5000,11.0000,1248.003700
9.6667,11.0000,1259.243585
9.8333,11.0000,1267.790597
10.0000,11.0000,1274.356258
10.1667,11.0000,1279.334857
10.3333,11.0000,1282.747269
10.5000,11.0000,1284.289545
10.6667,11.0000,1283.456579
10.8333,11.0000,1279.690444
11.0000,11.0000,1272.508973
11.1667,11.0000,1261.592726
11.3333,11.0000,1246.829496
11.5000,11.0000,1228.328649
11.6667,11.0000,1206.424498
11.8333,11.0000,1181.684379
12.0000,11.0000,1154.918453
12.1667,11.0000,1127.162127
12.3333,11.0000,1099.591580
12.5000,11.0000,1073.360923
12.6667,11.0000,1049.406511
12.8333,11.0000,1028.304291
13.0000,11.0000,1010.250467
13.1667,11.0000,995.169777
13.3333,11.0000,982.887248
13.5000,11.0000,973.279580
13.6667,11.0000,966.359552
13.8333,11.0000,962.300060
14.0000,11.0000,961.426746
14.1667,11.0000,964.190125
14.3333,11.0000,971.101937
14.5000,11.0000,982.625611
14.6667,11.0000,999.051145
14.8333,11.0000,1020.421841
15.0000,11.0000,1046.572635
15.1667,11.0000,1077.282506
15.3333,11.0000,1112.473809
15.5000,11.0000,1152.358978
15.6667,11.0000,1197.462826
15.8333,11.0000,1248.517203
16.0000,11.0000,1306.289601
16.1667,11.0000,1371.428734
16.3333,11.0000,1444.378141
16.5000,11.0000,1525.352350
16.6667,11.0000,1614.333526
16.8333,11.0000,1711.053769
17.0000,11.0000,1814.963350
17.1667,11.0000,1925.207469
17.3333,11.0000,2040.617794
17.5000,11.0000,2159.689650
17.6667,11.0000,2280.507906
17.8333,11.0000,2400.630246
18.0000,11.0000,2517.007238
18.1667,11.0000,2626.042698
18.3333,11.0000,2723.823129
18.5000,11.0000,2806.403707
18.6667,11.0000,2869.939309
18.8333,11.0000,2910.488822
19.0000,11.0000,2923.483928
19.1667,11.0000,2902.991553
19.3333,11.0000,2840.853266
19.5000,11.0000,2725.561115
19.6667,11.0000,2540.543944
19.8333,11.0000,2261.675906
20.0000,11.0000,1854.414957
20.1667,11.0000,1271.882039
20.3333,11.0000,456.015001
20.5000,11.0000,-655.811028
20.6667,11.0000,-2117.120720
20.8333,11.0000,-3952.275150
21.0000,11.0000,-6133.949711
21.1667,11.0000,-8565.189658
21.3333,11.0000,-11074.170459
21.5000,11.0000,-13427.707449
21.6667,11.0000,-15364.575647
21.8333,11.0000,-16643.231889
22.0000,11.0000,-17092.487802
22.1667,11.0000,-16650.454171
22.3333,11.0000,-15379.090899
22.5000,11.0000,-13449.368960
22.6667,11.0000,-11102.205045
22.8333,11.0000,-8597.918222
23.0000,11.0000,-6168.840793
23.1667,11.0000,-3986.375875
23.3333,11.0000,-2147.724733
23.5000,11.0000,-681.116845
23.6667,11.0000,436.476498
23.8333,11.0000,1257.148482
24.0000,11.0000,1842.282198
24.1667,11.0000,2249.058280
24.3333,11.0000,2523.884596
24.5000,11.0000,2701.217462
24.6667,11.0000,2805.432242
24.8333,11.0000,2853.632340
25.0000,11.0000,2858.078256
25.1667,11.0000,2827.809555
25.3333,11.0000,2769.642293
25.5000,11.0000,2688.888084
25.6667,11.0000,2589.974160
25.8333,11.0000,2476.921304
26.0000,11.0000,2353.576170
26.1667,11.0000,2223.606845
26.3333,11.0000,2090.398228
26.5000,11.0000,1956.986222
26.6667,11.0000,1826.054685
26.8333,11.0000,1699.911618
27.0000,11.0000,1580.369507
27.1667,11.0000,1468.564204
27.3333,11.0000,1364.839900
27.5000,11.0000,1268.809018
27.6667,11.0000,1179.583484
27.8333,11.0000,1096.070771
28.0000,11.0000,1017.216399
28.1667,11.0000,942.143004
28.3333,11.0000,870.208556
28.5000,11.0000,801.026295
28.6667,11.0000,734.464496
28.8333,11.0000,670.618096
29.0000,11.0000,609.743989
29.1667,11.0000,552.170618
29.3333,11.0000,498.207517
29.5000,11.0000,448.078923
29.6667,11.0000,401.891841
29.8333,11.0000,359.634693
30.0000,11.0000,321.195417
0.0000,11.1667,33.138407
0.1667,11.1667,38.046690
0.3333,11.1667,43.449276
0.5000,11.1667,49.354789
0.6667,11.1667,55.751973
0.8333,11.1667,62.601704
1.0000,11.1667,69.828631
1.1667,11.1667,77.314098
1.3333,11.1667,84.892481
1.5000,11.1667,92.353562
1.6667,11.1667,99.454566
1.8333,11.1667,105.947351
2.0000,11.1667,111.626828
2.1667,11.1667,116.401486
2.3333,11.1667,120.372616
2.5000,11.1667,123.890494
2.6667,11.1667,127.547500
2.8333,11.1667,132.084840
3.0000,11.1667,138.230865
3.1667,11.1667,146.531660
3.3333,11.1667,157.246035
3.5000,11.1667,170.343755
3.6667,11.1667,185.589183
3.8333,11.1667,202.653668
4.0000,11.1667,221.204793
4.1667,11.1667,240.957754
4.3333,11.1667,261.708563
4.5000,11.1667,283.372752
4.6667,11.1667,306.028525
4.8333,11.1667,329.935475
5.0000,11.1667,355.495862
5.1667,11.1667,383.149813
5.3333,11.1667,413.230483
5.5000,11.1667,445.827593
5.6667,11.1667,480.708005
5.8333,11.1667,517.323714
6.0000,11.1667,554.910455
6.1667,11.1667,592.652193
6.3333,11.1667,629.865727
6.5000,11.1667,666.153773
6.6667,11.1667,701.487383
6.8333,11.1667,736.202859
7.0000,11.1667,770.922879
7.1667,11.1667,806.425366
7.3333,11.1667,843.483700
7.5000,11.1667,882.696588
7.6667,11.1667,924.325678
7.8333,11.1667,968.165877
8.0000,11.1667,1013.480836
8.1667,11.1667,1059.033801
8.3333,11.1667,1103.225083
8.5000,11.1667,1144.318446
8.6667,11.1667,1180.713383
8.8333,11.1667,1211.208881
9.0000,11.1667,1235.209310
9.1667,11.1667,1252.836633
9.3333,11.1667,1264.924535
9.5000,11.1667,1272.881129
9.6667,11.1667,1278.427301
9.8333,11.1667,1283.249914
10.0000,11.1667,1288.644358
10.1667,11.1667,1295.239477
10.3333,11.1667,1302.881246
10.5000,11.1667,1310.702935
10.6667,11.1667,1317.351332
10.8333,11.1667,1321.295665
11.0000,11.1667,1321.134221
11.1667,11.1667,1315.831131
11.3333,11.1667,1304.848022
11.5000,11.1667,1288.171359
11.6667,11.1667,1266.267489
11.8333,11.1667,1240.008413
12.0000,11.1667,1210.593809
12.1667,11.1667,1179.460115
12.3333,11.1667,1148.145515
12.5000,11.1667,1118.098647
12.6667,11.1667,1090.471379
12.8333,11.1667,1065.975651
13.0000,11.1667,1044.870258
13.1667,11.1667,1027.079737
13.3333,11.1667,1012.381053
13.5000,11.1667,1000.574770
13.6667,11.1667,991.593460
13.8333,11.1667,985.550492
14.0000,11.1667,982.751755
14.1667,11.1667,983.674501
14.3333,11.1667,988.894598
14.5000,11.1667,998.955025
14.6667,11.1667,1014.214575
14.8333,11.1667,1034.754250
15.0000,11.1667,1060.406664
15.1667,11.1667,1090.909546
15.3333,11.1667,1126.110787
15.5000,11.1667,1166.121748
15.6667,11.1667,1211.348172
15.8333,11.1667,1262.399129
16.0000,11.1667,1319.936544
16.1667,11.1667,1384.543399
16.3333,11.1667,1456.653169
16.5000,11.1667,1536.528178
16.6667,11.1667,1624.243572
16.8333,11.1667,1719.646013
17.0000,11.1667,1822.293607
17.1667,11.1667,1931.405620
17.3333,11.1667,2045.833834
17.5000,11.1667,2164.032172
17.6667,11.1667,2283.992797
17.8333,11.1667,2403.158604
18.0000,11.1667,2518.384721
18.1667,11.1667,2626.037703
18.3333,11.1667,2722.244421
18.5000,11.1667,2803.168763
18.6667,11.1667,2865.108062
18.8333,11.1667,2904.251796
19.0000,11.1667,2916.111405
19.1667,11.1667,2894.764015
19.3333,11.1667,2831.998337
19.5000,11.1667,2716.217962
19.6667,11.1667,2530.764964
19.8333,11.1667,2251.462173
20.0000,11.1667,1843.770940
20.1667,11.1667,1260.869492
20.3333,11.1667,444.786462
20.5000,11.1667,-667.012277
20.6667,11.1667,-2127.996461
20.8333,11.1667,-3962.533673
21.0000,11.1667,-6143.373225
21.1667,11.1667,-8573.685086
21.3333,11.1667,-11081.786302
21.5000,11.1667,-13434.611557
21.6667,11.1667,-15371.003371
21.8333,11.1667,-16649.424715
22.0000,11.1667,-17098.643847
22.1667,11.1667,-16656.703771
22.3333,11.1667,-15385.498479
22.5000,11.1667,-13455.953264
22.6667,11.1667,-11108.966862
22.8333,11.1667,-8604.866304
23.0000,11.1667,-6176.009292
23.1667,11.1667,-3993.828582
23.3333,11.1667,-2155.543587
23.5000,11.1667,-689.376299
23.6667,11.1667,427.741845
23.8333,11.1667,1247.971065
24.0000,11.1667,1832.771823
24.1667,11.1667,2239.390120
24.3333,11.1667,2514.268605
24.5000,11.1667,2691.860670
24.6667,11.1667,2796.507881
24.8333,11.1667,2845.266178
25.0000,11.1667,2850.354581
25.1667,11.1667,2820.790297
25.3333,11.1667,2763.386905
25.5000,11.1667,2683.462328
25.6667,11.1667,2585.442865
25.8333,11.1667,2473.329471
26.0000,11.1667,2350.928981
26.1667,11.1667,2221.859116
26.3333,11.1667,2089.458522
26.5000,11.1667,1956.733683
26.6667,11.1667,1826.361061
26.8333,11.1667,1700.659187
27.0000,11.1667,1581.458117
27.1667,11.1667,1469.906266
27.3333,11.1667,1366.348041
27.5000,11.1667,1270.384402
27.6667,11.1667,1181.112030
27.8333,11.1667,1097.430288
28.0000,11.1667,1018.292351
28.1667,11.1667,942.846747
28.3333,11.1667,870.491124
28.5000,11.1667,800.883190
28.6667,11.1667,733.930851
28.8333,11.1667,669.757021
29.0000,11.1667,608.632494
29.1667,11.1667,550.886991
29.3333,11.1667,496.822385
29.5000,11.1667,446.650449
29.6667,11.1667,400.464339
29.8333,11.1667,358.239511
30.0000,11.1667,319.853004
0.0000,11.3333,34.138680
0.1667,11.3333,39.204692
0.3333,11.3333,44.785360
0.5000,11.3333,50.888000
0.6667,11.3333,57.497550
0.8333,11.3333,64.567883
1.0000,11.3333,72.013266
1.1667,11.3333,79.702109
1.3333,11.3333,87.455636
1.5000,11.3333,95.054142
1.6667,11.3333,102.253818
1.8333,11.3333,108.818134
2.0000,11.3333,114.567892
2.1667,11.3333,119.449154
2.3333,11.3333,123.605474
2.5000,11.3333,127.424468
2.6667,11.3333,131.521923
2.8333,11.3333,136.642889
3.0000,11.3333,143.498602
3.1667,11.3333,152.599183
3.3333,11.3333,164.153824
3.5000,11.3333,178.078223
3.6667,11.3333,194.092267
3.8333,11.3333,211.849037
4.0000,11.3333,231.036528
4.1667,11.3333,251.429022
4.3333,11.3333,272.903596
4.5000,11.3333,295.450110
4.6667,11.3333,319.186149
4.8333,11.3333,344.361662
5.0000,11.3333,371.326975
5.1667,11.3333,400.451832
5.3333,11.3333,432.010297
5.5000,11.3333,466.067592
5.6667,11.3333,502.409647
5.8333,11.3333,540.544710
6.0000,11.3333,579.785161
6.1667,11.3333,619.392680
6.3333,11.3333,658.747595
6.5000,11.3333,697.493028
6.6667,11.3333,735.612357
6.8333,11.3333,773.421294
7.0000,11.3333,811.482667
7.1667,11.3333,850.469251
7.3333,11.3333,891.000970
7.5000,11.3333,933.474602
7.6667,11.3333,977.900352
7.8333,11.3333,1023.766844
8.0000,11.3333,1069.969989
8.1667,11.3333,1114.847409
8.3333,11.3333,1156.345095
8.5000,11.3333,1192.309131
8.6667,11.3333,1220.857745
8.8333,11.3333,1240.762692
9.0000,11.3333,1251.761716
9.1667,11.3333,1254.731888
9.3333,11.3333,1251.668822
9.5000,11.3333,1245.441922
9.6667,11.3333,1239.338283
9.8333,11.3333,1236.464651
10.0000,11.3333,1239.132633
10.1667,11.3333,1248.380326
10.3333,11.3333,1263.760119
10.5000,11.3333,1283.450113
10.6667,11.3333,1304.653446
10.8333,11.3333,1324.170971
11.0000,11.3333,1338.996189
11.1667,11.3333,1346.794732
11.3333,11.3333,1346.181631
11.5000,11.3333,1336.780464
11.6667,11.3333,1319.115013
11.8333,11.3333,1294.416811
12.0000,11.3333,1264.416572
12.1667,11.3333,1231.140235
12.3333,11.3333,1196.691320
12.5000,11.3333,1163.007115
12.6667,11.3333,1131.622738
12.8333,11.3333,1103.516508
13.0000,11.3333,1079.098660
13.1667,11.3333,1058.344432
13.3333,11.3333,1041.006655
13.5000,11.3333,1026.821571
13.6667,11.3333,1015.653708
13.8333,11.3333,1007.573598
14.0000,11.3333,1002.883368
14.1667,11.3333,1002.092328
14.3333,11.3333,1005.827938
14.5000,11.3333,1014.682692
14.6667,11.3333,1029.044032
14.8333,11.3333,1048.990296
15.0000,11.3333,1074.319032
15.1667,11.3333,1104.705361
15.3333,11.3333,1139.913061
15.5000,11.3333,1179.953188
15.6667,11.3333,1225.122236
15.8333,11.3333,1275.924442
16.0000,11.3333,1332.941231
16.1667,11.3333,1396.720021
16.3333,11.3333,1467.715694
16.5000,11.3333,1546.265862
16.6667,11.3333,1632.556689
16.8333,11.3333,1726.554335
17.0000,11.3333,1827.916356
17.1667,11.3333,1935.918278
17.3333,11.3333,2049.411835
17.5000,11.3333,2166.794658
17.6667,11.3333,2285.961119
17.8333,11.3333,2404.242473
18.0000,11.3333,2518.402404
18.1667,11.3333,2624.766080
18.3333,11.3333,2719.483949
18.5000,11.3333,2798.802591
18.6667,11.3333,2859.136680
18.8333,11.3333,2896.793549
19.0000,11.3333,2907.371110
19.1667,11.3333,2884.982149
19.3333,11.3333,2821.398568
19.5000,11.3333,2704.969933
19.6667,11.3333,2518.973235
19.8333,11.3333,2239.183592
20.0000,11.3333,1831.053757
20.1667,11.3333,1247.800087
20.3333,11.3333,431.525638
20.5000,11.3333,-680.219556
20.6667,11.3333,-2140.845349
20.8333,11.3333,-3974.712482
21.0000,11.3333,-6154.628474
21.1667,11.3333,-8583.876605
21.3333,11.3333,-11090.913854
21.5000,11.3333,-13442.805431
21.6667,11.3333,-15378.485604
21.8333,11.3333,-16656.458271
22.0000,11.3333,-17105.488718
22.1667,11.3333,-16663.591192
22.3333,11.3333,-15392.622883
22.5000,11.3333,-13463.473756
22.6667,11.3333,-11117.009833
22.8333,11.3333,-8613.525785
23.0000,11.3333,-6185.346180
23.1667,11.3333,-4003.870152
23.3333,11.3333,-2166.282042
23.5000,11.3333,-700.763966
23.6667,11.3333,415.800312
23.8333,11.3333,1235.624198
24.0000,11.3333,1820.216870
24.1667,11.3333,2226.853702
24.3333,11.3333,2501.974684
24.5000,11.3333,2679.995480
24.6667,11.3333,2785.195206
24.8333,11.3333,2834.563869
25.0000,11.3333,2840.274693
25.1667,11.3333,2811.334058
25.3333,11.3333,2754.577724
25.5000,11.3333,2675.360685
25.6667,11.3333,2578.136692
25.8333,11.3333,2466.906721
26.0000,11.3333,2345.447069
26.1667,11.3333,2217.324657
26.3333,11.3333,2085.823008
26.5000,11.3333,1953.902769
26.6667,11.3333,1824.211258
26.8333,11.3333,1699.055900
27.0000,11.3333,1580.270716
27.1667,11.3333,1469.017355
27.3333,11.3333,1365.655666
27.5000,11.3333,1269.798230
27.6667,11.3333,1180.547297
27.8333,11.3333,1096.804629
28.0000,11.3333,1017.528927
28.1667,11.3333,941.883081
28.3333,11.3333,869.289302
28.5000,11.3333,799.436166
28.6667,11.3333,732.261769
28.8333,11.3333,667.912020
29.0000,11.3333,606.670046
29.1667,11.3333,548.867366
29.3333,11.3333,494.799731
29.5000,11.3333,444.668344
29.6667,11.3333,398.554422
29.8333,11.3333,356.422246
30.0000,11.3333,318.139571
0.0000,11.5000,34.972558
0.1667,11.5000,40.163822
0.3333,11.5000,45.883964
0.5000,11.5000,52.138514
0.6667,11.5000,58.908604
0.8333,11.5000,66.141968
1.0000,11.5000,73.744757
1.1667,11.5000,81.576843
1.3333,11.5000,89.453634
1.5000,11.5000,97.156889
1.6667,11.5000,104.456343
1.8333,11.5000,111.143936
2.0000,11.5000,117.082199
2.1667,11.5000,122.264458
2.3333,11.5000,126.874206
2.5000,11.5000,131.317659
2.6667,11.5000,136.198274
2.8333,11.5000,142.217054
3.0000,11.5000,150.018107
3.1667,11.5000,160.036479
3.3333,11.5000,172.415654
3.5000,11.5000,187.030981
3.6667,11.5000,203.599306
3.8333,11.5000,221.812964
4.0000,11.5000,241.436271
4.1667,11.5000,262.340017
4.3333,11.5000,284.492199
4.5000,11.5000,307.941051
4.6667,11.5000,332.812015
4.8333,11.5000,359.311344
5.0000,11.5000,387.711432
5.1667,11.5000,418.299195
5.3333,11.5000,451.291146
5.5000,11.5000,486.740588
5.6667,11.5000,524.471935
5.8333,11.5000,564.072092
6.0000,11.5000,604.952502
6.1667,11.5000,646.472327
6.3333,11.5000,688.089490
6.5000,11.5000,729.492232
6.6667,11.5000,770.667826
6.8333,11.5000,811.886184
7.0000,11.5000,853.604453
7.1667,11.5000,896.318902
7.3333,11.5000,940.392480
7.5000,11.5000,985.876440
7.6667,11.5000,1032.338666
7.8333,11.5000,1078.720760
8.0000,11.5000,1123.267693
8.1667,11.5000,1163.588561
8.3333,11.5000,1196.893471
8.5000,11.5000,1220.408109
8.6667,11.5000,1231.911892
8.8333,11.5000,1230.299369
9.0000,11.5000,1216.042471
9.1667,11.5000,1191.434274
9.3333,11.5000,1160.517991
9.5000,11.5000,1128.651132
9.6667,11.5000,1101.728930
9.8333,11.5000,1085.184211
10.0000,11.5000,1082.967976
10.1667,11.5000,1096.757834
10.3333,11.5000,1125.606334
10.5000,11.5000,1166.129179
10.6667,11.5000,1213.183482
10.8333,11.5000,1260.853161
11.0000,11.5000,1303.489104
11.1667,11.5000,1336.563783
11.3333,11.5000,1357.180644
11.5000,11.5000,1364.198327
11.6667,11.5000,1358.045151
11.8333,11.5000,1340.362399
12.0000,11.5000,1313.604284
12.1667,11.5000,1280.659959
12.3333,11.5000,1244.501354
12.5000,11.5000,1207.847958
12.6667,11.5000,1172.876265
12.8333,11.5000,1141.039075
13.0000,11.5000,1113.051140
13.1667,11.5000,1089.040117
13.3333,11.5000,1068.795944
13.5000,11.5000,1052.025787
13.6667,11.5000,1038.547761
13.8333,11.5000,1028.402932
14.0000,11.5000,1021.892498
14.1667,11.5000,1019.544939
14.3333,11.5000,1022.009187
14.5000,11.5000,1029.885441
14.6667,11.5000,1043.546639
14.8333,11.5000,1063.033647
15.0000,11.5000,1088.087297
15.1667,11.5000,1118.311444
15.3333,11.5000,1153.387781
15.5000,11.5000,1193.238101
15.6667,11.5000,1238.069154
15.8333,11.5000,1288.307584
16.0000,11.5000,1344.486867
16.1667,11.5000,1407.152298
16.3333,11.5000,1476.809001
16.5000,11.5000,1553.888933
16.6667,11.5000,1638.695127
16.8333,11.5000,1731.305085
17.0000,11.5000,1831.456086
17.1667,11.5000,1938.454168
17.3333,11.5000,2051.126848
17.5000,11.5000,2167.800133
17.6667,11.5000,2286.267761
17.8333,11.5000,2403.756603
18.0000,11.5000,2516.948145
18.1667,11.5000,2622.127469
18.3333,11.5000,2715.455748
18.5000,11.5000,2793.236675
18.6667,11.5000,2851.973008
18.8333,11.5000,2888.069931
19.0000,11.5000,2897.212138
19.1667,11.5000,2873.572557
19.3333,11.5000,2808.949009
19.5000,11.5000,2691.684091
19.6667,11.5000,2505.025163
19.8333,11.5000,2224.712716
20.0000,11.5000,1816.180558
20.1667,11.5000,1232.657486
20.3333,11.5000,416.292532
20.5000,11.5000,-695.299852
20.6667,11.5000,-2155.474419
20.8333,11.5000,-3988.575209
21.0000,11.5000,-6167.449419
21.1667,11.5000,-8595.475593
21.3333,11.5000,-11101.242278
21.5000,11.5000,-13451.952903
21.6667,11.5000,-15386.658743
21.8333,11.5000,-16663.943590
22.0000,11.5000,-17112.614356
22.1667,11.5000,-16670.696650
22.3333,11.5000,-15400.036746
22.5000,11.5000,-13471.493677
22.6667,11.5000,-11125.880536
22.8333,11.5000,-8623.417323
23.0000,11.5000,-6196.339451
23.1667,11.5000,-4015.955233
23.3333,11.5000,-2179.368592
23.5000,11.5000,-714.697485
23.6667,11.5000,401.222653
23.8333,11.5000,1220.639829
24.0000,11.5000,1805.082919
24.1667,11.5000,2211.826407
24.3333,11.5000,2487.282216
24.5000,11.5000,2665.809594
24.6667,11.5000,2771.612327
24.8333,11.5000,2821.606251
25.0000,11.5000,2827.915285
25.1667,11.5000,2799.537132
25.3333,11.5000,2743.337966
25.5000,11.5000,2664.723156
25.6667,11.5000,2568.190166
25.8333,11.5000,2457.756825
26.0000,11.5000,2337.184035
26.1667,11.5000,2209.998813
26.3333,11.5000,2079.433068
26.5000,11.5000,1948.395087
26.6667,11.5000,1819.486734
26.8333,11.5000,1694.983100
27.0000,11.5000,1576.704358
27.1667,11.5000,1465.818740
27.3333,11.5000,1362.708620
27.5000,11.5000,1267.014920
27.6667,11.5000,1177.863535
27.8333,11.5000,1094.170270
28.0000,11.5000,1014.900898
28.1667,11.5000,939.225204
28.3333,11.5000,866.577535
28.5000,11.5000,796.664381
28.6667,11.5000,729.443622
28.8333,11.5000,665.077523
29.0000,11.5000,603.858459
29.1667,11.5000,546.119297
29.3333,11.5000,492.150839
29.5000,11.5000,442.145704
29.6667,11.5000,396.175447
29.8333,11.5000,354.195419
30.0000,11.5000,316.066155
0.0000,11.6667,35.633237
0.1667,11.6667,40.917570
0.3333,11.6667,46.739967
0.5000,11.6667,53.104434
0.6667,11.6667,59.989343
0.8333,11.6667,67.338508
1.0000,11.6667,75.053818
1.1667,11.6667,82.992570
1.3333,11.6667,90.972828
1.5000,11.6667,98.788897
1.6667,11.6667,106.237205
1.8333,11.6667,113.151718
2.0000,11.6667,119.447503
2.1667,11.6667,125.168703
2.3333,11.6667,130.530198
2.5000,11.6667,135.932804
2.6667,11.6667,141.928557
2.8333,11.6667,149.125689
3.0000,11.6667,158.053269
3.1667,11.6667,169.037134
3.3333,11.6667,182.145980
3.5000,11.6667,197.235678
3.6667,11.6667,214.066446
3.8333,11.6667,232.428641
4.0000,11.6667,252.216782
4.1667,11.6667,273.432766
4.3333,11.6667,296.145007
4.5000,11.6667,320.448343
4.6667,11.6667,346.452681
4.8333,11.6667,374.295312
5.0000,11.6667,404.149686
5.1667,11.6667,436.205431
5.3333,11.6667,470.614136
5.5000,11.6667,507.417455
5.6667,11.6667,546.486967
5.8333,11.6667,587.505112
6.0000,11.6667,630.005053
6.1667,11.6667,673.466935
6.3333,11.6667,717.444088
6.5000,11.6667,761.675446
6.6667,11.6667,806.139987
6.8333,11.6667,851.027150
7.0000,11.6667,896.625645
7.1667,11.6667,943.155753
7.3333,11.6667,990.574560
7.5000,11.6667,1038.374515
7.6667,11.6667,1085.391306
7.8333,11.6667,1129.651310
8.0000,11.6667,1168.318703
8.1667,11.6667,1197.823302
8.3333,11.6667,1214.233610
8.5000,11.6667,1213.880424
8.6667,11.6667,1194.156200
8.8333,11.6667,1154.343213
9.0000,11.6667,1096.282608
9.1667,11.6667,1024.694597
9.3333,11.6667,946.996887
9.5000,11.6667,872.547577
9.6667,11.6667,811.360626
9.8333,11.6667,772.487706
10.0000,11.6667,762.391060
10.1667,11.6667,783.693213
10.3333,11.6667,834.633426
10.5000,11.6667,909.387137
10.6667,11.6667,999.170538
10.8333,11.6667,1093.842960
11.0000,11.6667,1183.607866
11.1667,11.6667,1260.428021
11.3333,11.6667,1318.893983
11.5000,11.6667,1356.470538
11.6667,11.6667,1373.225727
11.8333,11.6667,1371.252169
12.0000,11.6667,1353.990020
12.1667,11.6667,1325.582978
12.3333,11.6667,1290.310186
12.5000,11.6667,1252.098639
12.6667,11.6667,1214.140055
12.8333,11.6667,1178.666067
13.0000,11.6667,1146.927348
13.1667,11.6667,1119.368512
13.3333,11.6667,1095.925926
13.5000,11.6667,1076.345140
13.6667,11.6667,1060.434581
13.8333,11.6667,1048.218089
14.0000,11.6667,1039.985709
14.1667,11.6667,1036.254071
14.3333,11.6667,1037.647431
14.5000,11.6667,1044.723164
14.6667,11.6667,1057.797055
14.8333,11.6667,1076.846023
15.0000,11.6667,1101.545230
15.1667,11.6667,1131.432008
15.3333,11.6667,1166.119975
15.5000,11.6667,1205.462988
15.6667,11.6667,1249.606673
15.8333,11.6667,1298.934874
16.0000,11.6667,1353.969787
16.1667,11.6667,1415.286356
16.3333,11.6667,1483.460292
16.5000,11.6667,1559.023185
16.6667,11.6667,1642.385306
16.8333,11.6667,1733.714251
17.0000,11.6667,1832.799413
17.1667,11.6667,1938.949520
17.3333,11.6667,2050.945819
17.5000,11.6667,2167.030889
17.6667,11.6667,2284.897616
17.8333,11.6667,2401.676933
18.0000,11.6667,2513.978659
18.1667,11.6667,2618.052505
18.3333,11.6667,2710.063578
18.5000,11.6667,2786.353863
18.6667,11.6667,2843.489232
18.8333,11.6667,2877.952474
19.0000,11.6667,2885.511248
19.1667,11.6667,2860.418055
19.3333,11.6667,2794.536664
19.5000,11.6667,2676.251106
19.6667,11.6667,2488.819253
19.8333,11.6667,2207.965627
20.0000,11.6667,1799.098247
20.1667,11.6667,1215.432041
20.3333,11.6667,399.128716
20.5000,11.6667,-712.159909
20.6667,11.6667,-2171.745236
20.8333,11.6667,-4003.949020
21.0000,11.6667,-6181.640394
21.1667,11.6667,-8608.273313
21.3333,11.6667,-11112.557041
21.5000,11.6667,-13461.839356
21.6667,11.6667,-15395.313431
21.8333,11.6667,-16671.681353
22.0000,11.6667,-17119.833166
22.1667,11.6667,-16677.838865
22.3333,11.6667,-15407.549698
22.5000,11.6667,-13479.789088
22.6667,11.6667,-11135.293729
22.8333,11.6667,-8634.172024
23.0000,11.6667,-6208.527146
23.1667,11.6667,-4029.535507
23.3333,11.6667,-2194.189507
23.5000,11.6667,-730.527903
23.6667,11.6667,384.659180
23.8333,11.6667,1203.636783
24.0000,11.6667,1787.929410
24.1667,11.6667,2194.789228
24.3333,11.6667,2470.587361
24.5000,11.6667,2649.623286
24.6667,11.6667,2756.027529
24.8333,11.6667,2806.643683
25.0000,11.6667,2813.544131
25.1667,11.6667,2785.710933
25.3333,11.6667,2730.031878
25.5000,11.6667,2651.956963
25.6667,11.6667,2556.029103
25.8333,11.6667,2446.293879
26.0000,11.6667,2326.514665
26.1667,11.6667,2200.197944
26.3333,11.6667,2070.538317
26.5000,11.6667,1940.395981
26.6667,11.6667,1812.320431
26.8333,11.6667,1688.539782
27.0000,11.6667,1570.844665
27.1667,11.6667,1460.399871
27.3333,11.6667,1357.609525
27.5000,11.6667,1262.150313
27.6667,11.6667,1173.182792
27.8333,11.6667,1089.645930
28.0000,11.6667,1010.515956
28.1667,11.6667,934.966240
28.3333,11.6667,862.434828
28.5000,11.6667,792.635461
28.6667,11.6667,725.535793
28.8333,11.6667,661.306985
29.0000,11.6667,600.246407
29.1667,11.6667,542.686911
29.3333,11.6667,488.915061
29.5000,11.6667,439.116814
29.6667,11.6667,393.356501
29.8333,11.6667,351.583048
30.0000,11.6667,313.652075
0.0000,11.8333,36.119049
0.1667,11.8333,41.465844
0.3333,11.8333,47.356202
0.5000,11.8333,53.793605
0.6667,11.8333,60.755690
0.8333,11.8333,68.185790
1.0000,11.8333,75.986690
1.1667,11.8333,84.020174
1.3333,11.8333,92.115794
1.5000,11.8333,100.090439
1.6667,11.8333,107.777280
1.8333,11.8333,115.060406
2.0000,11.8333,121.910846
2.1667,11.8333,128.419102
2.3333,11.8333,134.816286
2.5000,11.8333,141.470789
2.6667,11.8333,148.846201
2.8333,11.8333,157.416723
3.0000,11.8333,167.560004
3.1667,11.8333,179.471363
3.3333,11.8333,193.146004
3.5000,11.8333,208.445458
3.6667,11.8333,225.215836
3.8333,11.8333,243.393401
4.0000,11.8333,263.043359
4.1667,11.8333,284.323590
4.3333,11.8333,307.411206
4.5000,11.8333,332.444208
4.6667,11.8333,359.508221
4.8333,11.8333,388.661345
5.0000,11.8333,419.966556
5.1667,11.8333,453.502280
5.3333,11.8333,489.339960
5.5000,11.8333,527.497560
5.6667,11.8333,567.890829
5.8333,11.8333,610.307174
6.0000,11.8333,654.421388
6.1667,11.8333,699.857965
6.3333,11.8333,746.282953
6.5000,11.8333,793.488308
6.6667,11.8333,841.425086
6.8333,11.8333,890.154491
7.0000,11.8333,939.712582
7.1667,11.8333,989.909374
7.3333,11.8333,1040.091804
7.5000,11.8333,1088.896221
7.6667,11.8333,1134.018127
7.8333,11.8333,1172.049141
8.0000,11.8333,1198.468652
8.1667,11.8333,1207.900231
8.3333,11.8333,1194.716215
8.5000,11.8333,1153.991482
8.6667,11.8333,1082.694941
8.8333,11.8333,980.901736
9.0000,11.8333,852.743409
9.1667,11.8333,706.806158
9.3333,11.8333,555.746573
9.5000,11.8333,415.025112
9.6667,11.8333,300.851266
9.8333,11.8333,227.654491
10.0000,11.8333,205.582089
10.1667,11.8333,238.604509
10.3333,11.8333,323.716971
10.5000,11.8333,451.463741
10.6667,11.8333,607.660848
10.8333,11.8333,775.881497
11.0000,11.8333,940.102936
11.1667,11.8333,1086.934383
11.3333,11.8333,1207.025848
11.5000,11.8333,1295.528185
11.6667,11.8333,1351.738723
11.8333,11.8333,1378.229826
12.0000,11.8333,1379.778014
12.1667,11.8333,1362.321655
12.3333,11.8333,1332.056545
12.5000,11.8333,1294.705722
12.6667,11.8333,1254.989868
12.8333,11.8333,1216.336351
13.0000,11.8333,1180.851541
13.1667,11.8333,1149.530686
13.3333,11.8333,1122.618659
13.5000,11.8333,1100.003281
13.6667,11.8333,1081.539408
13.8333,11.8333,1067.249732
14.0000,11.8333,1057.396063
14.1667,11.8333,1052.441604
14.3333,11.8333,1052.931736
14.5000,11.8333,1059.328166
14.6667,11.8333,1071.850306
14.8333,11.8333,1090.391902
15.0000,11.8333,1114.562391
15.1667,11.8333,1143.846458
15.3333,11.8333,1177.812461
15.5000,11.8333,1216.276010
15.6667,11.8333,1259.357660
15.8333,11.8333,1307.438426
16.0000,11.8333,1361.066845
16.1667,11.8333,1420.874330
16.3333,11.8333,1487.516628
16.5000,11.8333,1561.615535
16.6667,11.8333,1643.664144
16.8333,11.8333,1733.887900
17.0000,11.8333,1832.095844
17.1667,11.8333,1937.572790
17.3333,11.8333,2049.036638
17.5000,11.8333,2164.640015
17.6667,11.8333,2281.977645
17.8333,11.8333,2398.093337
18.0000,11.8333,2509.535943
18.1667,11.8333,2612.527783
18.3333,11.8333,2703.239055
18.5000,11.8333,2778.042399
18.6667,11.8333,2833.552284
18.8333,11.8333,2866.314269
19.0000,11.8333,2872.173062
19.1667,11.8333,2845.471091
19.3333,11.8333,2778.165439
19.5000,11.8333,2658.718478
19.6667,11.8333,2470.432401
19.8333,11.8333,2189.034566
20.0000,11.8333,1779.905191
20.1667,11.8333,1196.224983
20.3333,11.8333,380.138859
20.5000,11.8333,-730.690670
20.6667,11.8333,-2189.545792
20.8333,11.8333,-4020.723827
21.0000,11.8333,-6197.100990
21.1667,11.8333,-8622.188404
21.3333,11.8333,-11124.805508
21.5000,11.8333,-13472.449761
21.6667,11.8333,-15404.478946
21.8333,11.8333,-16679.747329
22.0000,11.8333,-17127.261631
22.1667,11.8333,-16685.157853
22.3333,11.8333,-15415.295482
22.5000,11.8333,-13488.448262
22.6667,11.8333,-11145.251609
22.8333,11.8333,-8645.674295
23.0000,11.8333,-6221.661422
23.1667,11.8333,-4044.236576
23.3333,11.8333,-2210.266482
23.5000,11.8333,-747.705540
23.6667,11.8333,366.696150
23.8333,11.8333,1185.206523
24.0000,11.8333,1769.328208
24.1667,11.8333,2176.277627
24.3333,11.8333,2452.381370
24.5000,11.8333,2631.885812
24.6667,11.8333,2738.860642
24.8333,11.8333,2790.087529
25.0000,11.8333,2797.588361
25.1667,11.8333,2770.318586
25.3333,11.8333,2715.168197
25.5000,11.8333,2637.612435
25.6667,11.8333,2542.229385
25.8333,11.8333,2433.096033
26.0000,11.8333,2313.994127
26.1667,11.8333,2188.431141
26.3333,11.8333,2059.583851
26.5000,11.8333,1930.276628
26.6667,11.8333,1803.010247
26.8333,11.8333,1679.962517
27.0000,11.8333,1562.887331
27.1667,11.8333,1452.938289
27.3333,11.8333,1350.535623
27.5000,11.8333,1255.389689
27.6667,11.8333,1166.696997
27.8333,11.8333,1083.422630
28.0000,11.8333,1004.555338
28.1667,11.8333,929.271070
28.3333,11.8333,857.006774
28.5000,11.8333,787.475829
28.6667,11.8333,720.647294
28.8333,11.8333,656.694153
29.0000,11.8333,595.914219
29.1667,11.8333,538.638514
29.3333,11.8333,485.149761
29.5000,11.8333,435.629068
29.6667,11.8333,390.136016
29.8333,11.8333,348.615689
30.0000,11.8333,310.921151
0.0000,12.0000,36.432863
0.1667,12.0000,41.813934
0.3333,12.0000,47.741689
0.5000,12.0000,54.220637
0.6667,12.0000,61.230413
0.8333,12.0000,68.718074
1.0000,12.0000,76.593154
1.1667,12.0000,84.729256
1.3333,12.0000,92.975603
1.5000,12.0000,101.179489
1.6667,12.0000,109.216542
1.8333,12.0000,117.022531
2.0000,12.0000,124.619843
2.1667,12.0000,132.133210
2.3333,12.0000,139.790095
2.5000,12.0000,147.900318
2.6667,12.0000,156.809994
2.8333,12.0000,166.832559
3.0000,12.0000,178.175931
3.1667,12.0000,190.900343
3.3333,12.0000,204.938805
3.5000,12.0000,220.182962
3.6667,12.0000,236.595426
3.8333,12.0000,254.286764
4.0000,12.0000,273.513321
4.1667,12.0000,294.600607
4.3333,12.0000,317.840662
4.5000,12.0000,343.419886
4.6667,12.0000,371.405775
4.8333,12.0000,401.782205
5.0000,12.0000,434.500813
5.1667,12.0000,469.518857
5.3333,12.0000,506.810072
5.5000,12.0000,546.350329
5.6667,12.0000,588.088793
5.8333,12.0000,631.919866
6.0000,12.0000,677.673285
6.1667,12.0000,725.134866
6.3333,12.0000,774.093762
6.5000,12.0000,824.389132
6.6667,12.0000,875.913973
6.8333,12.0000,928.538220
7.0000,12.0000,981.936652
7.1667,12.0000,1035.334785
7.3333,12.0000,1087.201832
7.5000,12.0000,1134.926495
7.6667,12.0000,1174.525924
7.8333,12.0000,1200.472553
8.0000,12.0000,1205.767800
8.1667,12.0000,1182.410070
8.3333,12.0000,1122.358515
8.5000,12.0000,1018.977830
8.6667,12.0000,868.794054
8.8333,12.0000,673.242480
9.0000,12.0000,439.991074
9.1667,12.0000,183.410492
9.3333,12.0000,-76.143380
9.5000,12.0000,-314.359222
9.6667,12.0000,-506.139073
9.8333,12.0000,-629.411843
10.0000,12.0000,-668.842726
10.1667,12.0000,-618.598088
10.3333,12.0000,-483.473159
10.5000,12.0000,-278.072737
10.6667,12.0000,-24.236872
10.8333,12.0000,252.655327
11.0000,12.0000,527.637624
11.1667,12.0000,779.525332
11.3333,12.0000,993.110828
11.5000,12.0000,1159.971982
11.6667,12.0000,1278.051708
11.8333,12.0000,1350.409902
12.0000,12.0000,1383.606604
12.1667,12.0000,1386.082531
12.3333,12.0000,1366.752667
12.5000,12.0000,1333.909032
12.6667,12.0000,1294.471651
12.8333,12.0000,1253.604032
13.0000,12.0000,1214.681688
13.1667,12.0000,1179.554198
13.3333,12.0000,1148.988313
13.5000,12.0000,1123.153060
13.6667,12.0000,1102.026218
13.8333,12.0000,1085.653999
14.0000,12.0000,1074.254799
14.1667,12.0000,1068.197622
14.3333,12.0000,1067.898132
14.5000,12.0000,1073.675679
14.6667,12.0000,1085.620957
14.8333,12.0000,1103.530845
15.0000,12.0000,1126.952793
15.1667,12.0000,1155.335856
15.3333,12.0000,1188.229613
15.5000,12.0000,1225.445289
15.6667,12.0000,1267.117837
15.8333,12.0000,1313.666361
16.0000,12.0000,1365.700475
16.1667,12.0000,1423.927866
16.3333,12.0000,1489.083587
16.5000,12.0000,1561.858901
16.6667,12.0000,1642.795376
16.8333,12.0000,1732.137557
17.0000,12.0000,1829.679484
17.1667,12.0000,1934.657061
17.3333,12.0000,2045.711476
17.5000,12.0000,2160.902749
17.6667,12.0000,2277.732965
17.8333,12.0000,2393.169710
18.0000,12.0000,2503.714653
18.1667,12.0000,2605.576819
18.3333,12.0000,2694.942697
18.5000,12.0000,2768.220630
18.6667,12.0000,2822.071154
18.8333,12.0000,2853.094507
19.0000,12.0000,2857.204083
19.1667,12.0000,2828.829716
19.3333,12.0000,2760.028773
19.5000,12.0000,2639.357429
19.6667,12.0000,2450.180732
19.8333,12.0000,2168.242997
20.0000,12.0000,1758.900188
20.1667,12.0000,1175.289897
20.3333,12.0000,359.522586
20.5000,12.0000,-750.747148
20.6667,12.0000,-2208.783510
20.8333,12.0000,-4038.858599
21.0000,12.0000,-6213.844403
21.1667,12.0000,-8637.294461
21.3333,12.0000,-11138.129610
21.5000,12.0000,-13484.001345
21.6667,12.0000,-15414.450647
21.8333,12.0000,-16688.510529
22.0000,12.0000,-17135.327892
22.1667,12.0000,-16693.114785
22.3333,12.0000,-15423.731398
22.5000,12.0000,-13497.880884
22.6667,12.0000,-11156.072606
22.8333,12.0000,-8658.116019
23.0000,12.0000,-6235.787511
23.1667,12.0000,-4059.955116
23.3333,12.0000,-2227.362178
23.5000,12.0000,-765.884519
23.6667,12.0000,347.758485
23.8333,12.0000,1165.825294
24.0000,12.0000,1749.784044
24.1667,12.0000,2156.807317
24.3333,12.0000,2433.177980
24.5000,12.0000,2613.100187
24.6667,12.0000,2720.600082
24.8333,12.0000,2772.413391
25.0000,12.0000,2780.517676
25.1667,12.0000,2753.833501
25.3333,12.0000,2699.232842
25.5000,12.0000,2622.192940
25.6667,12.0000,2527.311193
25.8333,12.0000,2418.693597
26.0000,12.0000,2300.150340
26.1667,12.0000,2175.206509
26.3333,12.0000,2047.038083
26.5000,12.0000,1918.447905
26.6667,12.0000,1791.899296
26.8333,12.0000,1669.528142
27.0000,12.0000,1553.056117
27.1667,12.0000,1443.624903
27.3333,12.0000,1341.665020
27.5000,12.0000,1246.912068
27.6667,12.0000,1158.590967
27.8333,12.0000,1075.688400
28.0000,12.0000,997.203765
28.1667,12.0000,922.314194
28.3333,12.0000,850.452557
28.5000,12.0000,781.326746
28.6667,12.0000,714.900933
28.8333,12.0000,651.344140
29.0000,12.0000,590.950678
29.1667,12.0000,534.048105
29.3333,12.0000,480.915726
29.5000,12.0000,431.731605
29.6667,12.0000,386.553039
29.8333,12.0000,345.323829
30.0000,12.0000,307.896782
0.0000,12.1667,36.581281
0.1667,12.1667,41.971222
0.3333,12.1667,47.909594
0.5000,12.1667,54.403756
0.6667,12.1667,61.438318
0.8333,12.1667,68.968415
1.0000,12.1667,76.916043
1.1667,12.1667,85.173232
1.3333,12.1667,93.615338
1.5000,12.1667,102.124702
1.6667,12.1667,110.620238
1.8333,12.1667,119.084593
2.0000,12.1667,127.580206
2.1667,12.1667,136.248879
2.3333,12.1667,145.293813
2.5000,12.1667,154.945861
2.6667,12.1667,165.417589
2.8333,12.1667,176.853384
3.0000,12.1667,189.292896
3.1667,12.1667,202.672116
3.3333,12.1667,216.879020
3.5000,12.1667,231.853561
3.6667,12.1667,247.688509
3.8333,12.1667,264.674855
4.0000,12.1667,283.260000
4.1667,12.1667,303.935911
4.3333,12.1667,327.112901
4.5000,12.1667,353.036232
4.6667,12.1667,381.770752
4.8333,12.1667,413.240812
5.0000,12.1667,447.294292
5.1667,12.1667,483.764253
5.3333,12.1667,522.514596
5.5000,12.1667,563.463791
5.6667,12.1667,606.583021
5.8333,12.1667,651.870337
6.0000,12.1667,699.313926
6.1667,12.1667,748.865428
6.3333,12.1667,800.434572
6.5000,12.1667,853.889908
6.6667,12.1667,909.024353
6.8333,12.1667,965.438174
7.0000,12.1667,1022.311445
7.1667,12.1667,1078.069395
7.3333,12.1667,1129.970284
7.5000,12.1667,1173.667776
7.6667,12.1667,1202.833221
7.8333,12.1667,1208.974332
8.0000,12.1667,1181.637974
8.1667,12.1667,1109.193123
8.3333,12.1667,980.313620
8.5000,12.1667,786.115895
8.6667,12.1667,522.693540
8.8333,12.1667,193.585462
9.0000,12.1667,-188.422401
9.1667,12.1667,-600.775853
9.3333,12.1667,-1012.376498
9.5000,12.1667,-1386.694240
9.6667,12.1667,-1686.469354
9.8333,12.1667,-1879.254934
10.0000,12.1667,-1942.720620
10.1667,12.1667,-1868.546391
10.3333,12.1667,-1663.964237
10.5000,12.1667,-1350.542162
10.6667,12.1667,-960.492566
10.8333,12.1667,-531.385770
11.0000,12.1667,-100.466644
11.1667,12.1667,300.256477
11.3333,12.1667,647.307451
11.5000,12.1667,927.081612
11.6667,12.1667,1135.396459
11.8333,12.1667,1275.773604
12.0000,12.1667,1357.090517
12.1667,12.1667,1391.159043
12.3333,12.1667,1390.605743
12.5000,12.1667,1367.248131
12.6667,12.1667,1331.032989
12.8333,12.1667,1289.523873
13.0000,12.1667,1247.870586
13.1667,12.1667,1209.146072
13.3333,12.1667,1174.897062
13.5000,12.1667,1145.741661
13.6667,12.1667,1121.874520
13.8333,12.1667,1103.400739
14.0000,12.1667,1090.489011
14.1667,12.1667,1083.384249
14.3333,12.1667,1082.335275
14.5000,12.1667,1087.486737
14.6667,12.1667,1098.779657
14.8333,12.1667,1115.906597
15.0000,12.1667,1138.358342
15.1667,12.1667,1165.564545
15.3333,12.1667,1197.081191
15.5000,12.1667,1232.747338
15.6667,12.1667,1272.748658
15.8333,12.1667,1317.577547
16.0000,12.1667,1367.931380
16.1667,12.1667,1424.605017
16.3333,12.1667,1488.404204
16.5000,12.1667,1560.063554
16.6667,12.1667,1640.136293
16.8333,12.1667,1728.847119
17.0000,12.1667,1825.941205
17.1667,12.1667,1930.581125
17.3333,12.1667,2041.318128
17.5000,12.1667,2156.117523
17.6667,12.1667,2272.396691
17.8333,12.1667,2387.063220
18.0000,12.1667,2496.593695
18.1667,12.1667,2597.208359
18.3333,12.1667,2685.132531
18.5000,12.1667,2756.826264
18.6667,12.1667,2809.002297
18.8333,12.1667,2838.310908
19.0000,12.1667,2840.720729
19.1667,12.1667,2810.731174
19.3333,12.1667,2740.483447
19.5000,12.1667,2618.617750
19.6667,12.1667,2428.561375
19.8333,12.1667,2146.082441
20.0000,12.1667,1736.521693
20.1667,12.1667,1152.979102
20.3333,12.1667,337.529993
20.5000,12.1667,-772.183737
20.6667,12.1667,-2229.412093
20.8333,12.1667,-4058.400286
21.0000,12.1667,-6232.008285
21.1667,12.1667,-8653.821938
21.3333,12.1667,-11152.857309
21.5000,12.1667,-13496.922846
21.6667,12.1667,-15425.755390
21.8333,12.1667,-16698.584015
22.0000,12.1667,-17144.708888
22.1667,12.1667,-16702.418965
22.3333,12.1667,-15433.561430
22.5000,12.1667,-13508.745569
22.6667,12.1667,-11168.331533
22.8333,12.1667,-8671.955357
23.0000,12.1667,-6251.223543
23.1667,12.1667,-4076.858514
23.3333,12.1667,-2245.496477
23.5000,12.1667,-784.952661
23.6667,12.1667,328.067286
23.8333,12.1667,1145.797799
24.0000,12.1667,1729.661802
24.1667,12.1667,2136.783125
24.3333,12.1667,2413.403925
24.5000,12.1667,2593.697841
24.6667,12.1667,2701.665559
24.8333,12.1667,2754.015416
25.0000,12.1667,2762.692106
25.1667,12.1667,2736.580536
25.3333,12.1667,2682.522488
25.5000,12.1667,2605.980256
25.6667,12.1667,2511.557198
25.8333,12.1667,2403.383399
26.0000,12.1667,2285.300277
26.1667,12.1667,2160.857126
26.3333,12.1667,2033.236741
26.5000,12.1667,1905.229533
26.6667,12.1667,1779.273836
26.8333,12.1667,1657.479151
27.0000,12.1667,1541.549515
27.1667,12.1667,1432.622832
27.3333,12.1667,1331.138637
27.5000,12.1667,1236.848843
27.6667,12.1667,1148.995118
27.8333,12.1667,1066.575928
28.0000,12.1667,988.594998
28.1667,12.1667,914.226706
28.3333,12.1667,842.896259
28.5000,12.1667,774.301688
28.6667,12.1667,708.397363
28.8333,12.1667,645.343929
29.0000,12.1667,585.429288
29.1667,12.1667,528.976577
29.3333,12.1667,476.262477
29.5000,12.1667,427.463986
29.6667,12.1667,382.638634
29.8333,12.1667,341.731466
30.0000,12.1667,304.597227
0.0000,12.3333,36.573745
0.1667,12.3333,41.949850
0.3333,12.3333,47.875274
0.5000,12.3333,54.361952
0.6667,12.3333,61.402185
0.8333,12.3333,68.962992
1.0000,12.3333,76.983536
1.1667,12.3333,85.379217
1.3333,12.3333,94.055390
1.5000,12.3333,102.930434
1.6667,12.3333,111.962750
1.8333,12.3333,121.172119
2.0000,12.3333,130.645783
2.1667,12.3333,140.524457
2.3333,12.3333,150.970398
2.5000,12.3333,162.125185
2.6667,12.3333,174.067505
2.8333,12.3333,186.783127
3.0000,12.3333,200.161999
3.1667,12.3333,214.037146
3.3333,12.3333,228.268814
3.5000,12.3333,242.852922
3.6667,12.3333,258.008070
3.8333,12.3333,274.191803
4.0000,12.3333,292.025904
4.1667,12.3333,312.157332
4.3333,12.3333,335.113814
4.5000,12.3333,361.209425
4.6667,12.3333,390.522718
4.8333,12.3333,422.935135
5.0000,12.3333,458.202894
5.1667,12.3333,496.040559
5.3333,12.3333,536.202298
5.5000,12.3333,578.545809
5.6667,12.3333,623.059418
5.8333,12.3333,669.839128
6.0000,12.3333,719.024140
6.1667,12.3333,770.720553
6.3333,12.3333,824.940105
6.5000,12.3333,881.549691
6.6667,12.3333,940.189166
6.8333,12.3333,1000.097894
7.0000,12.3333,1059.806558
7.1667,12.3333,1116.687578
7.3333,12.3333,1166.396968
7.5000,12.3333,1202.282976
7.6667,12.3333,1214.894804
7.8333,12.3333,1191.797545
8.0000,12.3333,1117.959114
8.1667,12.3333,976.968525
8.3333,12.3333,753.225334
8.5000,12.3333,435.008093
8.6667,12.3333,18.037254
8.8333,12.3333,-491.128959
9.0000,12.3333,-1072.707560
9.1667,12.3333,-1693.160535
9.3333,12.3333,-2307.140285
9.5000,12.3333,-2862.057004
9.6667,12.3333,-3304.787005
9.8333,12.3333,-3589.433942
10.0000,12.3333,-3684.645983
10.1667,12.3333,-3578.915402
10.3333,12.3333,-3282.624966
10.5000,12.3333,-2826.328643
10.6667,12.3333,-2255.660179
10.8333,12.3333,-1624.046137
11.0000,12.3333,-984.819847
11.1667,12.3333,-384.311805
11.3333,12.3333,142.914020
11.5000,12.3333,576.156014
11.6667,12.3333,908.157067
11.8333,12.3333,1142.822276
12.0000,12.3333,1291.931331
12.1667,12.3333,1371.654641
12.3333,12.3333,1399.471772
12.5000,12.3333,1391.831684
12.6667,12.3333,1362.666552
12.8333,12.3333,1322.708835
13.0000,12.3333,1279.465479
13.1667,12.3333,1237.655271
13.3333,12.3333,1199.896968
13.5000,12.3333,1167.445623
13.6667,12.3333,1140.818608
13.8333,12.3333,1120.224707
14.0000,12.3333,1105.788090
14.1667,12.3333,1097.615462
14.3333,12.3333,1095.771076
14.5000,12.3333,1100.212293
14.6667,12.3333,1110.725707
14.8333,12.3333,1126.902185
15.0000,12.3333,1148.184994
15.1667,12.3333,1173.999629
15.3333,12.3333,1203.929223
15.5000,12.3333,1237.865233
15.6667,12.3333,1276.069312
15.8333,12.3333,1319.128637
16.0000,12.3333,1367.841010
16.1667,12.3333,1423.088266
16.3333,12.3333,1485.732690
16.5000,12.3333,1556.526737
16.6667,12.3333,1636.003623
16.8333,12.3333,1724.335738
17.0000,12.3333,1821.190033
17.1667,12.3333,1925.632120
17.3333,12.3333,2036.107982
17.5000,12.3333,2150.484305
17.6667,12.3333,2266.103765
17.8333,12.3333,2379.837666
18.0000,12.3333,2488.170968
18.1667,12.3333,2587.371561
18.3333,12.3333,2673.735711
18.5000,12.3333,2743.797305
18.6667,12.3333,2794.330017
18.8333,12.3333,2822.028009
19.0000,12.3333,2822.894444
19.1667,12.3333,2791.466187
19.3333,12.3333,2719.931598
19.5000,12.3333,2596.983241
19.6667,12.3333,2406.092757
19.8333,12.3333,2123.051509
20.0000,12.3333,1713.198432
20.1667,12.3333,1129.615194
20.3333,12.3333,314.359289
20.5000,12.3333,-794.928720
20.6667,12.3333,-2251.478517
20.8333,12.3333,-4079.504493
21.0000,12.3333,-6251.850476
21.1667,12.3333,-8672.130291
21.3333,12.3333,-11169.452696
21.5000,12.3333,-13511.784523
21.6667,12.3333,-15439.063998
21.8333,12.3333,-16710.722909
22.0000,12.3333,-17156.217412
22.1667,12.3333,-16713.907685
22.3333,12.3333,-15445.612774
22.5000,12.3333,-13521.827194
22.6667,12.3333,-11182.742292
22.8333,12.3333,-8687.809926
23.0000,12.3333,-6268.469562
23.1667,12.3333,-4095.314766
23.3333,12.3333,-2264.901238
23.5000,12.3333,-805.013646
23.6667,12.3333,307.629091
23.8333,12.3333,1125.217720
24.0000,12.3333,1709.119117
24.1667,12.3333,2116.405956
24.3333,12.3333,2393.284757
24.5000,12.3333,2573.910287
24.6667,12.3333,2682.274296
24.8333,12.3333,2735.075734
25.0000,12.3333,2744.241290
25.1667,12.3333,2718.628312
25.3333,12.3333,2665.049324
25.5000,12.3333,2588.948369
25.6667,12.3333,2494.930858
25.8333,12.3333,2387.147944
26.0000,12.3333,2269.468851
26.1667,12.3333,2145.461730
26.3333,12.3333,2018.310176
26.5000,12.3333,1890.789966
26.6667,12.3333,1765.320611
26.8333,12.3333,1644.000284
27.0000,12.3333,1528.534434
27.1667,12.3333,1420.072624
27.3333,12.3333,1319.069781
27.5000,12.3333,1225.290999
27.6667,12.3333,1137.985760
27.8333,12.3333,1056.154139
28.0000,12.3333,978.795447
28.1667,12.3333,905.074325
28.3333,12.3333,834.402295
28.5000,12.3333,766.461898
28.6667,12.3333,701.192641
28.8333,12.3333,638.742928
29.0000,12.3333,579.392132
29.1667,12.3333,523.458720
29.3333,12.3333,471.218046
29.5000,12.3333,422.848313
29.6667,12.3333,378.409913
29.8333,12.3333,337.851650
30.0000,12.3333,301.032326
0.0000,12.5000,36.421816
0.1667,12.5000,41.763712
0.3333,12.5000,47.654889
0.5000,12.5000,54.113126
0.6667,12.5000,61.140347
0.8333,12.5000,68.718051
1.0000,12.5000,76.805521
1.1667,12.5000,85.344075
1.3333,12.5000,94.269927
1.5000,12.5000,103.535006
1.6667,12.5000,113.129933
1.8333,12.5000,123.099239
2.0000,12.5000,133.539176
2.1667,12.5000,144.574157
2.3333,12.5000,156.316345
2.5000,12.5000,168.819975
2.6667,12.5000,182.045080
2.8333,12.5000,195.845114
3.0000,12.5000,209.991080
3.1667,12.5000,224.239189
3.3333,12.5000,238.435200
3.5000,12.5000,252.626978
3.6667,12.5000,267.139068
3.8333,12.5000,282.566615
4.0000,12.5000,299.677283
4.1667,12.5000,319.253263
4.3333,12.5000,341.932399
4.5000,12.5000,368.101199
4.6667,12.5000,397.861937
4.8333,12.5000,431.065642
5.0000,12.5000,467.390466
5.1667,12.5000,506.447395
5.3333,12.5000,547.896405
5.5000,12.5000,591.547391
5.6667,12.5000,637.411469
5.8333,12.5000,685.677191
6.0000,12.5000,736.617681
6.1667,12.5000,790.466929
6.3333,12.5000,847.304990
6.5000,12.5000,906.954672
6.6667,12.5000,968.842150
6.8333,12.5000,1031.747294
7.0000,12.5000,1093.384255
7.1667,12.5000,1149.797347
7.3333,12.5000,1194.612671
7.5000,12.5000,1218.252062
7.6667,12.5000,1207.302989
7.8333,12.5000,1144.337527
8.0000,12.5000,1008.544575
8.1667,12.5000,777.514982
8.3333,12.5000,430.343053
8.5000,12.5000,-48.115261
8.6667,12.5000,-662.384728
8.8333,12.5000,-1401.836250
9.0000,12.5000,-2237.620837
9.1667,12.5000,-3122.198196
9.3333,12.5000,-3992.247507
9.5000,12.5000,-4775.085868
9.6667,12.5000,-5397.870272
9.8333,12.5000,-5798.072619
10.0000,12.5000,-5933.228748
10.1667,12.5000,-5787.918614
10.3333,12.5000,-5376.407737
10.5000,12.5000,-4740.320226
10.6667,12.5000,-3941.868045
10.8333,12.5000,-3054.153221
11.0000,12.5000,-2150.600503
11.1667,12.5000,-1295.576618
11.3333,12.5000,-537.766534
11.5000,12.5000,92.931321
11.6667,12.5000,585.101464
11.8333,12.5000,942.882387
12.0000,12.5000,1181.529772
12.1667,12.5000,1322.596290
12.3333,12.5000,1389.620485
12.5000,12.5000,1404.863459
12.6667,12.5000,1387.273084
12.8333,12.5000,1351.580224
13.0000,12.5000,1308.277948
13.1667,12.5000,1264.184659
13.3333,12.5000,1223.301731
13.5000,12.5000,1187.718668
13.6667,12.5000,1158.386881
13.8333,12.5000,1135.669459
14.0000,12.5000,1119.660754
14.1667,12.5000,1110.329803
14.3333,12.5000,1107.557598
14.5000,12.5000,1111.122521
14.6667,12.5000,1120.671360
14.8333,12.5000,1135.710835
15.0000,12.5000,1155.654516
15.1667,12.5000,1179.940667
15.3333,12.5000,1208.194854
15.5000,12.5000,1240.373222
15.6667,12.5000,1276.820820
15.8333,12.5000,1318.220515
16.0000,12.5000,1365.464213
16.1667,12.5000,1419.507655
16.3333,12.5000,1481.251545
16.5000,12.5000,1551.445463
16.6667,12.5000,1630.581478
16.8333,12.5000,1718.758982
17.0000,12.5000,1815.546280
17.1667,12.5000,1919.892472
17.3333,12.5000,2030.123119
17.5000,12.5000,2144.001859
17.6667,12.5000,2258.808805
17.8333,12.5000,2371.408658
18.0000,12.5000,2478.336132
18.1667,12.5000,2575.949704
18.3333,12.5000,2660.651491
18.5000,12.5000,2729.070436
18.6667,12.5000,2778.046751
18.8333,12.5000,2804.308084
19.0000,12.5000,2803.865803
19.1667,12.5000,2771.253988
19.3333,12.5000,2698.660410
19.5000,12.5000,2574.785674
19.6667,12.5000,2383.116720
19.8333,12.5000,2099.461699
20.0000,12.5000,1689.173057
20.1667,12.5000,1105.343173
20.3333,12.5000,290.043498
20.5000,12.5000,-819.060984
20.6667,12.5000,-2275.163929
20.8333,12.5000,-4102.442689
21.0000,12.5000,-6273.724991
21.1667,12.5000,-8692.655285
21.3333,12.5000,-11188.437529
21.5000,12.5000,-13529.197753
21.6667,12.5000,-15455.073926
21.8333,12.5000,-16725.696011
22.0000,12.5000,-17170.668397
22.1667,12.5000,-16728.411443
22.3333,12.5000,-15460.702175
22.5000,12.5000,-13537.905047
22.6667,12.5000,-11200.028963
22.8333,12.5000,-8706.334433
23.0000,12.5000,-6288.098554
23.1667,12.5000,-4115.805603
23.3333,12.5000,-2285.963338
23.5000,12.5000,-826.364231
23.6667,12.5000,286.224825
23.8333,12.5000,1103.927045
24.0000,12.5000,1688.042514
24.1667,12.5000,2095.592882
24.3333,12.5000,2372.756151
24.5000,12.5000,2553.679150
24.6667,12.5000,2662.357793
24.8333,12.5000,2715.496146
25.0000,12.5000,2725.018210
25.1667,12.5000,2699.769257
25.3333,12.5000,2646.547450
25.5000,12.5000,2570.791711
25.6667,12.5000,2477.118694
25.8333,12.5000,2369.702790
26.0000,12.5000,2252.433768
26.1667,12.5000,2128.882474
26.3333,12.5000,2002.213094
26.5000,12.5000,1875.170325
26.6667,12.5000,1750.149146
26.8333,12.5000,1629.243690
27.0000,12.5000,1514.177460
27.1667,12.5000,1406.130529
27.3333,12.5000,1305.587674
27.5000,12.5000,1212.334088
27.6667,12.5000,1125.626936
27.8333,12.5000,1044.463002
28.0000,12.5000,967.829762
28.1667,12.5000,894.873595
28.3333,12.5000,824.983628
28.5000,12.5000,757.818809
28.6667,12.5000,693.297109
28.8333,12.5000,631.550126
29.0000,12.5000,572.846502
29.1667,12.5000,517.499997
29.3333,12.5000,465.786205
29.5000,12.5000,417.886981
29.6667,12.5000,373.868281
29.8333,12.5000,333.685158
30.0000,12.5000,297.202511
0.0000,12.6667,36.138823
0.1667,12.6667,41.428080
0.3333,12.6667,47.265050
0.5000,12.6667,53.673837
0.6667,12.6667,60.666710
0.8333,12.6667,68.240492
1.0000,12.6667,76.375240
1.1667,12.6667,85.037987
1.3333,12.6667,94.193726
1.5000,12.6667,103.822820
1.6667,12.6667,113.939195
1.8333,12.6667,124.599908
2.0000,12.6667,135.897140
2.1667,12.6667,147.929593
2.3333,12.6667,160.759119
2.5000,12.6667,174.365922
2.6667,12.6667,188.618879
2.8333,12.6667,203.276292
3.0000,12.6667,218.027918
3.1667,12.6667,232.580490
3.3333,12.6667,246.773727
3.5000,12.6667,260.694258
3.6667,12.6667,274.741860
3.8333,12.6667,289.610091
4.0000,12.6667,306.175065
4.1667,12.6667,325.325975
4.3333,12.6667,347.794247
4.5000,12.6667,374.032307
4.6667,12.6667,404.166865
4.8333,12.6667,438.025582
5.0000,12.6667,475.223392
5.1667,12.6667,515.291466
5.3333,12.6667,557.825332
5.5000,12.6667,602.614730
5.6667,12.6667,649.708858
5.8333,12.6667,699.384692
6.0000,12.6667,752.025516
6.1667,12.6667,807.955681
6.3333,12.6667,867.279291
6.5000,12.6667,929.725834
6.6667,12.6667,994.445029
6.8333,12.6667,1059.659833
7.0000,12.6667,1122.102882
7.1667,12.6667,1176.216576
7.3333,12.6667,1213.170576
7.5000,12.6667,1219.842783
7.6667,12.6667,1178.029302
7.8333,12.6667,1064.279371
8.0000,12.6667,850.837166
8.1667,12.6667,508.127307
8.3333,12.6667,8.974121
8.5000,12.6667,-665.695533
8.6667,12.6667,-1520.446170
8.8333,12.6667,-2539.472298
9.0000,12.6667,-3682.787759
9.1667,12.6667,-4885.902945
9.3333,12.6667,-6063.948618
9.5000,12.6667,-7120.322398
9.6667,12.6667,-7958.834214
9.8333,12.6667,-8497.345379
10.0000,12.6667,-8680.328293
10.1667,12.6667,-8487.775920
10.3333,12.6667,-7938.520304
10.5000,12.6667,-7087.203348
10.6667,12.6667,-6015.573000
10.8333,12.6667,-4820.001283
11.0000,12.6667,-3597.797993
11.1667,12.6667,-2434.921666
11.3333,12.6667,-1397.124993
11.5000,12.6667,-525.590853
11.6667,12.6667,162.976400
11.8333,12.6667,672.717960
12.0000,12.6667,1022.850131
12.1667,12.6667,1241.252348
12.3333,12.6667,1358.668003
12.5000,12.6667,1404.311184
12.6667,12.6667,1403.152390
12.8333,12.6667,1374.737950
13.0000,12.6667,1333.169468
13.1667,12.6667,1287.814577
13.3333,12.6667,1244.364525
13.5000,12.6667,1205.938106
13.6667,12.6667,1174.030861
13.8333,12.6667,1149.212194
14.0000,12.6667,1131.566496
14.1667,12.6667,1120.935297
14.3333,12.6667,1117.031748
14.5000,12.6667,1119.481140
14.6667,12.6667,1127.824047
14.8333,12.6667,1141.517963
15.0000,12.6667,1159.976958
15.1667,12.6667,1182.673504
15.3333,12.6667,1209.285914
15.5000,12.6667,1239.833126
15.6667,12.6667,1274.730014
15.8333,12.6667,1314.732565
16.0000,12.6667,1360.799832
16.1667,12.6667,1413.935365
16.3333,12.6667,1475.057192
16.5000,12.6667,1544.897645
16.6667,12.6667,1623.898869
16.8333,12.6667,1712.080849
17.0000,12.6667,1808.905761
17.1667,12.6667,1913.196697
17.3333,12.6667,2023.150708
17.5000,12.6667,2136.428637
17.6667,12.6667,2250.262879
17.8333,12.6667,2361.541659
18.0000,12.6667,2466.888312
18.1667,12.6667,2562.789021
18.3333,12.6667,2645.778433
18.5000,12.6667,2712.593220
18.6667,12.6667,2760.139322
18.8333,12.6667,2785.164707
19.0000,12.6667,2783.663359
19.1667,12.6667,2750.128912
19.3333,12.6667,2676.702846
19.5000,12.6667,2552.049139
19.6667,12.6667,2359.638058
19.8333,12.6667,2075.284327
20.0000,12.6667,1664.367565
20.1667,12.6667,1080.022622
20.3333,12.6667,264.373866
20.5000,12.6667,-844.854633
20.6667,12.6667,-2300.798140
20.8333,12.6667,-4127.589368
21.0000,12.6667,-6298.044293
21.1667,12.6667,-8715.848041
21.3333,12.6667,-11210.308520
21.5000,12.6667,-13549.712984
21.6667,12.6667,-15474.392252
21.8333,12.6667,-16744.160146
22.0000,12.6667,-17188.751658
22.1667,12.6667,-16746.630854
22.3333,12.6667,-15479.519964
22.5000,12.6667,-13557.644337
22.6667,12.6667,-11220.824518
22.8333,12.6667,-8728.128387
23.0000,12.6667,-6310.678218
23.1667,12.6667,-4138.869464
23.3333,12.6667,-2309.194940
23.5000,12.6667,-849.493826
23.6667,12.6667,263.384171
23.8333,12.6667,1081.471923
24.0000,12.6667,1665.994061
24.1667,12.6667,2073.923300
24.3333,12.6667,2351.416300
24.5000,12.6667,2532.619798
24.6667,12.6667,2641.541143
24.8333,12.6667,2694.898052
25.0000,12.6667,2704.624974
25.1667,12.6667,2679.575216
25.3333,12.6667,2626.558861
25.5000,12.6667,2551.037314
25.6667,12.6667,2457.659869
25.8333,12.6667,2350.632169
26.0000,12.6667,2233.855646
26.1667,12.6667,2110.880135
26.3333,12.6667,1984.819084
26.5000,12.6667,1858.356796
26.6667,12.6667,1733.844795
26.8333,12.6667,1613.368757
27.0000,12.6667,1498.679312
27.1667,12.6667,1391.004775
27.3333,12.6667,1290.880001
27.5000,12.6667,1198.127732
27.6667,12.6667,1112.024224
27.8333,12.6667,1031.567240
28.0000,12.6667,955.730127
28.1667,12.6667,883.633839
28.3333,12.6667,814.635255
28.5000,12.6667,748.359448
28.6667,12.6667,684.694005
28.8333,12.6667,623.747465
29.0000,12.6667,565.774471
29.1667,12.6667,511.083451
29.3333,12.6667,459.951490
29.5000,12.6667,412.566361
29.6667,12.6667,369.002125
29.8333,12.6667,329.222430
30.0000,12.6667,293.100180
0.0000,12.8333,35.739958
0.1667,12.8333,40.959967
0.3333,12.8333,46.723638
0.5000,12.8333,53.060889
0.6667,12.8333,59.993561
0.8333,12.8333,67.532602
1.0000,12.8333,75.676943
1.1667,12.8333,84.416355
1.3333,12.8333,93.740068
1.5000,12.8333,103.650343
1.6667,12.8333,114.175927
1.8333,12.8333,125.377025
2.0000,12.8333,137.334029
2.1667,12.8333,150.117882
2.3333,12.8333,163.748226
2.5000,12.8333,178.152594
2.6667,12.8333,193.142897
2.8333,12.8333,208.424004
3.0000,12.8333,223.644162
3.1667,12.8333,238.487531
3.3333,12.8333,252.793727
3.5000,12.8333,266.670916
3.6667,12.8333,280.558169
3.8333,12.8333,295.201790
4.0000,12.8333,311.540737
4.1667,12.8333,330.532853
4.3333,12.8333,352.975261
4.5000,12.8333,379.369159
4.6667,12.8333,409.859062
4.8333,12.8333,444.254300
5.0000,12.8333,482.125134
5.1667,12.8333,522.954617
5.3333,12.8333,566.313029
5.5000,12.8333,612.005626
5.6667,12.8333,660.139432
5.8333,12.8333,711.075822
6.0000,12.8333,765.281078
6.1667,12.8333,823.127533
6.3333,12.8333,884.695292
6.5000,12.8333,949.570970
6.6667,12.8333,1016.570207
6.8333,12.8333,1083.274003
7.0000,12.8333,1145.290309
7.1667,12.8333,1195.220338
7.3333,12.8333,1221.403047
7.5000,12.8333,1206.631363
7.6667,12.8333,1127.187638
7.8333,12.8333,952.710549
8.0000,12.8333,647.508943
8.1667,12.8333,173.869882
8.3333,12.8333,-502.422798
8.5000,12.8333,-1404.724099
8.6667,12.8333,-2537.368634
8.8333,12.8333,-3878.345328
9.0000,12.8333,-5374.714344
9.1667,12.8333,-6942.530829
9.3333,12.8333,-8472.397597
9.5000,12.8333,-9840.646518
9.6667,12.8333,-10924.783115
9.8333,12.8333,-11620.642464
10.0000,12.8333,-11858.056642
10.1667,12.8333,-11611.889449
10.3333,12.8333,-10906.096387
10.5000,12.8333,-9809.917326
10.6667,12.8333,-8427.037701
10.8333,12.8333,-6880.027255
11.0000,12.8333,-5293.190505
11.1667,12.8333,-3777.024634
11.3333,12.8333,-2416.836265
11.5000,12.8333,-1266.907040
11.6667,12.8333,-350.274091
11.8333,12.8333,336.909676
12.0000,12.8333,818.140146
12.1667,12.8333,1128.358061
12.3333,12.8333,1306.447285
12.5000,12.8333,1389.531883
12.6667,12.8333,1409.464849
12.8333,12.8333,1391.314490
13.0000,12.8333,1353.334279
13.1667,12.8333,1307.837120
13.3333,12.8333,1262.477640
13.5000,12.8333,1221.579589
13.6667,12.8333,1187.283429
13.8333,12.8333,1160.413842
14.0000,12.8333,1141.066131
14.1667,12.8333,1128.968833
14.3333,12.8333,1123.690413
14.5000,12.8333,1124.740220
14.6667,12.8333,1131.600230
14.8333,12.8333,1143.728163
15.0000,12.8333,1160.580340
15.1667,12.8333,1181.689782
15.3333,12.8333,1206.793896
15.5000,12.8333,1235.959839
15.6667,12.8333,1269.639937
15.8333,12.8333,1308.620139
16.0000,12.8333,1353.882132
16.1667,12.8333,1406.440523
16.3333,12.8333,1467.207462
16.5000,12.8333,1536.889180
16.6667,12.8333,1615.879781
16.8333,12.8333,1704.126883
17.0000,12.8333,1800.994052
17.1667,12.8333,1905.184712
17.3333,12.8333,2014.774399
17.5000,12.8333,2127.332499
17.6667,12.8333,2240.061919
17.8333,12.8333,2349.898142
18.0000,12.8333,2453.576914
18.1667,12.8333,2547.729472
18.3333,12.8333,2629.030246
18.5000,12.8333,2694.321600
18.6667,12.8333,2740.567146
18.8333,12.8333,2764.523231
19.0000,12.8333,2762.149800
19.1667,12.8333,2727.876481
19.3333,12.8333,2653.767968
19.5000,12.8333,2528.418841
19.6667,12.8333,2335.256159
19.8333,12.8333,2050.089718
20.0000,12.8333,1638.334648
20.1667,12.8333,1053.194726
20.3333,12.8333,236.883887
20.5000,12.8333,-872.779029
20.6667,12.8333,-2328.846352
20.8333,12.8333,-4155.398134
21.0000,12.8333,-6325.245956
21.1667,12.8333,-8742.131590
21.3333,12.8333,-11235.481920
21.5000,12.8333,-13573.751000
21.6667,12.8333,-15497.454524
21.8333,12.8333,-16766.570533
22.0000,12.8333,-17210.940089
22.1667,12.8333,-16769.049500
22.3333,12.8333,-15502.552866
22.5000,12.8333,-13581.531688
22.6667,12.8333,-11245.619663
22.8333,12.8333,-8753.698212
23.0000,12.8333,-6336.746735
23.1667,12.8333,-4165.091675
23.3333,12.8333,-2335.238101
23.5000,12.8333,-875.101597
23.6667,12.8333,238.360363
23.8333,12.8333,1057.075411
24.0000,12.8333,1642.188333
24.1667,12.8333,2050.625047
24.3333,12.8333,2328.524109
24.5000,12.8333,2510.033035
24.6667,12.8333,2619.169518
24.8333,12.8333,2672.666150
25.0000,12.8333,2682.477327
25.1667,12.8333,2657.486140
25.3333,12.8333,2604.547184
25.5000,12.8333,2529.180229
25.6667,12.8333,2436.095469
25.8333,12.8333,2329.541147
26.0000,12.8333,2213.421136
26.1667,12.8333,2091.237546
26.3333,12.8333,1966.016748
26.5000,12.8333,1840.346155
26.6667,12.8333,1716.505346
26.8333,12.8333,1596.556282
27.0000,12.8333,1482.276396
27.1667,12.8333,1374.955178
27.3333,12.8333,1275.199297
27.5000,12.8333,1182.893553
27.6667,12.8333,1097.354625
27.8333,12.8333,1017.595224
28.0000,12.8333,942.579635
28.1667,12.8333,871.400480
28.3333,12.8333,803.374064
28.5000,12.8333,738.080896
28.6667,12.8333,675.367887
28.8333,12.8333,615.312537
29.0000,12.8333,558.150628
29.1667,12.8333,504.183358
29.3333,12.8333,453.689615
29.5000,12.8333,406.864658
29.6667,12.8333,363.792682
29.8333,12.8333,324.447889
30.0000,12.8333,288.712825
0.0000,13.0000,35.242661
0.1667,13.0000,40.379010
0.3333,13.0000,46.051509
0.5000,13.0000,52.294361
0.6667,13.0000,59.136682
0.8333,13.0000,66.600295
1.0000,13.0000,74.698673
1.1667,13.0000,83.438895
1.3333,13.0000,92.828084
1.5000,13.0000,102.883604
1.6667,13.0000,113.642639
1.8333,13.0000,125.163987
2.0000,13.0000,137.515591
2.1667,13.0000,150.746430
2.3333,13.0000,164.848714
2.5000,13.0000,179.722489
2.6667,13.0000,195.157287
2.8333,13.0000,210.844157
3.0000,13.0000,226.426879
3.1667,13.0000,241.592511
3.3333,13.0000,256.186982
3.5000,13.0000,270.324137
3.6667,13.0000,284.446475
3.8333,13.0000,299.304030
4.0000,13.0000,315.845353
4.1667,13.0000,335.047779
4.3333,13.0000,357.735154
4.5000,13.0000,384.432453
4.6667,13.0000,415.293285
4.8333,13.0000,450.117349
5.0000,13.0000,488.455649
5.1667,13.0000,529.781126
5.3333,13.0000,573.681022
5.5000,13.0000,620.011083
5.6667,13.0000,668.953137
5.8333,13.0000,720.946392
6.0000,13.0000,776.512123
6.1667,13.0000,836.029578
6.3333,13.0000,899.510519
6.5000,13.0000,966.356358
6.6667,13.0000,1035.004740
6.8333,13.0000,1102.335000
7.0000,13.0000,1162.731393
7.1667,13.0000,1206.786805
7.3333,13.0000,1219.745890
7.5000,13.0000,1179.935552
7.6667,13.0000,1057.620135
7.8333,13.0000,814.918885
8.0000,13.0000,407.544621
8.1667,13.0000,-210.972586
8.3333,13.0000,-1082.339040
8.5000,13.0000,-2234.329526
8.6667,13.0000,-3670.755065
8.8333,13.0000,-5362.610599
9.0000,13.0000,-7242.731432
9.1667,13.0000,-9206.048983
9.3333,13.0000,-11116.718054
9.5000,13.0000,-12822.021278
9.6667,13.0000,-14171.322130
9.8333,13.0000,-15036.942501
10.0000,13.0000,-15333.110302
10.1667,13.0000,-15029.233064
10.3333,13.0000,-14154.735806
10.5000,13.0000,-12794.429271
10.6667,13.0000,-11075.415994
10.8333,13.0000,-9148.276284
11.0000,13.0000,-7166.255119
11.1667,13.0000,-5266.266462
11.3333,13.0000,-3554.804059
11.5000,13.0000,-2100.500832
11.6667,13.0000,-933.518930
11.8333,13.0000,-50.624775
12.0000,13.0000,576.053938
12.1667,13.0000,988.921445
12.3333,13.0000,1235.574996
12.5000,13.0000,1361.668039
12.6667,13.0000,1406.512048
12.8333,13.0000,1401.181664
13.0000,13.0000,1368.461803
13.1667,13.0000,1323.893334
13.3333,13.0000,1277.295307
13.5000,13.0000,1234.330504
13.6667,13.0000,1197.864649
13.8333,13.0000,1169.018957
14.0000,13.0000,1147.919380
14.1667,13.0000,1134.197647
14.3333,13.0000,1127.303624
14.5000,13.0000,1126.671882
14.6667,13.0000,1131.778681
14.8333,13.0000,1142.137396
15.0000,13.0000,1157.293353
15.1667,13.0000,1176.868270
15.3333,13.0000,1200.661981
15.5000,13.0000,1228.767360
15.6667,13.0000,1261.630483
15.8333,13.0000,1300.011949
16.0000,13.0000,1344.861414
16.1667,13.0000,1397.161762
16.3333,13.0000,1457.794906
16.5000,13.0000,1527.435265
16.6667,13.0000,1606.437340
16.8333,13.0000,1694.693256
17.0000,13.0000,1791.489369
17.1667,13.0000,1895.433746
17.3333,13.0000,2004.506695
17.5000,13.0000,2116.212239
17.6667,13.0000,2227.745726
17.8333,13.0000,2336.103092
18.0000,13.0000,2438.133872
18.1667,13.0000,2530.604067
18.3333,13.0000,2610.309816
18.5000,13.0000,2674.179611
18.6667,13.0000,2719.219601
18.8333,13.0000,2742.186496
19.0000,13.0000,2739.003511
19.1667,13.0000,2704.034037
19.3333,13.0000,2629.259588
19.5000,13.0000,2503.193536
19.6667,13.0000,2309.205787
19.8333,13.0000,2023.091511
20.0000,13.0000,1610.302265
20.1667,13.0000,1024.125180
20.3333,13.0000,206.889047
20.5000,13.0000,-903.464068
20.6667,13.0000,-2359.881554
20.8333,13.0000,-4186.382546
21.0000,13.0000,-6355.781442
21.1667,13.0000,-8771.894647
21.3333,13.0000,-11264.287571
21.5000,13.0000,-13601.592286
21.6667,13.0000,-15524.506047
21.8333,13.0000,-16793.153639
22.0000,13.0000,-17237.457125
22.1667,13.0000,-16795.901558
22.3333,13.0000,-15530.058117
22.5000,13.0000,-13609.860746
22.6667,13.0000,-11274.761861
22.8333,13.0000,-8783.467915
23.0000,13.0000,-6366.830086
23.1667,13.0000,-4195.121799
23.3333,13.0000,-2364.875830
23.5000,13.0000,-904.096664
23.6667,13.0000,210.142973
23.8333,13.0000,1029.663146
24.0000,13.0000,1615.529252
24.1667,13.0000,2024.619821
24.3333,13.0000,2303.050604
24.5000,13.0000,2484.960744
24.6667,13.0000,2594.367902
24.8333,13.0000,2648.014001
25.0000,13.0000,2657.879093
25.1667,13.0000,2632.896269
25.3333,13.0000,2579.996579
25.5000,13.0000,2504.792988
25.6667,13.0000,2412.083122
25.8333,13.0000,2306.167610
26.0000,13.0000,2190.943527
26.1667,13.0000,2069.840583
26.3333,13.0000,1945.764744
26.5000,13.0000,1821.171631
26.6667,13.0000,1698.238488
26.8333,13.0000,1578.982562
27.0000,13.0000,1465.199994
27.1667,13.0000,1358.247557
27.3333,13.0000,1258.822116
27.5000,13.0000,1166.896079
27.6667,13.0000,1081.852613
27.8333,13.0000,1002.740085
28.0000,13.0000,928.525744
28.1667,13.0000,858.276833
28.3333,13.0000,791.264754
28.5000,13.0000,727.016807
28.6667,13.0000,665.329354
28.8333,13.0000,606.240182
29.0000,13.0000,549.960107
29.1667,13.0000,496.779808
29.3333,13.0000,446.978973
29.5000,13.0000,400.760812
29.6667,13.0000,358.220802
29.8333,13.0000,319.344997
30.0000,13.0000,284.026744
0.0000,13.1667,34.666897
0.1667,13.1667,39.708315
0.3333,13.1667,45.274302
0.5000,13.1667,51.400949
0.6667,13.1667,58.121099
0.8333,13.1667,65.462528
1.0000,13.1667,73.446971
1.1667,13.1667,82.091541
1.3333,13.1667,91.413829
1.5000,13.1667,101.440026
1.6667,13.1667,112.212263
1.8333,13.1667,123.788876
2.0000,13.1667,136.232073
2.1667,13.1667,149.582045
2.3333,13.1667,163.823198
2.5000,13.1667,178.853522
2.6667,13.1667,194.470059
2.8333,13.1667,210.381950
3.0000,13.1667,226.258418
3.1667,13.1667,241.811639
3.3333,13.1667,256.901982
3.5000,13.1667,271.637935
3.6667,13.1667,286.433750
3.8333,13.1667,301.994295
4.0000,13.1667,319.219447
4.1667,13.1667,339.048608
4.3333,13.1667,362.285823
4.5000,13.1667,389.451966
4.6667,13.1667,420.704470
4.8333,13.1667,455.850158
5.0000,13.1667,494.454334
5.1667,13.1667,536.021297
5.3333,13.1667,580.194065
5.5000,13.1667,626.905380
5.6667,13.1667,676.419863
5.8333,13.1667,729.242956
6.0000,13.1667,785.923999
6.1667,13.1667,846.814717
6.3333,13.1667,911.824874
6.5000,13.1667,980.143221
6.6667,13.1667,1049.808130
6.8333,13.1667,1116.975856
7.0000,13.1667,1174.773770
7.1667,13.1667,1211.727553
7.3333,13.1667,1209.890950
7.5000,13.1667,1142.984923
7.6667,13.1667,975.077333
7.8333,13.1667,660.569129
8.0000,13.1667,146.390535
8.1667,13.1667,-622.815221
8.3333,13.1667,-1696.270737
8.5000,13.1667,-3106.058369
8.6667,13.1667,-4855.207382
8.8333,13.1667,-6907.339119
9.0000,13.1667,-9180.610277
9.1667,13.1667,-11548.353358
9.3333,13.1667,-13847.822850
9.5000,13.1667,-15896.854466
9.6667,13.1667,-17516.347621
9.8333,13.1667,-18554.877986
10.0000,13.1667,-18910.932357
10.1667,13.1667,-18548.422895
10.3333,13.1667,-17502.300778
10.5000,13.1667,-15873.095323
10.6667,13.1667,-13811.557599
10.8333,13.1667,-11496.583507
11.0000,13.1667,-9110.724450
11.1667,13.1667,-6817.722285
11.3333,13.1667,-4745.692105
11.5000,13.1667,-2978.043079
11.6667,13.1667,-1552.435229
11.8333,13.1667,-466.525068
12.0000,13.1667,311.785508
12.1667,13.1667,832.342165
12.3333,13.1667,1151.537021
12.5000,13.1667,1323.696544
12.6667,13.1667,1395.754701
12.8333,13.1667,1404.947244
13.0000,13.1667,1378.722648
13.1667,13.1667,1335.957648
13.3333,13.1667,1288.721894
13.5000,13.1667,1244.082926
13.6667,13.1667,1205.677286
13.8333,13.1667,1174.950862
14.0000,13.1667,1152.078349
14.1667,13.1667,1136.612847
14.3333,13.1667,1127.912440
14.5000,13.1667,1125.375675
14.6667,13.1667,1128.520963
14.8333,13.1667,1136.966817
15.0000,13.1667,1150.389068
15.1667,13.1667,1168.522603
15.3333,13.1667,1191.230929
15.5000,13.1667,1218.609087
15.6667,13.1667,1251.052546
15.8333,13.1667,1289.240572
16.0000,13.1667,1334.035380
16.1667,13.1667,1386.344695
16.3333,13.1667,1446.995478
16.5000,13.1667,1516.624917
16.6667,13.1667,1595.558111
16.8333,13.1667,1683.653423
17.0000,13.1667,1780.151050
17.1667,13.1667,1883.602693
17.3333,13.1667,1991.936529
17.5000,13.1667,2102.630453
17.6667,13.1667,2212.897515
17.8333,13.1667,2319.797916
18.0000,13.1667,2420.276443
18.1667,13.1667,2511.199126
18.3333,13.1667,2589.443282
18.5000,13.1667,2651.988055
18.6667,13.1667,2695.859862
18.8333,13.1667,2717.810221
19.0000,13.1667,2713.735052
19.1667,13.1667,2677.949804
19.3333,13.1667,2602.371803
19.5000,13.1667,2475.445908
19.6667,13.1667,2280.488195
19.8333,13.1667,1993.275186
20.0000,13.1667,1579.289384
20.1667,13.1667,991.900884
20.3333,13.1667,173.561526
20.5000,13.1667,-937.648314
20.6667,13.1667,-2394.555273
20.8333,13.1667,-4221.108555
21.0000,13.1667,-6390.128246
21.1667,13.1667,-8805.520012
21.3333,13.1667,-11297.008493
21.5000,13.1667,-13633.421657
21.6667,13.1667,-15555.645550
21.8333,13.1667,-16823.945431
22.0000,13.1667,-17268.307895
22.1667,13.1667,-16827.197359
22.3333,13.1667,-15562.087215
22.5000,13.1667,-13642.757994
22.6667,13.1667,-11308.484406
22.8333,13.1667,-8817.807783
23.0000,13.1667,-6401.462007
23.1667,13.1667,-4229.674272
23.3333,13.1667,-2399.004526
23.5000,13.1667,-937.538518
23.6667,13.1667,177.547066
23.8333,13.1667,997.974466
24.0000,13.1667,1584.732990
24.1667,13.1667,1994.647997
24.3333,13.1667,2273.798187
24.5000,13.1667,2456.295482
24.6667,13.1667,2566.140117
24.8333,13.1667,2620.073769
25.0000,13.1667,2630.104809
25.1667,13.1667,2605.231621
25.3333,13.1667,2552.485026
25.5000,13.1667,2477.594447
25.6667,13.1667,2385.460063
25.8333,13.1667,2280.437443
26.0000,13.1667,2166.407326
26.1667,13.1667,2046.709073
26.3333,13.1667,1924.105936
26.5000,13.1667,1800.897959
26.6667,13.1667,1679.137023
26.8333,13.1667,1560.776302
27.0000,13.1667,1447.618859
27.1667,13.1667,1341.087994
27.3333,13.1667,1241.981920
27.5000,13.1667,1150.380993
27.6667,13.1667,1065.759043
27.8333,13.1667,987.222341
28.0000,13.1667,913.757234
28.1667,13.1667,844.413823
28.3333,13.1667,778.419433
28.5000,13.1667,715.243572
28.6667,13.1667,654.624730
28.8333,13.1667,596.553393
29.0000,13.1667,541.209207
29.1667,13.1667,488.868203
29.3333,13.1667,439.808693
29.5000,13.1667,394.241078
29.6667,13.1667,352.272174
29.8333,13.1667,313.900303
30.0000,13.1667,279.030119
0.0000,13.3333,34.034741
0.1667,13.3333,38.974394
0.3333,13.3333,44.423023
0.5000,13.3333,50.415717
0.6667,13.3333,56.984746
0.8333,13.3333,64.157931
1.0000,13.3333,71.957870
1.1667,13.3333,80.403468
1.3333,13.3333,89.514995
1.5000,13.3333,99.322072
1.6667,13.3333,109.870952
1.8333,13.3333,121.225104
2.0000,13.3333,133.453677
2.1667,13.3333,146.606868
2.3333,13.3333,160.683810
2.5000,13.3333,175.603957
2.6667,13.3333,191.194537
2.8333,13.3333,207.204093
3.0000,13.3333,223.347037
3.1667,13.3333,239.377030
3.3333,13.3333,255.177299
3.5000,13.3333,270.845085
3.6667,13.3333,286.741239
3.8333,13.3333,303.480910
4.0000,13.3333,321.857624
4.1667,13.3333,342.713475
4.3333,13.3333,366.784793
4.5000,13.3333,394.562615
4.6667,13.3333,426.209393
4.8333,13.3333,461.564252
5.0000,13.3333,500.246195
5.1667,13.3333,541.831497
5.3333,13.3333,586.049200
5.5000,13.3333,632.922397
5.6667,13.3333,682.794505
5.8333,13.3333,736.220087
6.0000,13.3333,793.752861
6.1667,13.3333,855.693590
6.3333,13.3333,921.832889
6.5000,13.3333,991.140903
6.6667,13.3333,1061.265930
6.8333,13.3333,1127.668808
7.0000,13.3333,1182.269815
7.1667,13.3333,1211.604904
7.3333,13.3333,1194.651341
7.5000,13.3333,1100.689093
7.6667,13.3333,887.821139
7.8333,13.3333,503.041853
8.0000,13.3333,-115.107537
8.1667,13.3333,-1030.416963
8.3333,13.3333,-2299.167633
8.5000,13.3333,-3957.381023
8.6667,13.3333,-6007.143876
8.8333,13.3333,-8404.866540
9.0000,13.3333,-11054.589576
9.1667,13.3333,-13809.015827
9.3333,13.3333,-16479.800895
9.5000,13.3333,-18856.820012
9.6667,13.3333,-20733.984798
9.8333,13.3333,-21937.380266
10.0000,13.3333,-22350.597131
10.1667,13.3333,-21932.353270
10.3333,13.3333,-20722.834542
10.5000,13.3333,-18837.451824
10.6667,13.3333,-16449.352828
10.8333,13.3333,-13764.268141
11.0000,13.3333,-10992.552743
11.1667,13.3333,-8323.446510
11.3333,13.3333,-5905.681312
11.5000,13.3333,-3836.848128
11.6667,13.3333,-2161.924954
11.8333,13.3333,-879.623147
12.0000,13.3333,45.989001
12.1667,13.3333,671.705435
12.3333,13.3333,1062.221181
12.5000,13.3333,1280.106337
12.6667,13.3333,1379.573925
12.8333,13.3333,1403.762987
13.0000,13.3333,1384.603627
13.1667,13.3333,1344.190778
13.3333,13.3333,1296.778803
13.5000,13.3333,1250.811968
13.6667,13.3333,1210.693504
13.8333,13.3333,1178.202819
14.0000,13.3333,1153.579235
14.1667,13.3333,1136.318545
14.3333,13.3333,1125.713815
14.5000,13.3333,1121.159091
14.6667,13.3333,1122.248826
14.8333,13.3333,1128.739158
15.0000,13.3333,1140.462932
15.1667,13.3333,1157.283855
15.3333,13.3333,1179.129476
15.5000,13.3333,1206.079439
15.6667,13.3333,1238.444005
15.8333,13.3333,1276.775071
16.0000,13.3333,1321.799400
16.1667,13.3333,1374.309728
16.3333,13.3333,1435.053429
16.5000,13.3333,1504.623040
16.6667,13.3333,1583.322527
16.8333,13.3333,1670.998466
17.0000,13.3333,1766.879732
17.1667,13.3333,1869.507759
17.3333,13.3333,1976.810248
17.5000,13.3333,2086.285046
17.6667,13.3333,2195.190393
17.8333,13.3333,2300.650886
18.0000,13.3333,2399.679329
18.1667,13.3333,2489.195658
18.3333,13.3333,2566.106240
18.5000,13.3333,2627.395320
18.6667,13.3333,2670.080037
18.8333,13.3333,2690.898333
19.0000,13.3333,2685.731896
19.1667,13.3333,2648.877965
19.3333,13.3333,2572.227010
19.5000,13.3333,2444.189353
19.6667,13.3333,2248.048848
19.8333,13.3333,1959.568976
20.0000,13.3333,1544.255840
20.1667,13.3333,955.550070
20.3333,13.3333,136.017642
20.5000,13.3333,-976.122988
20.6667,13.3333,-2433.569805
20.8333,13.3333,-4260.191844
21.0000,13.3333,-6428.810169
21.1667,13.3333,-8843.426239
21.3333,13.3333,-11333.941919
21.5000,13.3333,-13669.405042
21.6667,13.3333,-15590.912137
21.8333,13.3333,-16858.881650
22.0000,13.3333,-17303.366146
22.1667,13.3333,-16862.801881
22.3333,13.3333,-15598.553067
22.5000,13.3333,-13680.236901
22.6667,13.3333,-11346.945066
22.8333,13.3333,-8857.052301
23.0000,13.3333,-6441.173011
23.1667,13.3333,-4269.479556
23.3333,13.3333,-2438.541165
23.5000,13.3333,-976.500182
23.6667,13.3333,139.387079
23.8333,13.3333,960.760837
24.0000,13.3333,1548.536275
24.1667,13.3333,1959.473376
24.3333,13.3333,2239.591943
24.5000,13.3333,2422.952591
24.6667,13.3333,2533.519147
24.8333,13.3333,2588.023785
25.0000,13.3333,2598.504026
25.1667,13.3333,2574.030727
25.3333,13.3333,2521.742125
25.5000,13.3333,2447.486930
25.6667,13.3333,2356.263764
25.8333,13.3333,2252.473869
26.0000,13.3333,2139.971244
26.1667,13.3333,2021.996683
26.3333,13.3333,1901.165055
26.5000,13.3333,1779.615375
26.6667,13.3333,1659.266263
26.8333,13.3333,1541.996203
27.0000,13.3333,1429.604782
27.1667,13.3333,1323.576177
27.3333,13.3333,1224.812455
27.5000,13.3333,1133.512924
27.6667,13.3333,1049.258878
27.8333,13.3333,971.232853
28.0000,13.3333,898.456242
28.1667,13.3333,829.972980
28.3333,13.3333,764.971505
28.5000,13.3333,702.863655
28.6667,13.3333,643.326748
28.8333,13.3333,586.299136
29.0000,13.3333,531.924469
29.1667,13.3333,480.460186
29.3333,13.3333,432.180453
29.5000,13.3333,387.301128
29.6667,13.3333,345.939384
29.8333,13.3333,308.105298
30.0000,13.3333,273.714594
0.0000,13.5000,33.368657
0.1667,13.5000,38.205230
0.3333,13.5000,43.532012
0.5000,13.5000,49.380135
0.6667,13.5000,55.776884
0.8333,13.5000,62.744092
1.0000,13.5000,70.297728
1.1667,13.5000,78.450306
1.3333,13.5000,87.217393
1.5000,13.5000,96.627600
1.6667,13.5000,106.732208
1.8333,13.5000,117.607905
2.0000,13.5000,129.346340
2.1667,13.5000,142.028858
2.3333,13.5000,155.692267
2.5000,13.5000,170.298126
2.6667,13.5000,185.719725
2.8333,13.5000,201.756505
3.0000,13.5000,218.177403
3.1667,13.5000,234.786077
3.3333,13.5000,251.494149
3.5000,13.5000,268.384479
3.6667,13.5000,285.746363
3.8333,13.5000,304.069391
4.0000,13.5000,323.991146
4.1667,13.5000,346.203490
4.3333,13.5000,371.332420
4.5000,13.5000,399.818634
4.6667,13.5000,431.836225
4.8333,13.5000,467.285933
5.0000,13.5000,505.880008
5.1667,13.5000,547.301319
5.3333,13.5000,591.383440
5.5000,13.5000,638.239219
5.6667,13.5000,688.276034
5.8333,13.5000,742.077287
6.0000,13.5000,800.183637
6.1667,13.5000,862.835949
6.3333,13.5000,929.708984
6.5000,13.5000,999.574265
6.6667,13.5000,1069.734703
6.8333,13.5000,1135.038745
7.0000,13.5000,1186.341422
7.1667,13.5000,1208.417168
7.3333,13.5000,1177.514658
7.5000,13.5000,1058.975164
7.6667,13.5000,805.620488
7.8333,13.5000,357.907970
8.0000,13.5000,-352.992316
8.1667,13.5000,-1398.235771
8.3333,13.5000,-2840.212948
8.5000,13.5000,-4718.278993
8.6667,13.5000,-7033.559648
8.8333,13.5000,-9736.024989
9.0000,13.5000,-12717.261052
9.1667,13.5000,-15811.852958
9.3333,13.5000,-18809.024225
9.5000,13.5000,-21474.179398
9.6667,13.5000,-23577.632054
9.8333,13.5000,-24925.816824
10.0000,13.5000,-25389.318265
10.1667,13.5000,-24922.321649
10.3333,13.5000,-23569.583249
10.5000,13.5000,-21459.508380
10.6667,13.5000,-18784.810742
10.8333,13.5000,-15774.678026
11.0000,13.5000,-12663.785532
11.1667,13.5000,-9663.697756
11.3333,13.5000,-6941.229895
11.5000,13.5000,-4606.462730
11.6667,13.5000,-2710.893300
11.8333,13.5000,-1254.290188
12.0000,13.5000,-197.492998
12.1667,13.5000,522.279538
12.3333,13.5000,976.939609
12.5000,13.5000,1236.262153
12.6667,13.5000,1360.845945
12.8333,13.5000,1399.022585
13.0000,13.5000,1386.673699
13.1667,13.5000,1348.741757
13.3333,13.5000,1301.426304
13.5000,13.5000,1254.410288
13.6667,13.5000,1212.798879
13.8333,13.5000,1178.688585
14.0000,13.5000,1152.394775
14.1667,13.5000,1133.379621
14.3333,13.5000,1120.896550
14.5000,13.5000,1114.356107
14.6667,13.5000,1113.443425
14.8333,13.5000,1118.061583
15.0000,13.5000,1128.206770
15.1667,13.5000,1143.876085
15.3333,13.5000,1165.062221
15.5000,13.5000,1191.822828
15.6667,13.5000,1224.364797
15.8333,13.5000,1263.082906
16.0000,13.5000,1308.532344
16.1667,13.5000,1361.356787
16.3333,13.5000,1422.199732
16.5000,13.5000,1491.598844
16.6667,13.5000,1569.841750
16.8333,13.5000,1656.782578
17.0000,13.5000,1751.672004
17.1667,13.5000,1853.085845
17.3333,13.5000,1959.001344
17.5000,13.5000,2066.981240
17.6667,13.5000,2174.357074
17.8333,13.5000,2278.321181
18.0000,13.5000,2375.932379
18.1667,13.5000,2464.123631
18.3333,13.5000,2539.780923
18.5000,13.5000,2599.846337
18.6667,13.5000,2641.291934
18.8333,13.5000,2660.824886
19.0000,13.5000,2654.318115
19.1667,13.5000,2616.078030
19.3333,13.5000,2538.010754
19.5000,13.5000,2408.537986
19.6667,13.5000,2210.947744
19.8333,13.5000,1921.008263
20.0000,13.5000,1504.246806
20.1667,13.5000,914.157991
20.3333,13.5000,93.402169
20.5000,13.5000,-1019.676464
20.6667,13.5000,-2477.646742
20.8333,13.5000,-4304.286549
21.0000,13.5000,-6472.405396
21.1667,13.5000,-8886.097123
21.3333,13.5000,-11375.453272
21.5000,13.5000,-13709.769372
21.6667,13.5000,-15630.388708
21.8333,13.5000,-16897.917878
22.0000,13.5000,-17342.500524
22.1667,13.5000,-16902.555337
22.3333,13.5000,-15639.333610
22.5000,13.5000,-13722.275150
22.6667,13.5000,-11390.269440
22.8333,13.5000,-8901.503459
23.0000,13.5000,-6486.448512
23.1667,13.5000,-4315.193790
23.3333,13.5000,-2484.284504
23.5000,13.5000,-1021.885615
23.6667,13.5000,94.693853
23.8333,13.5000,917.024746
24.0000,13.5000,1505.943708
24.1667,13.5000,1918.126974
24.3333,13.5000,2199.510723
24.5000,13.5000,2384.081925
24.6667,13.5000,2495.754211
24.8333,13.5000,2551.245819
25.0000,13.5000,2562.623632
25.1667,13.5000,2539.028275
25.3333,13.5000,2487.693730
25.5000,13.5000,2414.566433
25.6667,13.5000,2324.717013
25.8333,13.5000,2222.569477
26.0000,13.5000,2111.939156
26.1667,13.5000,1995.970008
26.3333,13.5000,1877.140613
26.5000,13.5000,1757.444088
26.6667,13.5000,1638.676587
26.8333,13.5000,1522.644548
27.0000,13.5000,1411.139657
27.1667,13.5000,1305.700019
27.3333,13.5000,1207.327139
27.5000,13.5000,1116.340443
27.6667,13.5000,1032.435593
27.8333,13.5000,954.882021
28.0000,13.5000,882.747713
28.1667,13.5000,815.080466
28.3333,13.5000,751.036919
28.5000,13.5000,689.975012
28.6667,13.5000,631.511782
28.8333,13.5000,575.532283
29.0000,13.5000,522.141864
29.1667,13.5000,471.576697
29.3333,13.5000,424.104241
29.5000,13.5000,379.943630
29.6667,13.5000,339.220669
29.8333,13.5000,301.955896
30.0000,13.5000,268.075191
0.0000,13.6667,32.688200
0.1667,13.6667,37.425974
0.3333,13.6667,42.633402
0.5000,13.6667,48.335037
0.6667,13.6667,54.549258
0.8333,13.6667,61.286548
1.0000,13.6667,68.549657
1.1667,13.6667,76.337602
1.3333,13.6667,84.655003
1.5000,13.6667,93.526004
1.6667,13.6667,103.008366
1.8333,13.6667,113.199895
2.0000,13.6667,124.229253
2.1667,13.6667,136.228198
2.3333,13.6667,149.291623
2.5000,13.6667,163.440578
2.6667,13.6667,178.605974
2.8333,13.6667,194.643715
3.0000,13.6667,211.379037
3.1667,13.6667,228.666129
3.3333,13.6667,246.444729
3.5000,13.6667,264.779445
3.6667,13.6667,283.875931
3.8333,13.6667,304.074451
4.0000,13.6667,325.822040
4.1667,13.6667,349.621403
4.3333,13.6667,375.955758
4.5000,13.6667,405.200292
4.6667,13.6667,437.548163
4.8333,13.6667,472.987792
5.0000,13.6667,511.357117
5.1667,13.6667,552.469701
5.3333,13.6667,596.269815
5.5000,13.6667,642.948348
5.6667,13.6667,692.955545
5.8333,13.6667,746.884654
6.0000,13.6667,805.255344
6.1667,13.6667,868.256087
6.3333,13.6667,935.470748
6.5000,13.6667,1005.519101
6.6667,13.6667,1075.439484
6.8333,13.6667,1139.606178
7.0000,13.6667,1188.041250
7.1667,13.6667,1204.133063
7.3333,13.6667,1161.977368
7.5000,13.6667,1023.807812
7.6667,13.6667,738.287617
7.8333,13.6667,240.743677
8.0000,13.6667,-543.414129
8.1667,13.6667,-1691.066409
8.3333,13.6667,-3269.317857
8.5000,13.6667,-5320.052300
8.6667,13.6667,-7843.572615
8.8333,13.6667,-10784.768139
9.0000,13.6667,-14025.477218
9.1667,13.6667,-17386.141623
9.3333,13.6667,-20638.490886
9.5000,13.6667,-23528.855260
9.6667,13.6667,-25809.162818
9.8333,13.6667,-27270.546429
10.0000,13.6667,-27773.467077
10.1667,13.6667,-27268.580847
10.3333,13.6667,-25804.195960
10.5000,13.6667,-23518.827431
10.6667,13.6667,-20620.423022
10.8333,13.6667,-17356.446026
11.0000,13.6667,-13980.527863
11.1667,13.6667,-10721.637715
11.3333,13.6667,-7760.694616
11.5000,13.6667,-5217.535183
11.6667,13.6667,-3148.777056
11.8333,13.6667,-1555.069951
12.0000,13.6667,-394.801364
12.1667,13.6667,399.418872
12.3333,13.6667,905.086601
12.5000,13.6667,1197.568272
12.6667,13.6667,1342.428565
12.8333,13.6667,1392.042709
13.0000,13.6667,1385.374644
13.1667,13.6667,1349.595844
13.3333,13.6667,1302.439738
13.5000,13.6667,1254.579041
13.6667,13.6667,1211.692664
13.8333,13.6667,1176.148676
14.0000,13.6667,1148.341342
14.1667,13.6667,1127.721645
14.3333,13.6667,1113.524533
14.5000,13.6667,1105.185841
14.6667,13.6667,1102.476163
14.8333,13.6667,1105.432012
15.0000,13.6667,1114.200032
15.1667,13.6667,1128.905439
15.3333,13.6667,1149.609254
15.5000,13.6667,1176.352882
15.6667,13.6667,1209.239374
15.8333,13.6667,1248.493926
16.0000,13.6667,1294.476640
16.1667,13.6667,1347.654439
16.3333,13.6667,1408.543817
16.5000,13.6667,1477.615558
16.6667,13.6667,1555.142890
16.8333,13.6667,1641.003298
17.0000,13.6667,1734.497136
17.1667,13.6667,1834.271351
17.3333,13.6667,1938.393266
17.5000,13.6667,2044.527907
17.6667,13.6667,2150.107061
17.8333,13.6667,2252.401862
18.0000,13.6667,2348.510349
18.1667,13.6667,2435.355563
18.3333,13.6667,2509.768294
18.5000,13.6667,2568.607837
18.6667,13.6667,2608.762162
18.8333,13.6667,2626.878779
19.0000,13.6667,2618.811132
19.1667,13.6667,2578.886859
19.3333,13.6667,2499.060741
19.5000,13.6667,2367.810814
19.6667,13.6667,2168.472831
19.8333,13.6667,1876.849348
20.0000,13.6667,1458.497570
20.1667,13.6667,866.955799
20.3333,13.6667,44.958707
20.5000,13.6667,-1069.040913
20.6667,13.6667,-2527.487154
20.8333,13.6667,-4354.056698
21.0000,13.6667,-6521.530437
21.1667,13.6667,-8934.083350
21.3333,13.6667,-11422.002810
21.5000,13.6667,-13754.860387
21.6667,13.6667,-15674.292786
21.8333,13.6667,-16941.148982
22.0000,13.6667,-17385.711930
22.1667,13.6667,-16946.413272
22.3333,13.6667,-15684.397959
22.5000,13.6667,-13768.911721
22.6667,13.6667,-11438.607685
22.8333,13.6667,-8951.440778
23.0000,13.6667,-6537.690785
23.1667,13.6667,-4367.315517
23.3333,13.6667,-2536.792506
23.5000,13.6667,-1074.275673
23.6667,13.6667,42.891556
23.8333,13.6667,866.211130
24.0000,13.6667,1456.426272
24.1667,13.6667,1870.106326
24.3333,13.6667,2153.081576
24.5000,13.6667,2339.251370
24.6667,13.6667,2452.475848
24.8333,13.6667,2509.462553
25.0000,13.6667,2522.308237
25.1667,13.6667,2500.211265
25.3333,13.6667,2450.472028
25.5000,13.6667,2379.091766
25.6667,13.6667,2291.167690
25.8333,13.6667,2191.112114
26.0000,13.6667,2082.687950
26.1667,13.6667,1968.951315
26.3333,13.6667,1852.270351
26.5000,13.6667,1734.524333
26.6667,13.6667,1617.414509
26.8333,13.6667,1502.691709
27.0000,13.6667,1392.144097
27.1667,13.6667,1287.359636
27.3333,13.6667,1189.432114
27.5000,13.6667,1098.795287
27.6667,13.6667,1015.256982
27.8333,13.6667,938.175026
28.0000,13.6667,866.668148
28.1667,13.6667,799.793542
28.3333,13.6667,736.681867
28.5000,13.6667,676.642426
28.6667,13.6667,619.236019
28.8333,13.6667,564.296834
29.0000,13.6667,511.892664
29.1667,13.6667,462.237733
29.3333,13.6667,415.591180
29.5000,13.6667,372.173381
29.6667,13.6667,332.116729
29.8333,13.6667,295.450438
30.0000,13.6667,262.109130
0.0000,13.8333,32.005599
0.1667,13.8333,36.652846
0.3333,13.8333,41.748787
0.5000,13.8333,47.309368
0.6667,13.8333,53.341012
0.8333,13.8333,59.838738
1.0000,13.8333,66.787080
1.1667,13.8333,74.166271
1.3333,13.8333,81.965410
1.5000,13.8333,90.201698
1.6667,13.8333,98.940385
1.8333,13.8333,108.305904
2.0000,13.8333,118.474064
2.1667,13.8333,129.640815
2.3333,13.8333,141.974456
2.5000,13.8333,155.569627
2.6667,13.8333,170.424995
2.8333,13.8333,186.457344
3.0000,13.8333,203.546833
3.1667,13.8333,221.592663
3.3333,13.8333,240.555499
3.5000,13.8333,260.474548
3.6667,13.8333,281.464272
3.8333,13.8333,303.705148
4.0000,13.8333,327.437740
4.1667,13.8333,352.954702
4.3333,13.8333,380.575882
4.5000,13.8333,410.598836
4.6667,13.8333,443.238012
4.8333,13.8333,478.584779
5.0000,13.8333,516.621966
5.1667,13.8333,557.305083
5.3333,13.8333,600.685115
5.5000,13.8333,647.013606
5.6667,13.8333,696.762505
5.8333,13.8333,750.521763
6.0000,13.8333,808.793348
6.1667,13.8333,871.736407
6.3333,13.8333,938.888030
6.5000,13.8333,1008.786604
6.6667,13.8333,1078.318197
6.8333,13.8333,1141.568680
7.0000,13.8333,1188.036339
7.1667,13.8333,1200.223104
7.3333,13.8333,1150.838966
7.5000,13.8333,1000.116764
7.6667,13.8333,694.050398
7.8333,13.8333,164.688489
8.0000,13.8333,-666.221406
8.1667,13.8333,-1879.181353
8.3333,13.8333,-3544.260957
8.5000,13.8333,-5704.916907
8.6667,13.8333,-8360.904557
8.8333,13.8333,-11453.877727
9.0000,13.8333,-14859.491377
9.1667,13.8333,-18389.221804
9.3333,13.8333,-21803.707338
9.5000,13.8333,-24837.182142
9.6667,13.8333,-27229.914381
9.8333,13.8333,-28763.333533
10.0000,13.8333,-29291.479877
10.1667,13.8333,-28762.765998
10.3333,13.8333,-27227.742546
10.5000,13.8333,-24831.326610
10.6667,13.8333,-21791.125573
10.8333,13.8333,-18366.200458
11.0000,13.8333,-14822.214721
11.1667,13.8333,-11399.178507
11.3333,13.8333,-8286.945654
11.5000,13.8333,-5611.520456
11.6667,13.8333,-3432.748670
11.8333,13.8333,-1751.829608
12.0000,13.8333,-525.601668
12.1667,13.8333,316.227698
12.3333,13.8333,854.664390
12.5000,13.8333,1168.584021
12.6667,13.8333,1326.662331
12.8333,13.8333,1383.804443
13.0000,13.8333,1380.904055
13.1667,13.8333,1346.535718
13.3333,13.8333,1299.411257
13.5000,13.8333,1250.849901
13.6667,13.8333,1206.919829
13.8333,13.8333,1170.186052
14.0000,13.8333,1141.111890
14.1667,13.8333,1119.153280
14.3333,13.8333,1103.540544
14.5000,13.8333,1093.731689
14.6667,13.8333,1089.561483
14.8333,13.8333,1091.169271
15.0000,13.8333,1098.825487
15.1667,13.8333,1112.771436
15.3333,13.8333,1133.141658
15.5000,13.8333,1159.976835
15.6667,13.8333,1193.289994
15.8333,13.8333,1233.138923
16.0000,13.8333,1279.676777
16.1667,13.8333,1333.173268
16.3333,13.8333,1393.997971
16.5000,13.8333,1462.543324
16.6667,13.8333,1539.068904
16.8333,13.8333,1623.488082
17.0000,13.8333,1715.172156
17.1667,13.8333,1812.865390
17.3333,13.8333,1914.752972
17.5000,13.8333,2018.629186
17.6667,13.8333,2122.050226
17.8333,13.8333,2222.385018
18.0000,13.8333,2316.781527
18.1667,13.8333,2402.151939
18.3333,13.8333,2475.257064
18.5000,13.8333,2532.845173
18.6667,13.8333,2571.682744
18.8333,13.8333,2588.319241
19.0000,13.8333,2578.559698
19.1667,13.8333,2536.742706
19.3333,13.8333,2454.884116
19.5000,13.8333,2321.549979
19.6667,13.8333,2120.164694
19.8333,13.8333,1826.602404
20.0000,13.8333,1406.473195
20.1667,13.8333,813.363605
20.3333,13.8333,-9.926912
20.5000,13.8333,-1124.850102
20.6667,13.8333,-2583.730997
20.8333,13.8333,-4410.137970
21.0000,13.8333,-6576.807187
21.1667,13.8333,-8987.980853
21.3333,13.8333,-11474.143611
21.5000,13.8333,-13805.168659
21.6667,13.8333,-15723.035980
21.8333,13.8333,-16988.901801
22.0000,13.8333,-17433.252431
22.1667,13.8333,-16994.578716
22.3333,13.8333,-15733.935555
22.5000,13.8333,-13820.357202
22.6667,13.8333,-11492.214242
22.8333,13.8333,-9007.165256
23.0000,13.8333,-6595.228856
23.1667,13.8333,-4426.168479
23.3333,13.8333,-2596.347218
23.5000,13.8333,-1133.883311
23.6667,13.8333,-16.153102
23.8333,13.8333,808.259241
24.0000,13.8333,1399.976562
24.1667,13.8333,1815.435411
24.3333,13.8333,2100.344210
24.5000,13.8333,2288.512498
24.6667,13.8333,2403.755675
24.8333,13.8333,2462.781372
25.0000,13.8333,2477.717186
25.1667,13.8333,2457.800765
25.3333,13.8333,2410.358723
25.5000,13.8333,2341.392402
25.6667,13.8333,2255.970615
25.8333,13.8333,2158.454013
26.0000,13.8333,2052.538312
26.1667,13.8333,1941.203766
26.3333,13.8333,1826.740190
26.5000,13.8333,1710.953768
26.6667,13.8333,1595.488601
26.8333,13.8333,1482.066738
27.0000,13.8333,1372.486179
27.1667,13.8333,1268.386650
27.3333,13.8333,1170.948906
27.5000,13.8333,1080.712659
27.6667,13.8333,997.589387
27.8333,13.8333,921.018344
28.0000,13.8333,850.164591
28.1667,13.8333,784.093476
28.3333,13.8333,721.911721
28.5000,13.8333,662.884622
28.6667,13.8333,606.522558
28.8333,13.8333,552.614218
29.0000,13.8333,501.193553
29.1667,13.8333,452.454459
29.3333,13.8333,406.647518
29.5000,13.8333,363.992900
29.6667,13.8333,324.627617
29.8333,13.8333,288.587580
30.0000,13.8333,255.814467
0.0000,14.0000,31.321602
0.1667,14.0000,35.887156
0.3333,14.0000,40.880769
0.5000,14.0000,46.308367
0.6667,14.0000,52.162366
0.8333,14.0000,58.419631
1.0000,14.0000,65.043338
1.1667,14.0000,71.991705
1.3333,14.0000,79.235559
1.5000,14.0000,86.783536
1.6667,14.0000,94.708445
1.8333,14.0000,103.163483
2.0000,14.0000,112.376032
2.1667,14.0000,122.613149
2.3333,14.0000,134.125936
2.5000,14.0000,147.093702
2.6667,14.0000,161.593355
2.8333,14.0000,177.608863
3.0000,14.0000,195.074277
3.1667,14.0000,213.925092
3.3333,14.0000,234.130180
3.5000,14.0000,255.692651
3.6667,14.0000,278.631481
3.8333,14.0000,302.968800
4.0000,14.0000,328.740501
4.1667,14.0000,356.025633
4.3333,14.0000,384.970632
4.5000,14.0000,415.783504
4.6667,14.0000,448.692645
4.8333,14.0000,483.892182
5.0000,14.0000,521.512980
5.1667,14.0000,561.651658
5.3333,14.0000,604.456254
5.5000,14.0000,650.222341
5.6667,14.0000,699.427978
5.8333,14.0000,752.655010
6.0000,14.0000,810.400730
6.1667,14.0000,872.828861
6.3333,14.0000,939.486368
6.5000,14.0000,1008.916265
6.6667,14.0000,1077.986160
6.8333,14.0000,1140.711774
7.0000,14.0000,1186.428712
7.1667,14.0000,1197.335114
7.3333,14.0000,1145.649624
7.5000,14.0000,990.893792
7.6667,14.0000,678.123728
7.8333,14.0000,138.255135
8.0000,14.0000,-708.210404
8.1667,14.0000,-1942.991902
8.3333,14.0000,-3637.146963
8.5000,14.0000,-5834.653938
8.6667,14.0000,-8535.086422
8.8333,14.0000,-11679.023953
9.0000,14.0000,-15140.062337
9.1667,14.0000,-18726.681188
9.3333,14.0000,-22195.798601
9.5000,14.0000,-25277.579956
9.6667,14.0000,-27708.362988
9.8333,14.0000,-29266.299868
10.0000,14.0000,-29803.255303
10.1667,14.0000,-29266.871406
10.3333,14.0000,-27708.441707
10.5000,14.0000,-25275.035853
10.6667,14.0000,-22187.523927
10.8333,14.0000,-18708.892745
11.0000,14.0000,-15108.876991
11.1667,14.0000,-11631.207940
11.3333,14.0000,-8468.723337
11.5000,14.0000,-5749.451010
11.6667,14.0000,-3534.253819
11.8333,14.0000,-1824.449416
12.0000,14.0000,-576.310509
12.1667,14.0000,281.441843
12.3333,14.0000,830.967316
12.5000,14.0000,1152.264865
12.6667,14.0000,1314.982991
12.8333,14.0000,1374.804066
13.0000,14.0000,1373.213108
13.1667,14.0000,1339.225884
13.3333,14.0000,1291.882447
13.5000,14.0000,1242.742161
13.6667,14.0000,1198.037894
13.8333,14.0000,1160.432691
14.0000,14.0000,1130.434528
14.1667,14.0000,1107.510577
14.3333,14.0000,1090.891802
14.5000,14.0000,1080.046379
14.6667,14.0000,1074.842750
14.8333,14.0000,1075.483826
15.0000,14.0000,1082.330138
15.1667,14.0000,1095.722829
15.3333,14.0000,1115.874812
15.5000,14.0000,1142.845831
15.6667,14.0000,1176.581254
15.8333,14.0000,1216.984902
16.0000,14.0000,1264.002716
16.1667,14.0000,1317.696421
16.3333,14.0000,1378.275249
16.5000,14.0000,1446.044901
16.6667,14.0000,1521.252004
16.8333,14.0000,1603.855206
17.0000,14.0000,1693.311455
17.1667,14.0000,1788.478628
17.3333,14.0000,1887.676017
17.5000,14.0000,1988.844361
17.6667,14.0000,2089.684421
17.8333,14.0000,2187.686205
18.0000,14.0000,2280.070628
18.1667,14.0000,2363.755443
18.3333,14.0000,2435.434639
18.5000,14.0000,2491.731392
18.6667,14.0000,2529.260080
18.8333,14.0000,2544.430920
19.0000,14.0000,2532.958730
19.1667,14.0000,2489.161871
19.3333,14.0000,2405.105442
19.5000,14.0000,2269.454128
19.6667,14.0000,2065.750097
19.8333,14.0000,1769.976990
20.0000,14.0000,1347.832590
20.1667,14.0000,752.974213
20.3333,14.0000,-71.726118
20.5000,14.0000,-1187.626750
20.6667,14.0000,-2646.936708
20.8333,14.0000,-4473.112940
21.0000,14.0000,-6638.836751
21.1667,14.0000,-9048.407013
21.3333,14.0000,-11532.505781
21.5000,14.0000,-13861.328921
21.6667,14.0000,-15777.245345
21.8333,14.0000,-17041.782683
22.0000,14.0000,-17485.698316
22.1667,14.0000,-17047.594804
22.3333,14.0000,-15788.458455
22.5000,14.0000,-13877.095026
22.6667,14.0000,-11551.540125
22.8333,14.0000,-9069.080393
23.0000,14.0000,-6659.392258
23.1667,14.0000,-4491.976540
23.3333,14.0000,-2663.040057
23.5000,14.0000,-1200.655407
23.6667,14.0000,-82.250010
23.8333,14.0000,743.470820
24.0000,14.0000,1336.972326
24.1667,14.0000,1754.531908
24.3333,14.0000,2041.727735
24.5000,14.0000,2232.288256
24.6667,14.0000,2350.001979
24.8333,14.0000,2411.591635
25.0000,14.0000,2429.216210
25.1667,14.0000,2412.131747
25.3333,14.0000,2367.649551
25.5000,14.0000,2301.717575
25.6667,14.0000,2219.324356
25.8333,14.0000,2124.741987
26.0000,14.0000,2021.585567
26.1667,14.0000,1912.770837
26.3333,14.0000,1800.539857
26.5000,14.0000,1686.665852
26.6667,14.0000,1572.775254
26.8333,14.0000,1460.592630
27.0000,14.0000,1351.945507
27.1667,14.0000,1248.533630
27.3333,14.0000,1151.623663
27.5000,14.0000,1061.853455
27.6667,14.0000,979.226041
27.8333,14.0000,903.248352
28.0000,14.0000,833.119343
28.1667,14.0000,767.904214
28.3333,14.0000,706.683255
28.5000,14.0000,648.680882
28.6667,14.0000,593.363838
28.8333,14.0000,540.483049
29.0000,14.0000,490.044997
29.1667,14.0000,442.227062
29.3333,14.0000,397.272502
29.5000,14.0000,355.400605
29.6667,14.0000,316.751308
29.8333,14.0000,281.365251
30.0000,14.0000,249.189380
0.0000,14.1667,30.623447
0.1667,14.1667,35.112186
0.3333,14.1667,40.008269
0.5000,14.1667,45.306665
0.6667,14.1667,50.984565
0.8333,14.1667,56.999257
1.0000,14.1667,63.291061
1.1667,14.1667,69.794747
1.3333,14.1667,76.461647
1.5000,14.1667,83.290833
1.6667,14.1667,90.361834
1.8333,14.1667,97.855887
2.0000,14.1667,106.051758
2.1667,14.1667,115.289095
2.3333,14.1667,125.906544
2.5000,14.1667,138.176708
2.6667,14.1667,152.265377
2.8333,14.1667,168.231734
3.0000,14.1667,186.063933
3.1667,14.1667,205.724297
3.3333,14.1667,227.174826
3.5000,14.1667,250.370375
3.6667,14.1667,275.232732
3.8333,14.1667,301.635417
4.0000,14.1667,329.424055
4.1667,14.1667,358.473235
4.3333,14.1667,388.753527
4.5000,14.1667,420.370294
4.6667,14.1667,453.548442
4.8333,14.1667,488.569325
5.0000,14.1667,525.700312
5.1667,14.1667,565.169647
5.3333,14.1667,607.212383
5.5000,14.1667,652.157762
5.6667,14.1667,700.483229
5.8333,14.1667,752.765392
6.0000,14.1667,809.514743
6.1667,14.1667,870.936244
6.3333,14.1667,936.646007
6.5000,14.1667,1005.281933
6.6667,14.1667,1073.834165
6.8333,14.1667,1136.477968
7.0000,14.1667,1182.765401
7.1667,14.1667,1195.201761
7.3333,14.1667,1146.451892
7.5000,14.1667,996.677601
7.6667,14.1667,691.811367
7.8333,14.1667,163.881873
8.0000,14.1667,-665.329083
8.1667,14.1667,-1876.248399
8.3333,14.1667,-3538.864478
8.5000,14.1667,-5696.590413
8.6667,14.1667,-8349.211443
8.8333,14.1667,-11438.499702
9.0000,14.1667,-14840.307349
9.1667,14.1667,-18366.359714
9.3333,14.1667,-21777.563179
9.5000,14.1667,-24808.408945
9.6667,14.1667,-27199.385819
9.8333,14.1667,-28732.085227
10.0000,14.1667,-29260.632452
10.1667,14.1667,-28733.439824
10.3333,14.1667,-27200.980141
10.5000,14.1667,-24808.037610
10.6667,14.1667,-21772.058507
10.8333,14.1667,-18351.931107
11.0000,14.1667,-14813.132854
11.1667,14.1667,-11395.460173
11.3333,14.1667,-8288.514521
11.5000,14.1667,-5618.018497
11.6667,14.1667,-3443.542066
11.8333,14.1667,-1766.065741
12.0000,14.1667,-542.313443
12.1667,14.1667,297.991919
12.3333,14.1667,835.714814
12.5000,14.1667,1149.494242
12.6667,14.1667,1307.722706
12.8333,14.1667,1365.030843
13.0000,14.1667,1362.096969
13.1667,14.1667,1327.372394
13.3333,14.1667,1279.543871
13.5000,14.1667,1229.981506
13.6667,14.1667,1184.840101
13.8333,14.1667,1146.766504
14.0000,14.1667,1116.275995
14.1667,14.1667,1092.843184
14.3333,14.1667,1075.698277
14.5000,14.1667,1064.304365
14.6667,14.1667,1058.532300
14.8333,14.1667,1058.609228
15.0000,14.1667,1064.950776
15.1667,14.1667,1077.978229
15.3333,14.1667,1097.983338
15.5000,14.1667,1125.062373
15.6667,14.1667,1159.118228
15.8333,14.1667,1199.923170
16.0000,14.1667,1247.228828
16.1667,14.1667,1300.891587
16.3333,14.1667,1360.956906
16.5000,14.1667,1427.640088
16.6667,14.1667,1501.175230
16.8333,14.1667,1581.571730
17.0000,14.1667,1668.380707
17.1667,14.1667,1760.582532
17.3333,14.1667,1856.639073
17.5000,14.1667,1954.647748
17.6667,14.1667,2052.469258
17.8333,14.1667,2147.736685
18.0000,14.1667,2237.769874
18.1667,14.1667,2319.515775
18.3333,14.1667,2389.615301
18.5000,14.1667,2444.564542
18.6667,14.1667,2480.805872
18.8333,14.1667,2494.574819
19.0000,14.1667,2481.451740
19.1667,14.1667,2435.691615
19.3333,14.1667,2349.377438
19.5000,14.1667,2211.261291
19.6667,14.1667,2005.014892
19.8333,14.1667,1706.762022
20.0000,14.1667,1282.327718
20.1667,14.1667,685.476805
20.3333,14.1667,-140.820702
20.5000,14.1667,-1257.817646
20.6667,14.1667,-2717.604155
20.8333,14.1667,-4543.525512
21.0000,14.1667,-6708.206159
21.1667,14.1667,-9115.998876
21.3333,14.1667,-11597.786108
21.5000,14.1667,-13924.103724
21.6667,14.1667,-15837.746421
21.8333,14.1667,-17100.666796
22.0000,14.1667,-17543.951912
22.1667,14.1667,-17106.362837
22.3333,14.1667,-15848.836460
22.5000,14.1667,-13939.932667
22.6667,14.1667,-11617.299608
22.8333,14.1667,-9137.776450
23.0000,14.1667,-6730.618319
23.1667,14.1667,-4565.001506
23.3333,14.1667,-2736.946780
23.5000,14.1667,-1274.487483
23.6667,14.1667,-155.136918
23.8333,14.1667,672.231052
24.0000,14.1667,1267.881764
24.1667,14.1667,1687.909337
24.3333,14.1667,1977.759909
24.5000,14.1667,2171.096101
24.6667,14.1667,2291.700332
24.8333,14.1667,2356.324301
25.0000,14.1667,2377.156570
25.1667,14.1667,2363.451585
25.3333,14.1667,2322.470877
25.5000,14.1667,2260.068179
25.6667,14.1667,2181.114243
25.8333,14.1667,2089.766945
26.0000,14.1667,1989.552259
26.1667,14.1667,1883.331045
26.3333,14.1667,1773.322132
26.5000,14.1667,1661.298880
26.6667,14.1667,1548.904463
26.8333,14.1667,1437.895632
27.0000,14.1667,1330.150735
27.1667,14.1667,1227.441096
27.3333,14.1667,1131.121061
27.5000,14.1667,1041.919331
27.6667,14.1667,959.915811
27.8333,14.1667,884.666216
28.0000,14.1667,815.384818
28.1667,14.1667,751.123072
28.3333,14.1667,690.929203
28.5000,14.1667,633.989191
28.6667,14.1667,579.734188
28.8333,14.1667,527.887339
29.0000,14.1667,478.436375
29.1667,14.1667,431.547874
29.3333,14.1667,387.460251
29.5000,14.1667,346.391929
29.6667,14.1667,308.484375
29.8333,14.1667,273.781071
30.0000,14.1667,242.232434
0.0000,14.3333,29.886420
0.1667,14.3333,34.295110
0.3333,14.3333,39.088802
0.5000,14.3333,44.250811
0.6667,14.3333,49.742427
0.8333,14.3333,55.500822
1.0000,14.3333,61.443104
1.1667,14.3333,67.480402
1.3333,14.3333,73.544324
1.5000,14.3333,79.623810
1.6667,14.3333,85.803853
1.8333,14.3333,92.291732
2.0000,14.3333,99.415469
2.1667,14.3333,107.586558
2.3333,14.3333,117.233676
2.5000,14.3333,128.729295
2.6667,14.3333,142.337044
2.8333,14.3333,158.198254
3.0000,14.3333,176.355124
3.1667,14.3333,196.787924
3.3333,14.3333,219.437934
3.5000,14.3333,244.201276
3.6667,14.3333,270.903241
3.8333,14.3333,299.282255
4.0000,14.3333,329.013686
4.1667,14.3333,359.783293
4.3333,14.3333,391.388101
4.5000,14.3333,423.817657
4.6667,14.3333,457.269584
4.8333,14.3333,492.086342
5.0000,14.3333,528.650448
5.1667,14.3333,567.308311
5.3333,14.3333,608.375774
5.5000,14.3333,652.214451
5.6667,14.3333,699.303512
5.8333,14.3333,750.221620
6.0000,14.3333,805.508589
6.1667,14.3333,865.440924
6.3333,14.3333,929.754824
6.5000,14.3333,997.264665
6.6667,14.3333,1065.214486
6.8333,14.3333,1128.155685
7.0000,14.3333,1176.215462
7.1667,14.3333,1192.785017
7.3333,14.3333,1151.864564
7.5000,14.3333,1015.539808
7.6667,14.3333,732.345580
7.8333,14.3333,237.564829
8.0000,14.3333,-543.325508
8.1667,14.3333,-1687.053538
8.3333,14.3333,-3260.555457
8.5000,14.3333,-5305.618328
8.6667,14.3333,-7822.593086
8.8333,14.3333,-10756.593761
9.0000,14.3333,-13989.842783
9.1667,14.3333,-17343.272436
9.3333,14.3333,-20589.143694
9.5000,14.3333,-23474.298558
9.6667,14.3333,-25751.105905
9.8333,14.3333,-27211.023955
10.0000,14.3333,-27714.687583
10.1667,14.3333,-27212.758329
10.3333,14.3333,-25753.394482
10.5000,14.3333,-23474.847061
10.6667,14.3333,-20584.736550
10.8333,14.3333,-17330.169928
11.0000,14.3333,-13964.395988
11.1667,14.3333,-10715.954475
11.3333,14.3333,-7765.272493
11.5000,14.3333,-5231.650876
11.6667,14.3333,-3171.190953
11.8333,14.3333,-1584.136680
12.0000,14.3333,-428.664985
12.1667,14.3333,362.583026
12.3333,14.3333,866.835977
12.5000,14.3333,1159.011984
12.6667,14.3333,1304.135835
12.8333,14.3333,1354.056793
13.0000,14.3333,1347.325374
13.1667,14.3333,1310.877786
13.3333,14.3333,1262.401691
13.5000,14.3333,1212.667738
13.6667,14.3333,1167.515495
13.8333,14.3333,1129.457389
14.0000,14.3333,1098.970388
14.1667,14.3333,1075.525616
14.3333,14.3333,1058.348964
14.5000,14.3333,1046.886910
14.6667,14.3333,1040.989006
14.8333,14.3333,1040.874646
15.0000,14.3333,1046.982495
15.1667,14.3333,1059.790778
15.3333,14.3333,1079.662309
15.5000,14.3333,1106.739475
15.6667,14.3333,1140.906210
15.8333,14.3333,1181.833097
16.0000,14.3333,1229.104995
16.1667,14.3333,1282.391935
16.3333,14.3333,1341.584401
16.5000,14.3333,1406.808735
16.6667,14.3333,1478.285414
16.8333,14.3333,1556.074732
17.0000,14.3333,1639.824439
17.1667,14.3333,1728.641269
17.3333,14.3333,1821.134238
17.5000,14.3333,1915.563679
17.6667,14.3333,2009.960319
17.8333,14.3333,2102.115653
18.0000,14.3333,2189.467998
18.1667,14.3333,2269.013545
18.3333,14.3333,2337.355541
18.5000,14.3333,2390.868733
18.6667,14.3333,2425.815881
18.8333,14.3333,2438.235428
19.0000,14.3333,2423.537941
19.1667,14.3333,2375.872603
19.3333,14.3333,2287.300212
19.5000,14.3333,2146.633208
19.6667,14.3333,1937.667026
19.8333,14.3333,1636.682922
20.0000,14.3333,1209.668154
20.1667,14.3333,610.536888
20.3333,14.3333,-217.605631
20.5000,14.3333,-1335.881736
20.6667,14.3333,-2796.251533
20.8333,14.3333,-4621.947904
21.0000,14.3333,-6785.542822
21.1667,14.3333,-9191.449333
21.3333,14.3333,-11670.759801
21.5000,14.3333,-13994.367179
21.6667,14.3333,-15905.520293
21.8333,14.3333,-17166.635075
22.0000,14.3333,-17609.168937
22.1667,14.3333,-17172.072284
22.3333,14.3333,-15916.241490
22.5000,14.3333,-14009.970359
22.6667,14.3333,-11690.471467
22.8333,14.3333,-9214.071191
23.0000,14.3333,-6809.538620
23.1667,14.3333,-4645.680264
23.3333,14.3333,-2818.317775
23.5000,14.3333,-1355.465740
23.6667,14.3333,-234.767337
23.8333,14.3333,594.684559
24.0000,14.3333,1192.915452
24.1667,14.3333,1615.817343
24.3333,14.3333,1908.707219
24.5000,14.3333,2105.198111
24.6667,14.3333,2229.083407
24.8333,14.3333,2297.151212
25.0000,14.3333,2321.613313
25.1667,14.3333,2311.704717
25.3333,14.3333,2274.613756
25.5000,14.3333,2216.077027
25.6667,14.3333,2140.829562
25.8333,14.3333,2052.904926
26.0000,14.3333,1955.739507
26.1667,14.3333,1852.149163
26.3333,14.3333,1744.348688
26.5000,14.3333,1634.136964
26.6667,14.3333,1523.200941
26.8333,14.3333,1413.353649
27.0000,14.3333,1306.541943
27.1667,14.3333,1204.617861
27.3333,14.3333,1109.022962
27.5000,14.3333,1020.566634
27.6667,14.3333,939.387311
27.8333,14.3333,865.066627
28.0000,14.3333,796.812243
28.1667,14.3333,733.646369
28.3333,14.3333,674.579410
28.5000,14.3333,618.762762
28.6667,14.3333,565.602300
28.8333,14.3333,514.805760
29.0000,14.3333,466.352847
29.1667,14.3333,420.406469
29.3333,14.3333,377.203553
29.5000,14.3333,336.962134
29.6667,14.3333,299.824040
29.8333,14.3333,265.833805
30.0000,14.3333,234.943581
0.0000,14.5000,29.079148
0.1667,14.5000,33.394218
0.3333,14.5000,38.068151
0.5000,14.5000,43.071965
0.6667,14.5000,48.350641
0.8333,14.5000,53.821171
1.0000,14.5000,59.377741
1.1667,14.5000,64.908317
1.3333,14.5000,70.325141
1.5000,14.5000,75.606875
1.6667,14.5000,80.843091
1.8333,14.5000,86.265638
2.0000,14.5000,92.250450
2.1667,14.5000,99.280766
2.3333,14.5000,107.877388
2.5000,14.5000,118.516896
2.6667,14.5000,131.565519
2.8333,14.5000,147.249129
3.0000,14.5000,165.661361
3.1667,14.5000,186.792466
3.3333,14.5000,210.552910
3.5000,14.5000,236.773721
3.6667,14.5000,265.186540
3.8333,14.5000,295.408165
4.0000,14.5000,326.963388
4.1667,14.5000,359.366346
4.3333,14.5000,392.246373
4.5000,14.5000,425.467176
4.6667,14.5000,459.175443
4.8333,14.5000,493.745501
5.0000,14.5000,529.650181
5.1667,14.5000,567.340718
5.3333,14.5000,607.212884
5.5000,14.5000,649.667708
5.6667,14.5000,695.194859
5.8333,14.5000,744.382538
6.0000,14.5000,797.808580
6.1667,14.5000,855.837763
6.3333,14.5000,918.359907
6.5000,14.5000,984.426863
6.6667,14.5000,1051.641807
6.8333,14.5000,1115.111416
7.0000,14.5000,1165.839058
7.1667,14.5000,1188.591412
7.3333,14.5000,1159.460393
7.5000,14.5000,1043.552519
7.6667,14.5000,793.486770
7.8333,14.5000,349.648687
8.0000,14.5000,-356.691028
8.1667,14.5000,-1396.451840
8.3333,14.5000,-2831.756670
8.5000,14.5000,-4701.793562
8.6667,14.5000,-7007.733525
8.8333,14.5000,-9699.855647
9.0000,14.5000,-12670.296903
9.1667,14.5000,-15754.358707
9.3333,14.5000,-18742.048756
9.5000,14.5000,-21399.531878
9.6667,14.5000,-23497.780192
9.8333,14.5000,-24843.718578
10.0000,14.5000,-25308.200438
10.1667,14.5000,-24845.432017
10.3333,14.5000,-23499.956998
10.5000,14.5000,-21399.788200
10.6667,14.5000,-18737.137240
10.8333,14.5000,-15740.634621
11.0000,14.5000,-12644.361271
11.1667,14.5000,-9659.238218
11.3333,14.5000,-6951.377794
11.5000,14.5000,-4630.125156
11.6667,14.5000,-2746.286821
11.8333,14.5000,-1299.096923
12.0000,14.5000,-249.121148
12.1667,14.5000,466.375267
12.3333,14.5000,918.941501
12.5000,14.5000,1177.739962
12.6667,14.5000,1302.624287
12.8333,14.5000,1341.193854
13.0000,14.5000,1328.752845
13.1667,14.5000,1289.917406
13.3333,14.5000,1240.827112
13.5000,14.5000,1191.300388
13.6667,14.5000,1146.652037
13.8333,14.5000,1109.149549
14.0000,14.5000,1079.183952
14.1667,14.5000,1056.209377
14.3333,14.5000,1039.446667
14.5000,14.5000,1028.323911
14.6667,14.5000,1022.659556
14.8333,14.5000,1022.645974
15.0000,14.5000,1028.719066
15.1667,14.5000,1041.388089
15.3333,14.5000,1061.069471
15.5000,14.5000,1087.950678
15.6667,14.5000,1121.915586
15.8333,14.5000,1162.568202
16.0000,14.5000,1209.367741
16.1667,14.5000,1261.832917
16.3333,14.5000,1319.720144
16.5000,14.5000,1383.072796
16.6667,14.5000,1452.094082
16.8333,14.5000,1526.888996
17.0000,14.5000,1607.198091
17.1667,14.5000,1692.254360
17.3333,14.5000,1780.816505
17.5000,14.5000,1871.311459
17.6667,14.5000,1961.944184
17.8333,14.5000,2050.669783
18.0000,14.5000,2135.052025
18.1667,14.5000,2212.145407
18.3333,14.5000,2278.525760
18.5000,14.5000,2330.455464
18.6667,14.5000,2364.021486
18.8333,14.5000,2375.059500
19.0000,14.5000,2358.792092
19.1667,14.5000,2309.232624
19.3333,14.5000,2218.383564
19.5000,14.5000,2075.085216
19.6667,14.5000,1863.238207
19.8333,14.5000,1559.283283
20.0000,14.5000,1129.392460
20.1667,14.5000,527.665750
20.3333,14.5000,-302.616231
20.5000,14.5000,-1422.411722
20.6667,14.5000,-2883.530371
20.8333,14.5000,-4709.086816
21.0000,14.5000,-6871.606552
21.1667,14.5000,-9275.576549
21.3333,14.5000,-11752.317414
21.5000,14.5000,-14073.101114
21.6667,14.5000,-15981.655460
21.8333,14.5000,-17240.885128
22.0000,14.5000,-17682.638863
22.1667,14.5000,-17246.066401
22.3333,14.5000,-15992.016792
22.5000,14.5000,-14088.491688
22.6667,14.5000,-11772.225822
22.8333,14.5000,-9298.983587
23.0000,14.5000,-6897.005503
23.1667,14.5000,-4734.705648
23.3333,14.5000,-2907.711031
23.5000,14.5000,-1444.046916
23.6667,14.5000,-321.530000
23.8333,14.5000,510.484722
24.0000,14.5000,1111.753081
24.1667,14.5000,1537.954285
24.3333,14.5000,1834.281878
24.5000,14.5000,2034.311940
24.6667,14.5000,2161.857480
24.8333,14.5000,2233.740978
25.0000,14.5000,2262.185178
25.1667,14.5000,2256.389049
25.3333,14.5000,2223.453581
25.5000,14.5000,2168.990350
25.6667,14.5000,2097.597276
25.8333,14.5000,2013.187454
26.0000,14.5000,1919.116248
26.1667,14.5000,1818.168317
26.3333,14.5000,1712.573550
26.5000,14.5000,1604.179041
26.6667,14.5000,1494.738047
26.8333,14.5000,1386.137946
27.0000,14.5000,1280.404270
27.1667,14.5000,1179.470274
27.3333,14.5000,1084.855328
27.5000,14.5000,997.431359
27.6667,14.5000,917.371131
27.8333,14.5000,844.256371
28.0000,14.5000,777.266148
28.1667,14.5000,715.380143
28.3333,14.5000,657.568643
28.5000,14.5000,602.955969
28.6667,14.5000,550.936120
28.8333,14.5000,501.216000
29.0000,14.5000,453.779365
29.1667,14.5000,408.793330
29.3333,14.5000,366.497089
29.5000,14.5000,327.109012
29.6667,14.5000,290.770305
29.8333,14.5000,257.524952
30.0000,14.5000,227.325272
0.0000,14.6667,28.171176
0.1667,14.6667,32.369360
0.3333,14.6667,36.894530
0.5000,14.6667,41.704769
0.6667,14.6667,46.728478
0.8333,14.6667,51.862656
1.0000,14.6667,56.979195
1.1667,14.6667,61.943785
1.3333,14.6667,66.650145
1.5000,14.6667,71.067195
1.6667,14.6667,75.289310
1.8333,14.6667,79.573157
2.0000,14.6667,84.343350
2.1667,14.6667,90.156374
2.3333,14.6667,97.626917
2.5000,14.6667,107.336504
2.6667,14.6667,119.752580
2.8333,14.6667,135.181335
3.0000,14.6667,153.761298
3.1667,14.6667,175.485455
3.3333,14.6667,200.227739
3.5000,14.6667,227.752357
3.6667,14.6667,257.701659
3.8333,14.6667,289.582133
4.0000,14.6667,322.784619
4.1667,14.6667,356.668632
4.3333,14.6667,390.706047
4.5000,14.6667,424.632037
4.6667,14.6667,458.525580
4.8333,14.6667,492.767885
5.0000,14.6667,527.899451
5.1667,14.6667,564.465390
5.3333,14.6667,602.944621
5.5000,14.6667,643.789317
5.6667,14.6667,687.510585
5.8333,14.6667,734.710233
6.0000,14.6667,786.002416
6.1667,14.6667,841.840032
6.3333,14.6667,902.277510
6.5000,14.6667,966.636290
6.6667,14.6667,1032.944894
6.8333,14.6667,1096.987378
7.0000,14.6667,1150.857128
7.1667,14.6667,1181.052635
7.3333,14.6667,1166.316664
7.5000,14.6667,1075.596591
7.6667,14.6667,866.713881
7.8333,14.6667,486.565423
8.0000,14.6667,-126.165866
8.1667,14.6667,-1034.938529
8.3333,14.6667,-2295.650472
8.5000,14.6667,-3944.064170
8.6667,14.6667,-5982.282421
8.8333,14.6667,-8367.079451
9.0000,14.6667,-11003.184540
9.1667,14.6667,-13744.217413
9.3333,14.6667,-16402.851312
9.5000,14.6667,-18769.957237
9.6667,14.6667,-20640.315942
9.8333,14.6667,-21840.666631
10.0000,14.6667,-22254.969437
10.1667,14.6667,-21841.989358
10.3333,14.6667,-20641.647440
10.5000,14.6667,-18768.836553
10.6667,14.6667,-16396.018929
10.8333,14.6667,-13728.151276
11.0000,14.6667,-10974.773102
11.1667,14.6667,-8324.280866
11.3333,14.6667,-5924.540398
11.5000,14.6667,-3872.284565
11.6667,14.6667,-2211.715053
11.8333,14.6667,-940.954535
12.0000,14.6667,-23.773806
12.1667,14.6667,596.562663
12.3333,14.6667,984.332358
12.5000,14.6667,1201.393438
12.6667,14.6667,1301.080068
12.8333,14.6667,1325.657287
13.0000,14.6667,1306.362465
13.1667,14.6667,1264.901503
13.3333,14.6667,1215.460391
13.5000,14.6667,1166.639683
13.6667,14.6667,1123.065469
13.8333,14.6667,1086.668142
14.0000,14.6667,1057.709649
14.1667,14.6667,1035.615404
14.3333,14.6667,1019.606671
14.5000,14.6667,1009.103966
14.6667,14.6667,1003.901177
14.8333,14.6667,1004.159311
15.0000,14.6667,1010.294145
15.1667,14.6667,1022.819607
15.3333,14.6667,1042.180576
15.5000,14.6667,1068.598756
15.6667,14.6667,1101.971058
15.8333,14.6667,1141.871997
16.0000,14.6667,1187.685387
16.1667,14.6667,1238.825664
16.3333,14.6667,1294.945656
16.5000,14.6667,1356.015475
16.6667,14.6667,1422.214979
16.8333,14.6667,1493.681456
17.0000,14.6667,1570.237793
17.1667,14.6667,1651.238361
17.3333,14.6667,1735.591074
17.5000,14.6667,1821.889602
17.6667,14.6667,1908.510513
17.8333,14.6667,1993.566423
18.0000,14.6667,2074.739451
18.1667,14.6667,2149.138413
18.3333,14.6667,2213.314132
18.5000,14.6667,2263.425827
18.6667,14.6667,2295.397455
18.8333,14.6667,2304.872357
19.0000,14.6667,2286.886925
19.1667,14.6667,2235.308098
19.3333,14.6667,2142.058117
19.5000,14.6667,1995.978114
19.6667,14.6667,1781.050778
19.8333,14.6667,1473.865666
20.0000,14.6667,1040.786246
20.1667,14.6667,436.122037
20.3333,14.6667,-396.636036
20.5000,14.6667,-1518.245082
20.6667,14.6667,-2980.334758
20.8333,14.6667,-4805.886389
21.0000,14.6667,-6967.380916
21.1667,14.6667,-9369.396355
21.3333,14.6667,-11843.509100
21.5000,14.6667,-14161.401806
21.6667,14.6667,-16067.310368
21.8333,14.6667,-17324.648542
22.0000,14.6667,-17765.663309
22.1667,14.6667,-17329.695083
22.3333,14.6667,-16077.522299
22.5000,14.6667,-14176.820583
22.6667,14.6667,-11863.809185
22.8333,14.6667,-9393.657746
23.0000,14.6667,-6994.058839
23.1667,14.6667,-4833.033657
23.3333,14.6667,-3006.033059
23.5000,14.6667,-1541.124387
23.6667,14.6667,-416.332182
23.8333,14.6667,418.699099
24.0000,14.6667,1023.441341
24.1667,14.6667,1453.359919
24.3333,14.6667,1753.531747
24.5000,14.6667,1957.502271
24.6667,14.6667,2089.102725
24.8333,14.6667,2165.178503
25.0000,14.6667,2197.945360
25.1667,14.6667,2196.548913
25.3333,14.6667,2167.992261
25.5000,14.6667,2117.760356
25.6667,14.6667,2050.319875
25.8333,14.6667,1969.474548
26.0000,14.6667,1878.514332
26.1667,14.6667,1780.213400
26.3333,14.6667,1676.842281
26.5000,14.6667,1570.323706
26.6667,14.6667,1462.501161
26.8333,14.6667,1355.350963
27.0000,14.6667,1250.978787
27.1667,14.6667,1151.386873
27.3333,14.6667,1058.148921
27.5000,14.6667,972.169131
27.6667,14.6667,893.622962
27.8333,14.6667,822.064729
28.0000,14.6667,756.626182
28.1667,14.6667,696.237176
28.3333,14.6667,639.831880
28.5000,14.6667,586.519955
28.6667,14.6667,535.699834
28.8333,14.6667,487.093360
29.0000,14.6667,440.700617
29.1667,14.6667,396.700658
29.3333,14.6667,355.338628
29.5000,14.6667,316.834098
29.6667,14.6667,281.326987
29.8333,14.6667,248.859505
30.0000,14.6667,219.382936
0.0000,14.8333,27.140430
0.1667,14.8333,31.192176
0.3333,14.8333,35.532368
0.5000,14.8333,40.105659
0.6667,14.8333,44.823794
0.8333,14.8333,49.564237
1.0000,14.8333,54.177561
1.1667,14.8333,58.508539
1.3333,14.8333,62.433902
1.5000,14.8333,65.914417
1.6667,14.8333,69.050966
1.8333,14.8333,72.127065
2.0000,14.8333,75.618329
2.1667,14.8333,80.156353
2.3333,14.8333,86.449529
2.5000,14.8333,95.180431
2.6667,14.8333,106.909651
2.8333,14.8333,122.013011
3.0000,14.8333,140.663704
3.1667,14.8333,162.850523
3.3333,14.8333,188.408369
3.5000,14.8333,217.036050
3.6667,14.8333,248.291448
3.8333,14.8333,281.579693
4.0000,14.8333,316.171849
4.1667,14.8333,351.290997
4.3333,14.8333,386.268486
4.5000,14.8333,420.719197
4.6667,14.8333,454.649343
4.8333,14.8333,488.431279
5.0000,14.8333,522.656111
5.1667,14.8333,557.954586
5.3333,14.8333,594.893092
5.5000,14.8333,633.986582
5.6667,14.8333,675.776400
5.8333,14.8333,720.876286
6.0000,14.8333,769.924380
6.1667,14.8333,823.445105
6.3333,14.8333,881.645379
6.5000,14.8333,944.116463
6.6667,14.8333,1009.333050
6.8333,14.8333,1073.811094
7.0000,14.8333,1130.844526
7.1667,14.8333,1168.862672
7.3333,14.8333,1169.585854
7.5000,14.8333,1106.295234
7.6667,14.8333,942.701028
7.8333,14.8333,633.092463
8.0000,14.8333,124.598689
8.1667,14.8333,-637.692335
8.3333,14.8333,-1702.484973
8.5000,14.8333,-3101.488037
8.6667,14.8333,-4837.689215
8.8333,14.8333,-6875.094185
9.0000,14.8333,-9132.648515
9.1667,14.8333,-11484.765777
9.3333,14.8333,-13769.920323
9.5000,14.8333,-15807.155229
9.6667,14.8333,-17418.434156
9.8333,14.8333,-18453.144515
10.0000,14.8333,-18810.245759
10.1667,14.8333,-18453.732635
10.3333,14.8333,-17418.249755
10.5000,14.8333,-15803.688181
10.6667,14.8333,-13759.927700
10.8333,14.8333,-11464.869287
11.0000,14.8333,-9100.034997
11.1667,14.8333,-6828.156965
11.3333,14.8333,-4776.387859
11.5000,14.8333,-3027.248484
11.6667,14.8333,-1617.633905
11.8333,14.8333,-544.634850
12.0000,14.8333,224.129588
12.1667,14.8333,738.441975
12.3333,14.8333,1054.269368
12.5000,14.8333,1225.200032
12.6667,14.8333,1297.238191
12.8333,14.8333,1306.680977
13.0000,14.8333,1280.228023
13.1667,14.8333,1236.337466
13.3333,14.8333,1187.006284
13.5000,14.8333,1139.456716
13.6667,14.8333,1097.520251
13.8333,14.8333,1062.725204
14.0000,14.8333,1035.171877
14.1667,14.8333,1014.250499
14.3333,14.8333,999.195237
14.5000,14.8333,989.440981
14.6667,14.8333,984.777322
14.8333,14.8333,985.342249
15.0000,14.8333,991.522260
15.1667,14.8333,1003.811632
15.3333,14.8333,1022.655227
15.5000,14.8333,1048.292321
15.6667,14.8333,1080.641187
15.8333,14.8333,1119.282815
16.0000,14.8333,1163.578977
16.1667,14.8333,1212.892654
16.3333,14.8333,1266.809239
16.5000,14.8333,1325.238172
16.6667,14.8333,1388.328630
16.8333,14.8333,1456.232890
17.0000,14.8333,1528.838938
17.1667,14.8333,1605.610814
17.3333,14.8333,1685.598931
17.5000,14.8333,1767.557296
17.6667,14.8333,1850.023164
17.8333,14.8333,1931.249975
18.0000,14.8333,2009.019337
18.1667,14.8333,2080.479938
18.3333,14.8333,2142.153537
18.5000,14.8333,2190.104801
18.6667,14.8333,2220.113526
18.8333,14.8333,2227.653688
19.0000,14.8333,2207.595089
19.1667,14.8333,2153.668258
19.3333,14.8333,2057.712732
19.5000,14.8333,1908.556866
19.6667,14.8333,1690.245966
19.8333,14.8333,1379.500951
20.0000,14.8333,942.869493
20.1667,14.8333,334.879357
20.3333,14.8333,-500.742841
20.5000,14.8333,-1624.516607
20.6667,14.8333,-3087.854462
20.8333,14.8333,-4913.578291
21.0000,14.8333,-7074.118252
21.1667,14.8333,-9474.160008
21.3333,14.8333,-11945.571102
21.5000,14.8333,-14260.489100
21.6667,14.8333,-16163.698391
21.8333,14.8333,-17419.146913
22.0000,14.8333,-17859.482914
22.1667,14.8333,-17424.218234
22.3333,14.8333,-16174.025300
22.5000,14.8333,-14276.212542
22.6667,14.8333,-11966.448176
22.8333,14.8333,-9499.286218
23.0000,14.8333,-7101.869222
23.1667,14.8333,-4941.840408
23.3333,14.8333,-3114.499523
23.5000,14.8333,-1647.981915
23.6667,14.8333,-520.538731
23.8333,14.8333,317.888500
24.0000,14.8333,926.490065
24.1667,14.8333,1360.524674
24.3333,14.8333,1664.958020
24.5000,14.8333,1873.303229
24.6667,14.8333,2009.398722
24.8333,14.8333,2090.093986
25.0000,14.8333,2127.575921
25.1667,14.8333,2130.917546
25.3333,14.8333,2107.011638
25.5000,14.8333,2061.212224
25.6667,14.8333,1997.858045
25.8333,14.8333,1920.653998
26.0000,14.8333,1832.843303
26.1667,14.8333,1737.217387
26.3333,14.8333,1636.122628
26.5000,14.8333,1531.594388
26.6667,14.8333,1425.596392
26.8333,14.8333,1320.208469
27.0000,14.8333,1217.610850
27.1667,14.8333,1119.849831
27.3333,14.8333,1028.515094
27.5000,14.8333,944.500163
27.6667,14.8333,867.944667
27.8333,14.8333,798.348223
28.0000,14.8333,734.782384
28.1667,14.8333,676.128147
28.3333,14.8333,621.294934
28.5000,14.8333,569.394660
28.6667,14.8333,519.847951
28.8333,14.8333,472.406772
29.0000,14.8333,427.098483
29.1667,14.8333,384.120740
29.3333,14.8333,343.727899
29.5000,14.8333,306.141786
29.6667,14.8333,271.500930
29.8333,14.8333,239.845217
30.0000,14.8333,211.124314
0.0000,15.0000,25.978369
0.1667,15.0000,29.852959
0.3333,15.0000,33.971351
0.5000,15.0000,38.264623
0.6667,15.0000,42.628213
0.8333,15.0000,46.920986
1.0000,15.0000,50.973751
1.1667,15.0000,54.612475
1.3333,15.0000,57.699444
1.5000,15.0000,60.190086
1.6667,15.0000,62.194746
1.8333,15.0000,64.026602
2.0000,15.0000,66.214234
2.1667,15.0000,69.464074
2.3333,15.0000,74.573962
2.5000,15.0000,82.318163
2.6667,15.0000,93.336684
2.8333,15.0000,108.059881
3.0000,15.0000,126.683185
3.1667,15.0000,149.184271
3.3333,15.0000,175.357595
3.5000,15.0000,204.838605
3.6667,15.0000,237.104800
3.8333,15.0000,271.467474
4.0000,15.0000,307.092161
4.1667,15.0000,343.087724
4.3333,15.0000,378.671000
4.5000,15.0000,413.357651
4.6667,15.0000,447.089598
4.8333,15.0000,480.225555
5.0000,15.0000,513.396602
5.1667,15.0000,547.312605
5.3333,15.0000,582.629904
5.5000,15.0000,619.933872
5.6667,15.0000,659.799550
5.8333,15.0000,702.844097
6.0000,15.0000,749.707836
6.1667,15.0000,800.956442
6.3333,15.0000,856.917248
6.5000,15.0000,917.422410
6.6667,15.0000,981.370143
6.8333,15.0000,1045.996316
7.0000,15.0000,1105.802871
7.1667,15.0000,1151.190793
7.3333,15.0000,1166.949253
7.5000,15.0000,1130.852204
7.6667,15.0000,1012.739602
7.8333,15.0000,774.623643
8.0000,15.0000,372.495125
8.1667,15.0000,-239.537300
8.3333,15.0000,-1102.507633
8.5000,15.0000,-2243.681139
8.6667,15.0000,-3666.741247
8.8333,15.0000,-5343.049971
9.0000,15.0000,-7206.286193
9.1667,15.0000,-9152.578236
9.3333,15.0000,-11047.457348
9.5000,15.0000,-12739.586976
9.6667,15.0000,-14079.562633
9.8333,15.0000,-14940.660947
10.0000,15.0000,-15237.683869
10.1667,15.0000,-14940.164948
10.3333,15.0000,-14077.193584
10.5000,15.0000,-12732.834648
10.6667,15.0000,-11033.145323
10.8333,15.0000,-9127.506122
11.0000,15.0000,-7167.949411
11.1667,15.0000,-5290.267248
11.3333,15.0000,-3599.973433
11.5000,15.0000,-2164.875854
11.6667,15.0000,-1014.472737
11.8333,15.0000,-145.053833
12.0000,15.0000,471.491664
12.1667,15.0000,877.510530
12.3333,15.0000,1120.212667
12.5000,15.0000,1244.557065
12.6667,15.0000,1288.956545
12.8333,15.0000,1283.562065
13.0000,15.0000,1250.416484
13.1667,15.0000,1204.647925
13.3333,15.0000,1156.002648
13.5000,15.0000,1110.274261
13.6667,15.0000,1070.457799
13.8333,15.0000,1037.648051
14.0000,15.0000,1011.766979
14.1667,15.0000,992.170957
14.3333,15.0000,978.125226
14.5000,15.0000,969.107073
14.6667,15.0000,964.928550
14.8333,15.0000,965.718957
15.0000,15.0000,971.831044
15.1667,15.0000,983.718205
15.3333,15.0000,1001.798260
15.5000,15.0000,1026.311212
15.6667,15.0000,1057.203383
15.8333,15.0000,1094.095854
16.0000,15.0000,1136.379932
16.1667,15.0000,1183.419863
16.3333,15.0000,1234.771361
16.5000,15.0000,1290.297723
16.6667,15.0000,1350.110378
16.8333,15.0000,1414.356407
17.0000,15.0000,1482.965461
17.1667,15.0000,1555.490951
17.3333,15.0000,1631.109276
17.5000,15.0000,1708.718296
17.6667,15.0000,1786.995198
17.8333,15.0000,1864.308433
18.0000,15.0000,1938.512494
18.1667,15.0000,2006.775888
18.3333,15.0000,2065.584393
18.5000,15.0000,2110.917013
18.6667,15.0000,2138.432071
18.8333,15.0000,2143.465236
19.0000,15.0000,2120.752247
19.1667,15.0000,2063.914493
19.3333,15.0000,1964.725410
19.5000,15.0000,1812.003496
19.6667,15.0000,1589.846659
19.8333,15.0000,1275.089723
20.0000,15.0000,834.449212
20.1667,15.0000,222.668230
20.3333,15.0000,-616.274885
20.5000,15.0000,-1742.628269
20.6667,15.0000,-3207.545245
20.8333,15.0000,-5033.652522
21.0000,15.0000,-7193.314280
21.1667,15.0000,-9591.337249
21.3333,15.0000,-12059.920482
21.5000,15.0000,-14371.712475
21.6667,15.0000,-16272.100935
21.8333,15.0000,-17525.605252
22.0000,15.0000,-17965.284435
22.1667,15.0000,-17530.802620
22.3333,15.0000,-16282.686927
22.5000,15.0000,-14387.833612
22.6667,15.0000,-12081.324257
22.8333,15.0000,-9617.081050
23.0000,15.0000,-7221.701218
23.1667,15.0000,-5062.468845
23.3333,15.0000,-3234.554279
23.5000,15.0000,-1766.174909
23.6667,15.0000,-635.809487
23.8333,15.0000,206.313781
24.0000,15.0000,819.118240
24.1667,15.0000,1257.666185
24.3333,15.0000,1566.811953
24.5000,15.0000,1780.024676
24.6667,15.0000,1921.129749
24.8333,15.0000,2006.956792
25.0000,15.0000,2049.640403
25.1667,15.0000,2058.160825
25.3333,15.0000,2039.284897
25.5000,15.0000,1998.225493
25.6667,15.0000,1939.189911
25.8333,15.0000,1865.789910
26.0000,15.0000,1781.239803
26.1667,15.0000,1688.379572
26.3333,15.0000,1589.673400
26.5000,15.0000,1487.313834
26.6667,15.0000,1383.420569
26.8333,15.0000,1280.193088
27.0000,15.0000,1179.876919
27.1667,15.0000,1084.529301
27.3333,15.0000,995.707392
27.5000,15.0000,914.242688
27.6667,15.0000,840.197037
27.8333,15.0000,772.990717
28.0000,15.0000,711.629361
28.1667,15.0000,654.954372
28.3333,15.0000,601.867969
28.5000,15.0000,551.503707
28.6667,15.0000,503.321292
28.8333,15.0000,457.115356
29.0000,15.0000,412.948776
29.1667,15.0000,371.042693
29.3333,15.0000,331.663352
29.5000,15.0000,295.036234
29.6667,15.0000,261.299196
29.8333,15.0000,230.490188
30.0000,15.0000,202.557467
0.0000,15.1667,24.691675
0.1667,15.1667,28.362647
0.3333,15.1667,32.228696
0.5000,15.1667,36.207783
0.6667,15.1667,40.180048
0.8333,15.1667,43.987436
1.0000,15.1667,47.443414
1.1667,15.1667,50.358280
1.3333,15.1667,52.583554
1.5000,15.1667,54.073195
1.6667,15.1667,54.950436
1.8333,15.1667,55.560127
2.0000,15.1667,56.483127
2.1667,15.1667,58.495946
2.3333,15.1667,62.476116
2.5000,15.1667,69.275115
2.6667,15.1667,79.595163
2.8333,15.1667,93.904572
3.0000,15.1667,112.408444
3.1667,15.1667,135.066375
3.3333,15.1667,161.630141
3.5000,15.1667,191.672211
3.6667,15.1667,224.592110
3.8333,15.1667,259.614493
4.0000,15.1667,295.816033
4.1667,15.1667,332.219748
4.3333,15.1667,367.963842
4.5000,15.1667,402.498142
4.6667,15.1667,435.721136
4.8333,15.1667,467.982966
5.0000,15.1667,499.949422
5.1667,15.1667,532.403355
5.3333,15.1667,566.089837
5.5000,15.1667,601.666216
5.6667,15.1667,639.737792
5.8333,15.1667,680.909523
6.0000,15.1667,725.794283
6.1667,15.1667,774.958685
6.3333,15.1667,828.804072
6.5000,15.1667,887.352899
6.6667,15.1667,949.870349
6.8333,15.1667,1014.245961
7.0000,15.1667,1076.109953
7.1667,15.1667,1127.738220
7.3333,15.1667,1156.871156
7.5000,15.1667,1145.633498
7.6667,15.1667,1069.829122
7.8333,15.1667,899.014193
8.0000,15.1667,597.874840
8.1667,15.1667,129.427948
8.3333,15.1667,-539.700433
8.5000,15.1667,-1432.200837
8.6667,15.1667,-2552.166698
8.8333,15.1667,-3877.897197
9.0000,15.1667,-5357.299698
9.1667,15.1667,-6907.683566
9.3333,15.1667,-8421.125148
9.5000,15.1667,-9775.457129
9.6667,15.1667,-10849.543788
9.8333,15.1667,-11540.293473
10.0000,15.1667,-11778.206912
10.1667,15.1667,-11538.325992
10.3333,15.1667,-10844.261290
10.5000,15.1667,-9764.426259
10.6667,15.1667,-8401.320210
10.8333,15.1667,-6876.149835
11.0000,15.1667,-5311.877269
11.1667,15.1667,-3817.832589
11.3333,15.1667,-2478.401993
11.5000,15.1667,-1347.183337
11.6667,15.1667,-446.717540
11.8333,15.1667,227.185203
12.0000,15.1667,698.197572
12.1667,15.1667,1001.218925
12.3333,15.1667,1174.818874
12.5000,15.1667,1255.526312
12.6667,15.1667,1274.395078
12.8333,15.1667,1255.654962
13.0000,15.1667,1216.882571
13.1667,15.1667,1170.018898
13.3333,15.1667,1122.653157
13.5000,15.1667,1079.201508
13.6667,15.1667,1041.843240
13.8333,15.1667,1011.244355
14.0000,15.1667,987.151226
14.1667,15.1667,968.897036
14.3333,15.1667,955.799543
14.5000,15.1667,947.405980
14.6667,15.1667,943.575097
14.8333,15.1667,944.439206
15.0000,15.1667,950.312141
15.1667,15.1667,961.587644
15.3333,15.1667,978.634422
15.5000,15.1667,1001.681281
15.6667,15.1667,1030.711357
15.8333,15.1667,1065.417492
16.0000,15.1667,1105.267492
16.1667,15.1667,1149.675190
16.3333,15.1667,1198.202441
16.5000,15.1667,1250.681624
16.6667,15.1667,1307.180806
16.8333,15.1667,1367.821286
17.0000,15.1667,1432.546773
17.1667,15.1667,1500.971409
17.3333,15.1667,1572.369736
17.5000,15.1667,1645.754809
17.6667,15.1667,1719.912241
17.8333,15.1667,1793.291930
18.0000,15.1667,1863.790349
18.1667,15.1667,1928.574398
18.3333,15.1667,1984.087473
18.5000,15.1667,2026.233436
18.6667,15.1667,2050.574526
18.8333,15.1667,2052.343828
19.0000,15.1667,2026.183481
19.1667,15.1667,1965.644869
19.3333,15.1667,1862.466659
19.5000,15.1667,1705.475177
19.6667,15.1667,1478.822207
19.8333,15.1667,1159.444319
20.0000,15.1667,714.210528
20.1667,15.1667,98.071161
20.3333,15.1667,-744.733661
20.5000,15.1667,-1874.150250
20.6667,15.1667,-3341.029484
20.8333,15.1667,-5167.762005
21.0000,15.1667,-7326.624387
21.1667,15.1667,-9722.553743
21.3333,15.1667,-12188.122062
21.5000,15.1667,-14496.551994
21.6667,15.1667,-16393.901524
21.8333,15.1667,-17645.313111
22.0000,15.1667,-18084.279399
22.1667,15.1667,-17650.607607
22.3333,15.1667,-16404.645703
22.5000,15.1667,-14512.834330
22.6667,15.1667,-12209.631768
22.8333,15.1667,-9748.309225
23.0000,15.1667,-7354.918034
23.1667,15.1667,-5196.393256
23.3333,15.1667,-3367.784779
23.5000,15.1667,-1897.390462
23.6667,15.1667,-763.902326
23.8333,15.1667,82.186185
24.0000,15.1667,699.549650
24.1667,15.1667,1143.059352
24.3333,15.1667,1457.447124
24.5000,15.1667,1676.113737
24.6667,15.1667,1822.841653
24.8333,15.1667,1914.412450
25.0000,15.1667,1962.885538
25.1667,15.1667,1977.130520
25.3333,15.1667,1963.773842
25.5000,15.1667,1927.875853
25.6667,15.1667,1873.506178
25.8333,15.1667,1804.186127
26.0000,15.1667,1723.116361
26.1667,15.1667,1633.214526
26.3333,15.1667,1537.102546
26.5000,15.1667,1437.173025
26.6667,15.1667,1335.736294
26.8333,15.1667,1235.127143
27.0000,15.1667,1137.646686
27.1667,15.1667,1045.329038
27.3333,15.1667,959.649201
27.5000,15.1667,881.325256
27.6667,15.1667,810.301840
27.8333,15.1667,745.900708
28.0000,15.1667,687.062894
28.1667,15.1667,632.605633
28.3333,15.1667,581.444630
28.5000,15.1667,532.753899
28.6667,15.1667,486.045808
28.8333,15.1667,441.165966
29.0000,15.1667,398.217448
29.1667,15.1667,357.447707
29.3333,15.1667,319.136996
29.5000,15.1667,283.516318
29.6667,15.1667,250.724536
29.8333,15.1667,220.799049
30.0000,15.1667,193.687752
0.0000,15.3333,23.300507
0.1667,15.3333,26.750127
0.3333,15.3333,30.345155
0.5000,15.3333,33.991645
0.6667,15.3333,37.556284
0.8333,15.3333,40.866703
1.0000,15.3333,43.722468
1.1667,15.3333,45.922428
1.3333,15.3333,47.312018
1.5000,15.3333,47.848124
1.6667,15.3333,47.669709
1.8333,15.3333,47.152977
2.0000,15.3333,46.926022
2.1667,15.3333,47.824883
2.3333,15.3333,50.791301
2.5000,15.3333,56.735628
2.6667,15.3333,66.404082
2.8333,15.3333,80.287703
3.0000,15.3333,98.590565
3.1667,15.3333,121.247753
3.3333,15.3333,147.964624
3.5000,15.3333,178.248470
3.6667,15.3333,211.421414
3.8333,15.3333,246.629105
4.0000,15.3333,282.879331
4.1667,15.3333,319.143604
4.3333,15.3333,354.525388
4.5000,15.3333,388.451228
4.6667,15.3333,420.806036
4.8333,15.3333,451.943524
5.0000,15.3333,482.562440
5.1667,15.3333,513.511692
5.3333,15.3333,545.619322
5.5000,15.3333,579.609525
5.6667,15.3333,616.107360
5.8333,15.3333,655.683603
6.0000,15.3333,698.888407
6.1667,15.3333,746.243254
6.3333,15.3333,798.169687
6.5000,15.3333,854.818412
6.6667,15.3333,915.745508
6.8333,15.3333,979.393429
7.0000,15.3333,1042.380544
7.1667,15.3333,1098.659472
7.3333,15.3333,1138.643542
7.5000,15.3333,1148.428350
7.6667,15.3333,1109.288241
7.8333,15.3333,997.727583
8.0000,15.3333,786.477979
8.1667,15.3333,446.853631
8.3333,15.3333,-47.299433
8.5000,15.3333,-714.219520
8.6667,15.3333,-1558.090729
8.8333,15.3333,-2563.322255
9.0000,15.3333,-3690.726397
9.1667,15.3333,-4877.061619
9.3333,15.3333,-6038.960467
9.5000,15.3333,-7081.375485
9.6667,15.3333,-7909.548184
9.8333,15.3333,-8442.497214
10.0000,15.3333,-8625.446972
10.1667,15.3333,-8438.632290
10.3333,15.3333,-7900.562536
10.5000,15.3333,-7065.019825
10.6667,15.3333,-6012.483783
10.8333,15.3333,-4837.865940
11.0000,15.3333,-3637.072398
11.1667,15.3333,-2494.915326
11.3333,15.3333,-1476.344726
11.5000,15.3333,-622.047295
11.6667,15.3333,51.568811
11.8333,15.3333,548.835266
12.0000,15.3333,889.077981
12.1667,15.3333,1100.157643
12.3333,15.3333,1212.595780
12.5000,15.3333,1255.143767
12.6667,15.3333,1252.118037
12.8333,15.3333,1222.362991
13.0000,15.3333,1179.414956
13.1667,15.3333,1132.341638
13.3333,15.3333,1086.788379
13.5000,15.3333,1045.925819
13.6667,15.3333,1011.191182
13.8333,15.3333,982.860041
14.0000,15.3333,960.525772
14.1667,15.3333,943.518257
14.3333,15.3333,931.229802
14.5000,15.3333,923.299204
14.6667,15.3333,919.646843
14.8333,15.3333,920.411097
15.0000,15.3333,925.857556
15.1667,15.3333,936.303627
15.3333,15.3333,952.053720
15.5000,15.3333,973.321048
15.6667,15.3333,1000.137992
15.8333,15.3333,1032.298511
16.0000,15.3333,1069.386965
16.1667,15.3333,1110.907299
16.3333,15.3333,1156.458297
16.5000,15.3333,1205.855888
16.6667,15.3333,1259.121558
16.8333,15.3333,1316.332858
17.0000,15.3333,1377.419708
17.1667,15.3333,1442.023412
17.3333,15.3333,1509.479586
17.5000,15.3333,1578.876622
17.6667,15.3333,1649.066964
17.8333,15.3333,1718.541719
18.0000,15.3333,1785.205745
18.1667,15.3333,1846.203225
18.3333,15.3333,1897.930593
18.5000,15.3333,1936.229245
18.6667,15.3333,1956.592991
18.8333,15.3333,1954.190956
19.0000,15.3333,1923.616618
19.1667,15.3333,1858.397135
19.3333,15.3333,1750.276459
19.5000,15.3333,1588.116311
19.6667,15.3333,1356.133235
19.8333,15.3333,1031.361225
20.0000,15.3333,580.810334
20.1667,15.3333,-40.368607
20.3333,15.3333,-887.665306
20.5000,15.3333,-2020.697144
20.6667,15.3333,-3489.972308
20.8333,15.3333,-5317.605323
21.0000,15.3333,-7475.761534
21.1667,15.3333,-9869.513847
21.3333,15.3333,-12331.845178
21.5000,15.3333,-14636.615497
21.6667,15.3333,-16530.625540
21.8333,15.3333,-17779.703882
22.0000,15.3333,-18217.815171
22.1667,15.3333,-17784.916607
22.3333,15.3333,-16541.155984
22.5000,15.3333,-14652.481324
22.6667,15.3333,-12352.689382
22.8333,15.3333,-9894.371947
23.0000,15.3333,-7503.018552
23.1667,15.3333,-5345.206733
23.3333,15.3333,-3515.856333
23.5000,15.3333,-2043.329064
23.6667,15.3333,-906.507162
23.8333,15.3333,-56.127086
24.0000,15.3333,566.248116
24.1667,15.3333,1015.291063
24.3333,15.3333,1335.584034
24.5000,15.3333,1560.420129
24.6667,15.3333,1713.498389
24.8333,15.3333,1811.519937
25.0000,15.3333,1866.448157
25.1667,15.3333,1887.030784
25.3333,15.3333,1879.748276
25.5000,15.3333,1849.506009
25.6667,15.3333,1800.236898
25.8333,15.3333,1735.378175
26.0000,15.3333,1658.130542
26.1667,15.3333,1571.510698
26.3333,15.3333,1478.325464
26.5000,15.3333,1381.195887
26.6667,15.3333,1282.645765
26.8333,15.3333,1185.154940
27.0000,15.3333,1091.071199
27.1667,15.3333,1002.377515
27.3333,15.3333,920.426048
27.5000,15.3333,845.779976
27.6667,15.3333,778.236875
27.8333,15.3333,717.009156
28.0000,15.3333,660.980698
28.1667,15.3333,608.962942
28.3333,15.3333,559.905142
28.5000,15.3333,513.037003
28.6667,15.3333,467.932017
28.8333,15.3333,424.490080
29.0000,15.3333,382.855448
29.1667,15.3333,343.302729
29.3333,15.3333,306.127790
29.5000,15.3333,271.569444
29.6667,15.3333,239.770037
29.8333,15.3333,210.768645
30.0000,15.3333,184.514517
0.0000,15.5000,21.834151
0.1667,15.5000,25.056089
0.3333,15.5000,28.376514
0.5000,15.5000,31.691584
0.6667,15.5000,34.857248
0.8333,15.5000,37.690360
1.0000,15.5000,39.980991
1.1667,15.5000,41.521665
1.3333,15.5000,42.157012
1.5000,15.5000,41.851092
1.6667,15.5000,40.759985
1.8333,15.5000,39.287661
2.0000,15.5000,38.099392
2.1667,15.5000,38.074349
2.3333,15.5000,40.197999
2.5000,15.5000,45.418767
2.6667,15.5000,54.509459
2.8333,15.5000,67.971755
3.0000,15.5000,86.001418
3.1667,15.5000,108.504327
3.3333,15.5000,135.135257
3.5000,15.5000,165.332700
3.6667,15.5000,198.341305
3.8333,15.5000,233.236498
4.0000,15.5000,268.979851
4.1667,15.5000,304.529011
4.3333,15.5000,338.999992
4.5000,15.5000,371.842254
4.6667,15.5000,402.960983
4.8333,15.5000,432.729178
5.0000,15.5000,461.878396
5.1667,15.5000,491.314980
5.3333,15.5000,521.939284
5.5000,15.5000,554.530661
5.6667,15.5000,589.717297
5.8333,15.5000,628.009604
6.0000,15.5000,669.857745
6.1667,15.5000,715.691501
6.3333,15.5000,765.898679
6.5000,15.5000,820.695085
6.6667,15.5000,879.847091
6.8333,15.5000,942.236506
7.0000,15.5000,1005.300170
7.1667,15.5000,1064.410954
7.3333,15.5000,1112.275613
7.5000,15.5000,1138.422925
7.6667,15.5000,1128.880507
7.8333,15.5000,1066.214723
8.0000,15.5000,930.209136
8.1667,15.5000,699.500280
8.3333,15.5000,354.384545
8.5000,15.5000,-119.267315
8.6667,15.5000,-725.439647
8.8333,15.5000,-1453.588965
9.0000,15.5000,-2275.568636
9.1667,15.5000,-3145.019606
9.3333,15.5000,-4000.080992
9.5000,15.5000,-4769.607409
9.6667,15.5000,-5382.197965
9.8333,15.5000,-5776.523361
10.0000,15.5000,-5910.939467
10.1667,15.5000,-5770.347036
10.3333,15.5000,-5368.755354
10.5000,15.5000,-4746.962851
10.6667,15.5000,-3965.912278
10.8333,15.5000,-3097.230664
11.0000,15.5000,-2212.949543
11.1667,15.5000,-1376.360741
11.3333,15.5000,-635.490292
11.5000,15.5000,-19.933175
11.6667,15.5000,458.997892
11.8333,15.5000,805.488034
12.0000,15.5000,1034.839498
12.1667,15.5000,1168.608823
12.3333,15.5000,1230.206124
12.5000,15.5000,1241.570959
12.6667,15.5000,1221.162048
12.8333,15.5000,1183.173303
13.0000,15.5000,1137.673558
13.1667,15.5000,1091.276046
13.3333,15.5000,1047.969055
13.5000,15.5000,1009.861053
13.6667,15.5000,977.757058
13.8333,15.5000,951.605862
14.0000,15.5000,930.886425
14.1667,15.5000,914.951990
14.3333,15.5000,903.289416
14.5000,15.5000,895.642146
14.6667,15.5000,891.996301
14.8333,15.5000,892.491117
15.0000,15.5000,897.332387
15.1667,15.5000,906.748811
15.3333,15.5000,920.973270
15.5000,15.5000,940.205707
15.6667,15.5000,964.541341
15.8333,15.5000,993.898727
16.0000,15.5000,1028.007972
16.1667,15.5000,1066.492112
16.3333,15.5000,1109.009676
16.5000,15.5000,1155.372536
16.6667,15.5000,1205.555740
16.8333,15.5000,1259.581193
17.0000,15.5000,1317.342195
17.1667,15.5000,1378.474740
17.3333,15.5000,1442.334820
17.5000,15.5000,1508.039533
17.6667,15.5000,1574.459399
17.8333,15.5000,1640.081223
18.0000,15.5000,1702.782062
18.1667,15.5000,1759.661832
18.3333,15.5000,1807.066135
18.5000,15.5000,1840.787841
18.6667,15.5000,1856.281631
18.8333,15.5000,1848.693380
19.0000,15.5000,1812.615225
19.1667,15.5000,1741.598450
19.3333,15.5000,1627.435311
19.5000,15.5000,1459.054554
19.6667,15.5000,1220.754305
19.8333,15.5000,889.669468
20.0000,15.5000,432.947904
20.1667,15.5000,-194.059626
20.3333,15.5000,-1046.562542
20.5000,15.5000,-2183.825524
20.6667,15.5000,-3655.980457
20.8333,15.5000,-5484.832049
21.0000,15.5000,-7642.413168
21.1667,15.5000,-10033.934618
21.3333,15.5000,-12492.820745
21.5000,15.5000,-14793.624568
21.6667,15.5000,-16683.959578
21.8333,15.5000,-17930.409107
22.0000,15.5000,-18367.461567
22.1667,15.5000,-17935.248499
22.3333,15.5000,-16693.712306
22.5000,15.5000,-14808.279818
22.6667,15.5000,-12512.045584
22.8333,15.5000,-10056.880054
23.0000,15.5000,-7667.674069
23.1667,15.5000,-5510.616437
23.3333,15.5000,-3680.469002
23.5000,15.5000,-2205.631072
23.6667,15.5000,-1065.152737
23.8333,15.5000,-210.001102
24.0000,15.5000,418.018300
24.1667,15.5000,873.353297
24.3333,15.5000,1200.391795
24.5000,15.5000,1432.265195
24.6667,15.5000,1592.538696
24.8333,15.5000,1697.796712
25.0000,15.5000,1759.888871
25.1667,15.5000,1787.439851
25.3333,15.5000,1786.794150
25.5000,15.5000,1762.718067
25.6667,15.5000,1719.025781
25.8333,15.5000,1659.087847
26.0000,15.5000,1586.119721
26.1667,15.5000,1503.247786
26.3333,15.5000,1413.470259
26.5000,15.5000,1319.640068
26.6667,15.5000,1224.495503
26.8333,15.5000,1130.658724
27.0000,15.5000,1040.514733
27.1667,15.5000,955.977354
27.3333,15.5000,878.251747
27.5000,15.5000,807.722934
27.6667,15.5000,744.027505
27.8333,15.5000,686.268720
28.0000,15.5000,633.286007
28.1667,15.5000,583.903409
28.3333,15.5000,537.120058
28.5000,15.5000,492.230912
28.6667,15.5000,448.873148
28.8333,15.5000,406.999360
29.0000,15.5000,366.792627
29.1667,15.5000,328.553754
29.3333,15.5000,292.595188
29.5000,15.5000,259.165894
29.6667,15.5000,228.414546
29.8333,15.5000,200.384545
30.0000,15.5000,175.028605
0.0000,15.6667,20.325096
0.1667,15.6667,23.324875
0.3333,15.6667,26.382580
0.5000,15.6667,29.387215
0.6667,15.6667,32.187480
0.8333,15.6667,34.593769
1.0000,15.6667,36.391793
1.1667,15.6667,37.373426
1.3333,15.6667,37.387899
1.5000,15.6667,36.410026
1.6667,15.6667,34.612510
1.8333,15.6667,32.420185
2.0000,15.6667,30.520907
2.1667,15.6667,29.815679
2.3333,15.6667,31.309291
2.5000,15.6667,35.965795
2.6667,15.6667,44.568320
2.8333,15.6667,57.620382
3.0000,15.6667,75.306084
3.1667,15.6667,97.500644
3.3333,15.6667,123.806306
3.5000,15.6667,153.591033
3.6667,15.6667,186.024323
3.8333,15.6667,220.122860
4.0000,15.6667,254.826293
4.1667,15.6667,289.115277
4.3333,15.6667,322.162599
4.5000,15.6667,353.483215
4.6667,15.6667,383.034250
4.8333,15.6667,411.223320
5.0000,15.6667,438.814438
5.1667,15.6667,466.760577
5.3333,15.6667,496.018892
5.5000,15.6667,527.406329
5.6667,15.6667,561.533471
5.8333,15.6667,598.823763
6.0000,15.6667,639.593337
6.1667,15.6667,684.139157
6.3333,15.6667,732.767743
6.5000,15.6667,785.703758
6.6667,15.6667,842.850431
6.8333,15.6667,903.420729
7.0000,15.6667,965.498681
7.1667,15.6667,1025.604153
7.3333,15.6667,1078.316471
7.5000,15.6667,1115.985462
7.6667,15.6667,1128.561592
7.8333,15.6667,1103.633865
8.0000,15.6667,1026.856383
8.1667,15.6667,883.004254
8.3333,15.6667,657.849977
8.5000,15.6667,340.867120
8.6667,15.6667,-71.512259
8.8333,15.6667,-572.663672
9.0000,15.6667,-1143.374621
9.1667,15.6667,-1751.171841
9.3333,15.6667,-2352.064122
9.5000,15.6667,-2894.914216
9.6667,15.6667,-3327.987811
9.8333,15.6667,-3606.581836
10.0000,15.6667,-3700.212859
10.1667,15.6667,-3597.787903
10.3333,15.6667,-3309.550759
10.5000,15.6667,-2865.343773
10.6667,15.6667,-2309.625203
10.8333,15.6667,-1694.421770
11.0000,15.6667,-1071.749198
11.1667,15.6667,-486.962429
11.3333,15.6667,25.899717
11.5000,15.6667,446.282151
11.6667,15.6667,766.879549
11.8333,15.6667,991.531314
12.0000,15.6667,1132.012444
12.1667,15.6667,1204.513880
12.3333,15.6667,1226.465950
12.5000,15.6667,1214.125534
12.6667,15.6667,1181.098042
12.8333,15.6667,1137.750548
13.0000,15.6667,1091.317344
13.1667,15.6667,1046.415773
13.3333,15.6667,1005.690569
13.5000,15.6667,970.390699
13.6667,15.6667,940.814442
13.8333,15.6667,916.660239
14.0000,15.6667,897.339700
14.1667,15.6667,882.258212
14.3333,15.6667,871.012731
14.5000,15.6667,863.456257
14.6667,15.6667,859.637766
14.8333,15.6667,859.690597
15.0000,15.6667,863.754303
15.1667,15.6667,871.965843
15.3333,15.6667,884.488124
15.5000,15.6667,901.513546
15.6667,15.6667,923.209062
15.8333,15.6667,949.629074
16.0000,15.6667,980.662291
16.1667,15.6667,1016.064228
16.3333,15.6667,1055.565509
16.5000,15.6667,1098.983331
16.6667,15.6667,1146.250613
16.8333,15.6667,1197.330434
17.0000,15.6667,1252.066226
17.1667,15.6667,1310.063377
17.3333,15.6667,1370.660844
17.5000,15.6667,1432.957643
17.6667,15.6667,1495.791588
17.8333,15.6667,1557.597276
18.0000,15.6667,1616.185736
18.1667,15.6667,1668.589418
18.3333,15.6667,1711.097976
18.5000,15.6667,1739.469035
18.6667,15.6667,1749.147614
18.8333,15.6667,1735.297694
19.0000,15.6667,1692.557617
19.1667,15.6667,1614.550143
19.3333,15.6667,1493.156914
19.5000,15.6667,1317.404229
19.6667,15.6667,1071.690678
19.8333,15.6667,733.261901
20.0000,15.6667,269.409582
20.1667,15.6667,-364.307583
20.3333,15.6667,-1222.804728
20.5000,15.6667,-2364.972955
20.6667,15.6667,-3840.542635
20.8333,15.6667,-5670.984498
21.0000,15.6667,-7828.183015
21.1667,15.6667,-10217.486673
21.3333,15.6667,-12672.782380
21.5000,15.6667,-14969.360046
21.6667,15.6667,-16855.707656
21.8333,15.6667,-18099.231851
22.0000,15.6667,-18535.005336
22.1667,15.6667,-18103.372551
22.3333,15.6667,-16864.078756
22.5000,15.6667,-14982.007436
22.6667,15.6667,-12689.505651
22.8333,15.6667,-10237.665249
23.0000,15.6667,-7850.720013
23.1667,15.6667,-5694.418426
23.3333,15.6667,-3863.323904
23.5000,15.6667,-2385.846313
23.6667,15.6667,-1241.191840
23.8333,15.6667,-380.564163
24.0000,15.6667,253.962915
24.1667,15.6667,716.567064
24.3333,15.6667,1051.381801
24.5000,15.6667,1291.312156
24.6667,15.6667,1459.732710
24.8333,15.6667,1573.073162
25.0000,15.6667,1643.055698
25.1667,15.6667,1678.191795
25.3333,15.6667,1684.717808
25.5000,15.6667,1667.298784
25.6667,15.6667,1629.669297
25.8333,15.6667,1575.165212
26.0000,15.6667,1507.034513
26.1667,15.6667,1428.513246
26.3333,15.6667,1342.775003
26.5000,15.6667,1252.879458
26.6667,15.6667,1161.753830
26.8333,15.6667,1072.142676
27.0000,15.6667,986.455216
27.1667,15.6667,906.528102
27.3333,15.6667,833.414835
27.5000,15.6667,767.321827
27.6667,15.6667,707.730662
27.8333,15.6667,653.648577
28.0000,15.6667,603.888085
28.1667,15.6667,557.302521
28.3333,15.6667,512.951810
28.5000,15.6667,470.199337
28.6667,15.6667,428.742926
28.8333,15.6667,388.582106
29.0000,15.6667,349.933650
29.1667,15.6667,313.121892
29.3333,15.6667,278.475814
29.5000,15.6667,246.256316
29.6667,15.6667,216.620960
29.8333,15.6667,189.620036
30.0000,15.6667,165.211869
0.0000,15.8333,18.802760
0.1667,15.8333,21.595870
0.3333,15.8333,24.415593
0.5000,15.8333,27.147083
0.6667,15.8333,29.635839
0.8333,15.8333,31.690640
1.0000,15.8333,33.098390
1.1667,15.8333,33.656166
1.3333,15.8333,33.222967
1.5000,15.8333,31.787078
1.6667,15.8333,29.535684
1.8333,15.8333,26.905094
2.0000,15.8333,24.588053
2.1667,15.8333,23.482820
2.3333,15.8333,24.586292
2.5000,15.8333,28.854003
2.6667,15.8333,37.062966
2.8333,15.8333,49.711197
3.0000,15.8333,66.970729
3.1667,15.8333,88.688890
3.3333,15.8333,114.418956
3.5000,15.8333,143.463365
3.6667,15.8333,174.925948
3.8333,15.8333,207.781715
4.0000,15.8333,240.974037
4.1667,15.8333,273.538822
4.3333,15.8333,304.740116
4.5000,15.8333,334.189581
4.6667,15.8333,361.918950
4.8333,15.8333,388.381000
5.0000,15.8333,414.369841
5.1667,15.8333,440.872137
5.3333,15.8333,468.882596
5.5000,15.8333,499.234327
5.6667,15.8333,532.498728
5.8333,15.8333,568.989945
6.0000,15.8333,608.864769
6.1667,15.8333,652.256942
6.3333,15.8333,699.354955
6.5000,15.8333,750.347269
6.6667,15.8333,805.213867
6.8333,15.8333,863.407215
7.0000,15.8333,923.505585
7.1667,15.8333,982.919037
7.3333,15.8333,1037.688659
7.5000,15.8333,1082.373135
7.6667,15.8333,1110.002806
7.8333,15.8333,1112.123354
8.0000,15.8333,1079.035768
8.1667,15.8333,1000.410380
8.3333,15.8333,866.444172
8.5000,15.8333,669.616387
8.6667,15.8333,406.900757
8.8333,15.8333,82.062199
9.0000,15.8333,-292.532561
9.1667,15.8333,-695.245554
9.3333,15.8333,-1096.186890
9.5000,15.8333,-1460.140728
9.6667,15.8333,-1751.128750
9.8333,15.8333,-1937.845361
10.0000,15.8333,-1998.851932
10.1667,15.8333,-1926.344540
10.3333,15.8333,-1727.578275
10.5000,15.8333,-1423.600750
10.6667,15.8333,-1045.635976
10.8333,15.8333,-630.015265
11.0000,15.8333,-212.795450
11.1667,15.8333,174.883970
11.3333,15.8333,509.976243
11.5000,15.8333,778.932480
11.6667,15.8333,977.439763
11.8333,15.8333,1108.890728
12.0000,15.8333,1182.125902
12.1667,15.8333,1208.986677
12.3333,15.8333,1202.107244
12.5000,15.8333,1173.218505
12.6667,15.8333,1132.085015
12.8333,15.8333,1086.065469
13.0000,15.8333,1040.180080
13.1667,15.8333,997.494187
13.3333,15.8333,959.609510
13.5000,15.8333,927.109638
13.6667,15.8333,899.908091
13.8333,15.8333,877.529203
14.0000,15.8333,859.363976
14.1667,15.8333,844.895307
14.3333,15.8333,833.839261
14.5000,15.8333,826.157129
14.6667,15.8333,821.956899
14.8333,15.8333,821.366239
15.0000,15.8333,824.465382
15.1667,15.8333,831.310939
15.3333,15.8333,842.006665
15.5000,15.8333,856.743058
15.6667,15.8333,875.757599
15.8333,15.8333,899.234279
16.0000,15.8333,927.213061
16.1667,15.8333,959.577506
16.3333,15.8333,996.131118
16.5000,15.8333,1036.702234
16.6667,15.8333,1081.189673
16.8333,15.8333,1129.503110
17.0000,15.8333,1181.433349
17.1667,15.8333,1236.539824
17.3333,15.8333,1294.115211
17.5000,15.8333,1353.199828
17.6667,15.8333,1412.552465
17.8333,15.8333,1470.510528
18.0000,15.8333,1524.782098
18.1667,15.8333,1572.308668
18.3333,15.8333,1609.317239
18.5000,15.8333,1631.541262
18.6667,15.8333,1634.443203
18.8333,15.8333,1613.243842
19.0000,15.8333,1562.671480
19.1667,15.8333,1476.462170
19.3333,15.8333,1346.621500
19.5000,15.8333,1162.298723
19.6667,15.8333,908.010924
19.8333,15.8333,561.129163
20.0000,15.8333,89.104219
20.1667,15.8333,-552.279513
20.3333,15.8333,-1417.623069
20.5000,15.8333,-2565.424007
20.6667,15.8333,-4044.993057
20.8333,15.8333,-5877.452282
21.0000,15.8333,-8034.528479
21.1667,15.8333,-10421.707540
21.3333,15.8333,-12873.352959
21.5000,15.8333,-15165.524649
21.6667,15.8333,-17047.637746
21.8333,15.8333,-18287.987491
22.0000,15.8333,-18722.294916
22.1667,15.8333,-18291.163501
22.3333,15.8333,-17054.156378
22.5000,15.8333,-15175.592436
22.6667,15.8333,-12887.018202
22.8333,15.8333,-10438.674244
23.0000,15.8333,-8054.060733
23.1667,15.8333,-5898.420221
23.3333,15.8333,-4066.073340
23.5000,15.8333,-2585.421868
23.6667,15.8333,-1435.834738
23.8333,15.8333,-568.781114
24.0000,15.8333,73.349644
24.1667,15.8333,544.403889
24.3333,15.8333,888.191891
24.5000,15.8333,1137.324330
24.6667,15.8333,1314.928410
24.8333,15.8333,1437.243248
25.0000,15.8333,1515.854817
25.1667,15.8333,1559.180541
25.3333,15.8333,1573.390852
25.5000,15.8333,1563.105260
25.6667,15.8333,1532.035354
25.8333,15.8333,1483.526470
26.0000,15.8333,1420.879676
26.1667,15.8333,1347.432230
26.3333,15.8333,1266.498623
26.5000,15.8333,1181.295706
26.6667,15.8333,1094.889707
26.8333,15.8333,1010.109916
27.0000,15.8333,929.370679
27.1667,15.8333,854.430727
27.3333,15.8333,786.205340
27.5000,15.8333,724.744796
27.6667,15.8333,669.402374
27.8333,15.8333,619.115752
28.0000,15.8333,572.692562
28.1667,15.8333,529.029711
28.3333,15.8333,487.253102
28.5000,15.8333,446.791771
28.6667,15.8333,407.396540
28.8333,15.8333,369.105014
29.0000,15.8333,332.160414
29.1667,15.8333,296.906273
29.3333,15.8333,263.686652
29.5000,15.8333,232.774966
29.6667,15.8333,204.339337
29.8333,15.8333,178.438953
30.0000,15.8333,155.039650
0.0000,16.0000,17.288156
0.1667,16.0000,19.896171
0.3333,16.0000,22.510324
0.5000,16.0000,25.015502
0.6667,16.0000,27.258333
0.8333,16.0000,29.051046
1.0000,16.0000,30.187380
1.1667,16.0000,30.475345
1.3333,16.0000,29.788465
1.5000,16.0000,28.130531
1.6667,16.0000,25.700166
1.8333,16.0000,22.934812
2.0000,16.0000,20.513423
2.1667,16.0000,19.305810
2.3333,16.0000,20.272194
2.5000,16.0000,24.333248
2.6667,16.0000,32.240933
2.8333,16.0000,44.478612
3.0000,16.0000,61.206181
3.1667,16.0000,82.249776
3.3333,16.0000,107.125377
3.5000,16.0000,135.086387
3.6667,16.0000,165.192783
3.8333,16.0000,196.404258
4.0000,16.0000,227.695758
4.1667,16.0000,258.183715
4.3333,16.0000,287.243179
4.5000,16.0000,314.595985
4.6667,16.0000,340.356064
4.8333,16.0000,365.022765
5.0000,16.0000,389.414203
5.1667,16.0000,414.536486
5.3333,16.0000,441.401581
5.5000,16.0000,470.837177
5.6667,16.0000,503.357202
5.8333,16.0000,539.152565
6.0000,16.0000,578.207846
6.1667,16.0000,620.476720
6.3333,16.0000,666.005342
6.5000,16.0000,714.912709
6.6667,16.0000,767.209518
6.8333,16.0000,822.515967
7.0000,16.0000,879.779857
7.1667,16.0000,937.082254
7.3333,16.0000,991.562446
7.5000,16.0000,1039.432744
7.6667,16.0000,1076.026623
7.8333,16.0000,1095.853572
8.0000,16.0000,1092.711321
8.1667,16.0000,1059.983691
8.3333,16.0000,991.272250
8.5000,16.0000,881.446557
8.6667,16.0000,728.063945
8.8333,16.0000,532.937632
9.0000,16.0000,303.469337
9.1667,16.0000,53.273044
9.3333,16.0000,-198.335288
9.5000,16.0000,-428.189692
9.6667,16.0000,-612.326996
9.8333,16.0000,-729.724954
10.0000,16.0000,-765.932530
10.1667,16.0000,-715.724769
10.3333,16.0000,-584.105660
10.5000,16.0000,-385.406962
10.6667,16.0000,-140.743475
10.8333,16.0000,125.511133
11.0000,16.0000,389.405440
11.1667,16.0000,630.519626
11.3333,16.0000,834.029235
11.5000,16.0000,991.556074
11.6667,16.0000,1100.911672
11.8333,16.0000,1165.023211
12.0000,16.0000,1190.408077
12.1667,16.0000,1185.542052
12.3333,16.0000,1159.382864
12.5000,16.0000,1120.213747
12.6667,16.0000,1074.890661
12.8333,16.0000,1028.507899
13.0000,16.0000,984.427499
13.1667,16.0000,944.554294
13.3333,16.0000,909.708375
13.5000,16.0000,879.975657
13.6667,16.0000,854.990857
13.8333,16.0000,834.170844
14.0000,16.0000,816.925238
14.1667,16.0000,802.831776
14.3333,16.0000,791.726688
14.5000,16.0000,783.673870
14.6667,16.0000,778.839379
14.8333,16.0000,777.356728
15.0000,16.0000,779.270231
15.1667,16.0000,784.583130
15.3333,16.0000,793.359600
15.5000,16.0000,805.792634
15.6667,16.0000,822.178267
15.8333,16.0000,842.806854
16.0000,16.0000,867.843710
16.1667,16.0000,897.280201
16.3333,16.0000,930.983240
16.5000,16.0000,968.794035
16.6667,16.0000,1010.586322
16.8333,16.0000,1056.226003
17.0000,16.0000,1105.454444
17.1667,16.0000,1157.776951
17.3333,16.0000,1212.419177
17.5000,16.0000,1268.332090
17.6667,16.0000,1324.159993
17.8333,16.0000,1378.108598
18.0000,16.0000,1427.754694
18.1667,16.0000,1469.930704
18.3333,16.0000,1500.795859
18.5000,16.0000,1516.068414
18.6667,16.0000,1511.250119
18.8333,16.0000,1481.649263
19.0000,16.0000,1422.117543
19.1667,16.0000,1326.534283
19.3333,16.0000,1187.052084
19.5000,16.0000,992.960225
19.6667,16.0000,728.909797
19.8333,16.0000,372.416240
20.0000,16.0000,-108.885775
20.1667,16.0000,-758.957118
20.3333,16.0000,-1632.055992
20.5000,16.0000,-2786.262761
20.6667,16.0000,-4270.452574
20.8333,16.0000,-6105.390378
21.0000,16.0000,-8262.643007
21.1667,16.0000,-10647.838044
21.3333,16.0000,-13095.830237
21.5000,16.0000,-15383.480121
21.6667,16.0000,-17261.179169
21.8333,16.0000,-18498.174104
22.0000,16.0000,-18930.897561
22.1667,16.0000,-18500.257929
22.3333,16.0000,-17265.649039
22.5000,16.0000,-15390.797508
22.6667,16.0000,-13106.384736
22.8333,16.0000,-10661.712321
23.0000,16.0000,-8279.456152
23.1667,16.0000,-6124.279505
23.3333,16.0000,-4290.218728
23.5000,16.0000,-2805.663013
23.6667,16.0000,-1650.172715
23.8333,16.0000,-775.535171
24.0000,16.0000,-124.521744
24.1667,16.0000,356.311005
24.3333,16.0000,710.379936
24.5000,16.0000,969.938493
24.6667,16.0000,1157.817128
24.8333,16.0000,1290.035234
25.0000,16.0000,1378.039282
25.1667,16.0000,1430.177312
25.3333,16.0000,1452.602918
25.5000,16.0000,1449.953893
25.6667,16.0000,1425.983054
25.8333,16.0000,1384.094014
26.0000,16.0000,1327.661322
26.1667,16.0000,1260.109301
26.3333,16.0000,1184.847938
26.5000,16.0000,1105.186876
26.6667,16.0000,1024.265289
26.8333,16.0000,944.946093
27.0000,16.0000,869.623526
27.1667,16.0000,799.981898
27.3333,16.0000,736.825810
27.5000,16.0000,680.091251
27.6667,16.0000,629.047988
27.8333,16.0000,582.602156
28.0000,16.0000,539.581894
28.1667,16.0000,498.939129
28.3333,16.0000,459.865498
28.5000,16.0000,421.847923
28.6667,16.0000,384.679270
28.8333,16.0000,348.424451
29.0000,16.0000,313.344549
29.1667,16.0000,279.796606
29.3333,16.0000,248.136779
29.5000,16.0000,218.650094
29.6667,16.0000,191.515691
29.8333,16.0000,166.802856
30.0000,16.0000,144.486471
0.0000,16.1667,15.790825
0.1667,16.1667,18.236382
0.3333,16.1667,20.678353
0.5000,16.1667,23.004886
0.6667,16.1667,25.067982
0.8333,16.1667,26.688243
1.0000,16.1667,27.671636
1.1667,16.1667,27.842441
1.3333,16.1667,27.093012
1.5000,16.1667,25.444327
1.6667,16.1667,23.103531
1.8333,16.1667,20.499698
2.0000,16.1667,18.280811
2.1667,16.1667,17.263990
2.3333,16.1667,18.344225
2.5000,16.1667,22.378910
2.6667,16.1667,30.071598
2.8333,16.1667,41.876670
3.0000,16.1667,57.938791
3.1667,16.1667,78.071645
3.3333,16.1667,101.774132
3.5000,16.1667,128.281007
3.6667,16.1667,156.645715
3.8333,16.1667,185.850824
4.0000,16.1667,214.934053
4.1667,16.1667,243.110199
4.3333,16.1667,269.868511
4.5000,16.1667,295.033937
4.6667,16.1667,318.791869
4.8333,16.1667,341.677779
5.0000,16.1667,364.522875
5.1667,16.1667,388.338507
5.3333,16.1667,414.136100
5.5000,16.1667,442.720607
5.6667,16.1667,474.537188
5.8333,16.1667,509.650066
6.0000,16.1667,547.871870
6.1667,16.1667,588.972807
6.3333,16.1667,632.844175
6.5000,16.1667,679.512415
6.6667,16.1667,728.984188
6.8333,16.1667,780.992871
7.0000,16.1667,834.759934
7.1667,16.1667,888.864321
7.3333,16.1667,941.247739
7.5000,16.1667,989.313163
7.6667,16.1667,1030.037473
7.8333,16.1667,1060.039297
8.0000,16.1667,1075.612800
8.1667,16.1667,1072.817013
8.3333,16.1667,1047.747755
8.5000,16.1667,997.091054
8.6667,16.1667,918.969735
8.8333,16.1667,813.968703
9.0000,16.1667,686.092667
9.1667,16.1667,543.321338
9.3333,16.1667,397.435097
9.5000,16.1667,262.921356
9.6667,16.1667,155.017626
9.8333,16.1667,87.226612
10.0000,16.1667,68.856206
10.1667,16.1667,103.205525
10.3333,16.1667,186.884235
10.5000,16.1667,310.441865
10.6667,16.1667,460.111121
10.8333,16.1667,620.184128
11.0000,16.1667,775.443665
11.1667,16.1667,913.160682
11.3333,16.1667,1024.365071
11.5000,16.1667,1104.312263
11.6667,16.1667,1152.245633
11.8333,16.1667,1170.662732
12.0000,16.1667,1164.324528
12.1667,16.1667,1139.214631
12.3333,16.1667,1101.591686
12.5000,16.1667,1057.222267
12.6667,16.1667,1010.850091
12.8333,16.1667,965.932504
13.0000,16.1667,924.635143
13.1667,16.1667,888.022678
13.3333,16.1667,856.345276
13.5000,16.1667,829.326988
13.6667,16.1667,806.410033
13.8333,16.1667,786.957171
14.0000,16.1667,770.424698
14.1667,16.1667,756.492004
14.3333,16.1667,745.107901
14.5000,16.1667,736.428931
14.6667,16.1667,730.680258
14.8333,16.1667,728.020746
15.0000,16.1667,728.493575
15.1667,16.1667,732.086461
15.3333,16.1667,738.850314
15.5000,16.1667,748.985743
15.6667,16.1667,762.830268
15.8333,16.1667,780.748355
16.0000,16.1667,802.994523
16.1667,16.1667,829.638631
16.3333,16.1667,860.594785
16.5000,16.1667,895.714029
16.6667,16.1667,934.850136
16.8333,16.1667,977.831148
17.0000,16.1667,1024.349316
17.1667,16.1667,1073.847471
17.3333,16.1667,1125.468105
17.5000,16.1667,1178.052616
17.6667,16.1667,1230.110959
17.8333,16.1667,1279.701122
18.0000,16.1667,1324.258261
18.1667,16.1667,1360.501781
18.3333,16.1667,1384.525795
18.5000,16.1667,1392.042428
18.6667,16.1667,1378.607081
18.8333,16.1667,1339.632464
19.0000,16.1667,1270.109194
19.1667,16.1667,1164.070832
19.3333,16.1667,1013.823446
19.5000,16.1667,808.802438
19.6667,16.1667,533.805127
19.8333,16.1667,166.514832
20.0000,16.1667,-325.214406
20.1667,16.1667,-985.045762
20.3333,16.1667,-1866.851935
20.5000,16.1667,-3028.261481
20.6667,16.1667,-4517.692290
20.8333,16.1667,-6355.544497
21.0000,16.1667,-8513.229761
21.1667,16.1667,-10896.533437
21.3333,16.1667,-13340.829996
21.5000,16.1667,-15623.823929
21.6667,16.1667,-17496.941300
21.8333,16.1667,-18730.447099
22.0000,16.1667,-19161.547171
22.1667,16.1667,-18731.493879
22.3333,16.1667,-17499.513395
22.5000,16.1667,-15628.697690
22.6667,16.1667,-13348.781573
22.8333,16.1667,-10908.023319
23.0000,16.1667,-8528.170860
23.1667,16.1667,-6373.229325
23.3333,16.1667,-4536.913775
23.5000,16.1667,-3047.610670
23.6667,16.1667,-1885.121314
23.8333,16.1667,-1001.625353
24.0000,16.1667,-340.358381
24.1667,16.1667,151.642673
24.3333,16.1667,517.335662
24.5000,16.1667,788.565493
24.6667,16.1667,987.829787
24.8333,16.1667,1130.909441
25.0000,16.1667,1229.113500
25.1667,16.1667,1290.746046
25.3333,16.1667,1321.990641
25.5000,16.1667,1327.563190
25.6667,16.1667,1311.317033
25.8333,16.1667,1276.757712
26.0000,16.1667,1227.349089
26.1667,16.1667,1166.585028
26.3333,16.1667,1097.923055
26.5000,16.1667,1024.698140
26.6667,16.1667,950.051737
26.8333,16.1667,876.824026
27.0000,16.1667,807.360987
27.1667,16.1667,743.278691
27.3333,16.1667,685.307832
27.5000,16.1667,633.325126
27.6667,16.1667,586.573873
27.8333,16.1667,543.973838
28.0000,16.1667,504.399900
28.1667,16.1667,466.866769
28.3333,16.1667,430.626566
28.5000,16.1667,395.212434
28.6667,16.1667,360.446329
28.8333,16.1667,326.409027
29.0000,16.1667,293.370554
29.1667,16.1667,261.695128
29.3333,16.1667,231.746970
29.5000,16.1667,203.820610
29.6667,16.1667,178.105591
29.8333,16.1667,154.681778
30.0000,16.1667,133.534278
0.0000,16.3333,14.308892
0.1667,16.3333,16.610775
0.3333,16.3333,18.908358
0.5000,16.3333,21.096124
0.6667,16.3333,23.035189
0.8333,16.3333,24.558876
1.0000,16.3333,25.490101
1.1667,16.3333,25.674029
1.3333,16.3333,25.025526
1.5000,16.3333,23.584346
1.6667,16.3333,21.564170
1.8333,16.3333,19.378664
2.0000,16.3333,17.631547
2.1667,16.3333,17.067328
2.3333,16.3333,18.490133
2.5000,16.3333,22.665328
2.6667,16.3333,30.220469
2.8333,16.3333,41.559962
3.0000,16.3333,56.804446
3.1667,16.3333,75.762950
3.3333,16.3333,97.943470
3.5000,16.3333,122.604431
3.6667,16.3333,148.844113
3.8333,16.3333,175.717013
4.0000,16.3333,202.357958
4.1667,16.3333,228.091480
4.3333,16.3333,252.509736
4.5000,16.3333,275.515546
4.6667,16.3333,297.338397
4.8333,16.3333,318.528243
5.0000,16.3333,339.914030
5.1667,16.3333,362.499391
5.3333,16.3333,387.282254
5.5000,16.3333,415.034423
5.6667,16.3333,446.129413
5.8333,16.3333,480.511333
6.0000,16.3333,517.832461
6.1667,16.3333,557.687753
6.3333,16.3333,599.811498
6.5000,16.3333,644.122818
6.6667,16.3333,690.597315
6.8333,16.3333,739.038702
7.0000,16.3333,788.869532
7.1667,16.3333,839.037225
7.3333,16.3333,888.062239
7.5000,16.3333,934.180708
7.6667,16.3333,975.492797
7.8333,16.3333,1010.041010
8.0000,16.3333,1035.803584
8.1667,16.3333,1050.662435
8.3333,16.3333,1052.450125
8.5000,16.3333,1039.175338
8.6667,16.3333,1009.473978
8.8333,16.3333,963.243736
9.0000,16.3333,902.314991
9.1667,16.3333,830.926624
9.3333,16.3333,755.757017
9.5000,16.3333,685.341226
9.6667,16.3333,628.876411
9.8333,16.3333,594.624383
10.0000,16.3333,588.289116
10.1667,16.3333,611.807300
10.3333,16.3333,662.898109
10.5000,16.3333,735.494727
10.6667,16.3333,820.913450
10.8333,16.3333,909.417986
11.0000,16.3333,991.779705
11.1667,16.3333,1060.512416
11.3333,16.3333,1110.607460
11.5000,16.3333,1139.746120
11.6667,16.3333,1148.081813
11.8333,16.3333,1137.744215
12.0000,16.3333,1112.219158
12.1667,16.3333,1075.717390
12.3333,16.3333,1032.593500
12.5000,16.3333,986.848003
12.6667,16.3333,941.748037
12.8333,16.3333,899.608605
13.0000,16.3333,861.758301
13.1667,16.3333,828.669317
13.3333,16.3333,800.187106
13.5000,16.3333,775.782608
13.6667,16.3333,754.775965
13.8333,16.3333,736.517435
14.0000,16.3333,720.526860
14.1667,16.3333,706.581388
14.3333,16.3333,694.726087
14.5000,16.3333,685.194385
14.6667,16.3333,678.268493
14.8333,16.3333,674.150943
15.0000,16.3333,672.918904
15.1667,16.3333,674.584312
15.3333,16.3333,679.214564
15.5000,16.3333,687.027317
15.6667,16.3333,698.388612
15.8333,16.3333,713.707800
16.0000,16.3333,733.293974
16.1667,16.3333,757.265973
16.3333,16.3333,785.566415
16.5000,16.3333,818.047597
16.6667,16.3333,854.539336
16.8333,16.3333,894.826006
17.0000,16.3333,938.539408
17.1667,16.3333,985.043729
17.3333,16.3333,1033.381691
17.5000,16.3333,1082.273674
17.6667,16.3333,1130.093043
17.8333,16.3333,1174.757726
18.0000,16.3333,1213.576219
18.1667,16.3333,1243.172805
18.3333,16.3333,1259.593080
18.5000,16.3333,1258.555413
18.6667,16.3333,1235.675261
18.8333,16.3333,1186.469115
19.0000,16.3333,1106.058592
19.1667,16.3333,988.618080
19.3333,16.3333,826.593215
19.5000,16.3333,609.558892
19.6667,16.3333,322.467304
19.8333,16.3333,-56.801669
20.0000,16.3333,-560.126783
20.1667,16.3333,-1230.813071
20.3333,16.3333,-2122.284837
20.5000,16.3333,-3291.664435
20.6667,16.3333,-4786.875746
20.8333,16.3333,-6627.940733
21.0000,16.3333,-8786.128006
21.1667,16.3333,-11167.417577
21.3333,16.3333,-13607.762761
21.5000,16.3333,-15885.788890
21.6667,16.3333,-17754.043403
21.8333,16.3333,-18983.893687
22.0000,16.3333,-19413.384018
22.1667,16.3333,-18984.140578
22.3333,16.3333,-17755.204618
22.5000,16.3333,-15888.966502
22.6667,16.3333,-13614.106748
22.8333,16.3333,-11177.711948
23.0000,16.3333,-8800.480166
23.1667,16.3333,-6645.669770
23.3333,16.3333,-4806.637685
23.5000,16.3333,-3311.787009
23.6667,16.3333,-2141.225429
23.8333,16.3333,-1247.616306
24.0000,16.3333,-574.754338
24.1667,16.3333,-70.237760
24.3333,16.3333,308.373431
24.5000,16.3333,592.478314
24.6667,16.3333,804.221255
24.8333,16.3333,959.137562
25.0000,16.3333,1068.405115
25.1667,16.3333,1140.305397
25.3333,16.3333,1181.087769
25.5000,16.3333,1195.590786
25.6667,16.3333,1187.811182
25.8333,16.3333,1161.386042
26.0000,16.3333,1119.875929
26.1667,16.3333,1066.825511
26.3333,16.3333,1005.697002
26.5000,16.3333,939.791400
26.6667,16.3333,872.189252
26.8333,16.3333,805.656348
27.0000,16.3333,742.464824
27.1667,16.3333,684.171298
27.3333,16.3333,631.473461
27.5000,16.3333,584.248845
27.6667,16.3333,541.775140
27.8333,16.3333,503.031501
28.0000,16.3333,466.962908
28.1667,16.3333,432.649889
28.3333,16.3333,399.395380
28.5000,16.3333,366.764464
28.6667,16.3333,334.594586
28.8333,16.3333,302.971527
29.0000,16.3333,272.166178
29.1667,16.3333,242.544070
29.3333,16.3333,214.473416
29.5000,16.3333,188.255729
29.6667,16.3333,164.089869
29.8333,16.3333,142.066379
30.0000,16.3333,122.181612
0.0000,16.5000,12.832106
0.1667,16.5000,15.001714
0.3333,16.5000,17.172329
0.5000,16.5000,19.247044
0.6667,16.5000,21.098909
0.8333,16.5000,22.577254
1.0000,16.5000,23.525481
1.1667,16.5000,23.813025
1.3333,16.5000,23.379939
1.5000,16.5000,22.286075
1.6667,16.5000,20.750909
1.8333,16.5000,19.169047
2.0000,16.5000,18.092311
2.1667,16.5000,18.179662
2.3333,16.5000,20.125066
2.5000,16.5000,24.576468
2.6667,16.5000,32.056793
2.8333,16.5000,42.894625
3.0000,16.5000,57.171706
3.1667,16.5000,74.696341
3.3333,16.5000,95.012440
3.5000,16.5000,117.449431
3.6667,16.5000,141.208600
3.8333,16.5000,165.470436
4.0000,16.5000,189.501610
4.1667,16.5000,212.742767
4.3333,16.5000,234.868544
4.5000,16.5000,255.823686
4.6667,16.5000,275.844850
4.8333,16.5000,295.468431
5.0000,16.5000,315.503407
5.1667,16.5000,336.934111
5.3333,16.5000,360.736143
5.5000,16.5000,387.643423
5.6667,16.5000,417.961526
5.8333,16.5000,451.528573
6.0000,16.5000,487.857018
6.1667,16.5000,526.384822
6.3333,16.5000,566.696894
6.5000,16.5000,608.598055
6.6667,16.5000,652.011393
6.8333,16.5000,696.774868
7.0000,16.5000,742.454962
7.1667,16.5000,788.272514
7.3333,16.5000,833.166469
7.5000,16.5000,875.948338
7.6667,16.5000,915.459872
7.8333,16.5000,950.655303
8.0000,16.5000,980.580359
8.1667,16.5000,1004.284281
8.3333,16.5000,1020.744924
8.5000,16.5000,1028.895844
8.6667,16.5000,1027.818151
8.8333,16.5000,1017.101311
9.0000,16.5000,997.296228
9.1667,16.5000,970.307302
9.3333,16.5000,939.535563
9.5000,16.5000,909.625362
9.6667,16.5000,885.782624
9.8333,16.5000,872.784749
10.0000,16.5000,873.934251
10.1667,16.5000,890.262761
10.3333,16.5000,920.232365
10.5000,16.5000,960.022748
10.6667,16.5000,1004.302820
10.8333,16.5000,1047.246976
11.0000,16.5000,1083.521125
11.1667,16.5000,1109.025201
11.3333,16.5000,1121.288083
11.5000,16.5000,1119.520360
11.6667,16.5000,1104.410857
11.8333,16.5000,1077.785874
12.0000,16.5000,1042.232904
12.1667,16.5000,1000.741350
12.3333,16.5000,956.365942
12.5000,16.5000,911.907568
12.6667,16.5000,869.632518
12.8333,16.5000,831.080289
13.0000,16.5000,797.008104
13.1667,16.5000,767.481804
13.3333,16.5000,742.072263
13.5000,16.5000,720.088824
13.6667,16.5000,700.791068
13.8333,16.5000,683.550831
14.0000,16.5000,667.959609
14.1667,16.5000,653.879223
14.3333,16.5000,641.426314
14.5000,16.5000,630.887535
14.6667,16.5000,622.590992
14.8333,16.5000,616.790302
15.0000,16.5000,613.620884
15.1667,16.5000,613.151463
15.3333,16.5000,615.495173
15.5000,16.5000,620.902732
15.6667,16.5000,629.767243
15.8333,16.5000,642.526667
16.0000,16.5000,659.521158
16.1667,16.5000,680.895782
16.3333,16.5000,706.603760
16.5000,16.5000,736.484182
16.6667,16.5000,770.327088
16.8333,16.5000,807.851935
17.0000,16.5000,848.603502
17.1667,16.5000,891.840428
17.3333,16.5000,936.486302
17.5000,16.5000,981.136047
17.6667,16.5000,1024.040608
17.8333,16.5000,1063.008834
18.0000,16.5000,1095.263512
18.1667,16.5000,1117.375270
18.3333,16.5000,1125.374122
18.5000,16.5000,1115.002674
18.6667,16.5000,1081.936397
18.8333,16.5000,1021.777784
19.0000,16.5000,929.747695
19.1667,16.5000,800.123003
19.3333,16.5000,625.454398
19.5000,16.5000,395.437042
19.6667,16.5000,95.183421
19.8333,16.5000,-297.195503
20.0000,16.5000,-813.249471
20.1667,16.5000,-1495.843890
20.3333,16.5000,-2397.865405
20.5000,16.5000,-3575.847632
20.6667,16.5000,-5077.159912
20.8333,16.5000,-6921.421193
21.0000,16.5000,-9079.777109
21.1667,16.5000,-11458.469559
21.3333,16.5000,-13894.139025
21.5000,16.5000,-16166.466868
21.6667,16.5000,-18029.263265
21.8333,16.5000,-19255.121547
22.0000,16.5000,-19683.007094
22.1667,16.5000,-19254.944170
22.3333,16.5000,-18029.746886
22.5000,16.5000,-16168.999280
22.6667,16.5000,-13900.177113
22.8333,16.5000,-11469.026522
23.0000,16.5000,-9095.041387
23.1667,16.5000,-6940.623580
23.3333,16.5000,-5098.726021
23.5000,16.5000,-3597.789605
23.6667,16.5000,-2418.303361
23.8333,16.5000,-1513.518333
24.0000,16.5000,-827.893502
24.1667,16.5000,-309.672930
24.3333,16.5000,83.011533
24.5000,16.5000,381.087329
24.6667,16.5000,606.338637
24.8333,16.5000,774.057979
25.0000,16.5000,895.300098
25.1667,16.5000,978.336794
25.3333,16.5000,1029.501283
25.5000,16.5000,1053.775592
25.6667,16.5000,1055.318253
25.8333,16.5000,1037.907950
26.0000,16.5000,1005.199241
26.1667,16.5000,960.770254
26.3333,16.5000,908.056497
26.5000,16.5000,850.282974
26.6667,16.5000,790.423833
26.8333,16.5000,731.132696
27.0000,16.5000,674.590399
27.1667,16.5000,622.305568
27.3333,16.5000,574.982363
27.5000,16.5000,532.555007
27.6667,16.5000,494.390460
27.8333,16.5000,459.566218
28.0000,16.5000,427.114173
28.1667,16.5000,396.178534
28.3333,16.5000,366.100337
28.5000,16.5000,336.461499
28.6667,16.5000,307.102257
28.8333,16.5000,278.104359
29.0000,16.5000,249.733455
29.1667,16.5000,222.352168
29.3333,16.5000,196.329720
29.5000,16.5000,171.972721
29.6667,16.5000,149.488524
29.8333,16.5000,128.978566
30.0000,16.5000,110.451509
0.0000,16.6667,11.346704
0.1667,16.6667,13.386659
0.3333,16.6667,15.435431
0.5000,16.6667,17.405964
0.6667,16.6667,19.184809
0.8333,16.6667,20.639115
1.0000,16.6667,21.634597
1.1667,16.6667,22.066529
1.3333,16.6667,21.901226
1.5000,16.6667,21.219160
1.6667,16.6667,20.245713
1.8333,16.6667,19.356163
2.0000,16.6667,19.049110
2.1667,16.6667,19.893753
2.3333,16.6667,22.464138
2.5000,16.6667,27.273485
2.6667,16.6667,34.716042
2.8333,16.6667,45.018919
3.0000,16.6667,58.206591
3.1667,16.6667,74.085133
3.3333,16.6667,92.255541
3.5000,16.6667,112.160538
3.6667,16.6667,133.157928
3.8333,16.6667,154.603532
4.0000,16.6667,175.925941
4.1667,16.6667,196.684477
4.3333,16.6667,216.613691
4.5000,16.6667,235.663967
4.6667,16.6667,254.042993
4.8333,16.6667,272.246537
5.0000,16.6667,291.046421
5.1667,16.6667,311.396250
5.3333,16.6667,334.240673
5.5000,16.6667,360.271895
5.6667,16.6667,389.733575
5.8333,16.6667,422.376522
6.0000,16.6667,457.601216
6.1667,16.6667,494.716616
6.3333,16.6667,533.176316
6.5000,16.6667,572.672600
6.6667,16.6667,613.060318
6.8333,16.6667,654.179976
7.0000,16.6667,695.693640
7.1667,16.6667,737.023008
7.3333,16.6667,777.412293
7.5000,16.6667,816.071817
7.6667,16.6667,852.323791
7.8333,16.6667,885.679620
8.0000,16.6667,915.818549
8.1667,16.6667,942.486990
8.3333,16.6667,965.374109
8.5000,16.6667,984.034216
8.6667,16.6667,997.919639
8.8333,16.6667,1006.554569
9.0000,16.6667,1009.822530
9.1667,16.6667,1008.274398
9.3333,16.6667,1003.320610
9.5000,16.6667,997.181600
9.6667,16.6667,992.542701
9.8333,16.6667,991.969597
10.0000,16.6667,997.245782
10.1667,16.6667,1008.846274
10.3333,16.6667,1025.728509
10.5000,16.6667,1045.511353
10.6667,16.6667,1064.977722
10.8333,16.6667,1080.736018
11.0000,16.6667,1089.848527
11.1667,16.6667,1090.277476
11.3333,16.6667,1081.079199
11.5000,16.6667,1062.362406
11.6667,16.6667,1035.092056
11.8333,16.6667,1000.842226
12.0000,16.6667,961.572348
12.1667,16.6667,919.442361
12.3333,16.6667,876.634656
12.5000,16.6667,835.150048
12.6667,16.6667,796.588686
12.8333,16.6667,761.973257
13.0000,16.6667,731.680682
13.1667,16.6667,705.511723
13.3333,16.6667,682.870705
13.5000,16.6667,662.988546
13.6667,16.6667,645.122696
13.8333,16.6667,628.697197
14.0000,16.6667,613.377876
14.1667,16.6667,599.091545
14.3333,16.6667,585.994588
14.5000,16.6667,574.394412
14.6667,16.6667,564.641500
14.8333,16.6667,557.031813
15.0000,16.6667,551.766270
15.1667,16.6667,548.990116
15.3333,16.6667,548.887078
15.5000,16.6667,551.762261
15.6667,16.6667,558.047112
15.8333,16.6667,568.207773
16.0000,16.6667,582.606218
16.1667,16.6667,601.400122
16.3333,16.6667,624.537577
16.5000,16.6667,651.825249
16.6667,16.6667,682.987616
16.8333,16.6667,717.645791
17.0000,16.6667,755.220050
17.1667,16.6667,794.830012
17.3333,16.6667,835.260456
17.5000,16.6667,874.982815
17.6667,16.6667,912.152115
17.8333,16.6667,944.515638
18.0000,16.6667,969.269744
18.1667,16.6667,982.990020
18.3333,16.6667,981.736609
18.5000,16.6667,961.299772
18.6667,16.6667,917.411328
18.8333,16.6667,845.729710
19.0000,16.6667,741.525187
19.1667,16.6667,599.119450
19.3333,16.6667,411.117742
19.5000,16.6667,167.306790
19.6667,16.6667,-147.036681
19.8333,16.6667,-553.529217
20.0000,16.6667,-1083.314326
20.1667,16.6667,-1778.712411
20.3333,16.6667,-2691.952054
20.5000,16.6667,-3878.861145
20.6667,16.6667,-5386.163762
20.8333,16.6667,-7233.035444
21.0000,16.6667,-9390.528226
21.1667,16.6667,-11765.253091
21.3333,16.6667,-14194.714452
21.5000,16.6667,-16459.870992
21.6667,16.6667,-18316.024116
21.8333,16.6667,-19537.187301
22.0000,16.6667,-19963.370456
22.1667,16.6667,-19537.024725
22.3333,16.6667,-18316.664908
22.5000,16.6667,-16462.908244
22.6667,16.6667,-14201.806606
22.8333,16.6667,-11777.528828
23.0000,16.6667,-9408.153467
23.1667,16.6667,-7255.076391
23.3333,16.6667,-5410.778827
23.5000,16.6667,-3903.754024
23.6667,16.6667,-2714.951183
23.8333,16.6667,-1798.322109
24.0000,16.6667,-1099.104674
24.1667,16.6667,-566.279312
24.3333,16.6667,-158.604324
24.5000,16.6667,154.354827
24.6667,16.6667,394.022191
24.8333,16.6667,575.455277
25.0000,16.6667,709.591843
25.1667,16.6667,804.695059
25.3333,16.6667,867.178307
25.5000,16.6667,902.160149
25.6667,16.6667,913.951833
25.8333,16.6667,906.463087
26.0000,16.6667,883.430829
26.1667,16.6667,848.453623
26.3333,16.6667,804.924662
26.5000,16.6667,755.973684
26.6667,16.6667,704.446942
26.8333,16.6667,652.867831
27.0000,16.6667,603.319908
27.1667,16.6667,557.276839
27.3333,16.6667,515.481315
27.5000,16.6667,477.966827
27.6667,16.6667,444.229472
27.8333,16.6667,413.471069
28.0000,16.6667,384.818531
28.1667,16.6667,357.473508
28.3333,16.6667,330.801912
28.5000,16.6667,304.389043
28.6667,16.6667,278.067870
28.8333,16.6667,251.909966
29.0000,16.6667,226.172406
29.1667,16.6667,201.213083
29.3333,16.6667,177.401174
29.5000,16.6667,155.047860
29.6667,16.6667,134.369033
29.8333,16.6667,115.477692
30.0000,16.6667,98.396047
0.0000,16.8333,9.840450
0.1667,16.8333,11.745361
0.3333,16.8333,13.666108
0.5000,16.8333,15.525650
0.6667,16.8333,17.224254
0.8333,16.8333,18.646998
1.0000,16.8333,19.681729
1.1667,16.8333,20.248898
1.3333,16.8333,20.340024
1.5000,16.8333,20.055250
1.6667,16.8333,19.626006
1.8333,16.8333,19.410410
2.0000,16.8333,19.858078
2.1667,16.8333,21.453048
2.3333,16.8333,24.650957
2.5000,16.8333,29.825014
2.6667,16.8333,37.227253
2.8333,16.8333,46.964364
3.0000,16.8333,58.986448
3.1667,16.8333,73.091039
3.3333,16.8333,88.947039
3.5000,16.8333,106.138268
3.6667,16.8333,124.216282
3.8333,16.8333,142.746583
4.0000,16.8333,161.339406
4.1667,16.8333,179.672064
4.3333,16.8333,197.520612
4.5000,16.8333,214.814018
4.6667,16.8333,231.705160
4.8333,16.8333,248.629601
5.0000,16.8333,266.307439
5.1667,16.8333,285.648111
5.3333,16.8333,307.552143
5.5000,16.8333,332.661820
5.6667,16.8333,361.163148
5.8333,16.8333,392.740585
6.0000,16.8333,426.717074
6.1667,16.8333,462.310417
6.3333,16.8333,498.872129
6.5000,16.8333,535.993883
6.6667,16.8333,573.454042
6.8333,16.8333,611.068856
7.0000,16.8333,648.552975
7.1667,16.8333,685.468874
7.3333,16.8333,721.282387
7.5000,16.8333,755.483833
7.6667,16.8333,787.708633
7.8333,16.8333,817.800896
8.0000,16.8333,845.794822
8.1667,16.8333,871.823289
8.3333,16.8333,895.987945
8.5000,16.8333,918.240012
8.6667,16.8333,938.325867
8.8333,16.8333,955.838493
9.0000,16.8333,970.380020
9.1667,16.8333,981.789383
9.3333,16.8333,990.343274
9.5000,16.8333,996.826165
9.6667,16.8333,1002.401816
9.8333,16.8333,1008.295083
10.0000,16.8333,1015.379359
10.1667,16.8333,1023.819569
10.3333,16.8333,1032.909371
10.5000,16.8333,1041.167498
10.6667,16.8333,1046.660344
10.8333,16.8333,1047.440822
11.0000,16.8333,1041.965495
11.1667,16.8333,1029.374710
11.3333,16.8333,1009.577810
11.5000,16.8333,983.158990
11.6667,16.8333,951.183029
11.8333,16.8333,915.000721
12.0000,16.8333,876.117380
12.1667,16.8333,836.118453
12.3333,16.8333,796.593740
12.5000,16.8333,759.006973
12.6667,16.8333,724.514847
12.8333,16.8333,693.799742
13.0000,16.8333,666.996005
13.1667,16.8333,643.750959
13.3333,16.8333,623.397210
13.5000,16.8333,605.166247
13.6667,16.8333,588.370762
13.8333,16.8333,572.516393
14.0000,16.8333,557.343610
14.1667,16.8333,542.821234
14.3333,16.8333,529.109063
14.5000,16.8333,516.495733
14.6667,16.8333,505.319522
14.8333,16.8333,495.894909
15.0000,16.8333,488.478889
15.1667,16.8333,483.298790
15.3333,16.8333,480.626014
15.5000,16.8333,480.841707
15.6667,16.8333,484.434273
15.8333,16.8333,491.908620
16.0000,16.8333,503.650005
16.1667,16.8333,519.822367
16.3333,16.8333,540.355498
16.5000,16.8333,565.002989
16.6667,16.8333,593.394631
16.8333,16.8333,625.016965
17.0000,16.8333,659.127936
17.1667,16.8333,694.677506
17.3333,16.8333,730.297412
17.5000,16.8333,764.344181
17.6667,16.8333,794.909756
17.8333,16.8333,819.732807
18.0000,16.8333,836.047359
18.1667,16.8333,840.497247
18.3333,16.8333,829.222670
18.5000,16.8333,798.087461
18.6667,16.8333,742.875286
18.8333,16.8333,659.265632
19.0000,16.8333,542.520498
19.1667,16.8333,386.940102
19.3333,16.8333,185.126957
19.5000,16.8333,-73.072210
19.6667,16.8333,-402.210011
19.8333,16.8333,-823.579971
20.0000,16.8333,-1367.825037
20.1667,16.8333,-2076.589137
20.3333,16.8333,-3001.288083
20.5000,16.8333,-4196.888667
20.6667,16.8333,-5709.345012
20.8333,16.8333,-7557.331441
21.0000,16.8333,-9711.847816
21.1667,16.8333,-12080.031869
21.3333,16.8333,-14500.517994
21.5000,16.8333,-16755.881150
21.6667,16.8333,-18603.268707
21.8333,16.8333,-19818.419009
22.0000,16.8333,-20242.582252
22.1667,16.8333,-19818.685095
22.3333,16.8333,-18604.835968
22.5000,16.8333,-16760.445555
22.6667,16.8333,-14509.818394
22.8333,16.8333,-12095.201860
23.0000,16.8333,-9732.956098
23.1667,16.8333,-7583.255448
23.3333,16.8333,-5738.003582
23.5000,16.8333,-4225.745706
23.6667,16.8333,-3027.970675
23.8333,16.8333,-2099.452969
24.0000,16.8333,-1386.335627
24.1667,16.8333,-838.437187
24.3333,16.8333,-415.205751
24.5000,16.8333,-86.726339
24.6667,16.8333,168.062441
24.8333,16.8333,363.988387
25.0000,16.8333,511.871958
25.1667,16.8333,619.954810
25.3333,16.8333,694.704960
25.5000,16.8333,741.344240
25.6667,16.8333,764.302777
25.8333,16.8333,767.593636
26.0000,16.8333,755.018698
26.1667,16.8333,730.190327
26.3333,16.8333,696.460397
26.5000,16.8333,656.867166
26.6667,16.8333,614.132009
26.8333,16.8333,570.650448
27.0000,16.8333,528.414012
27.1667,16.8333,488.873480
27.3333,16.8333,452.829554
27.5000,16.8333,420.437702
27.6667,16.8333,391.342277
27.8333,16.8333,364.879504
28.0000,16.8333,340.271091
28.1667,16.8333,316.768469
28.3333,16.8333,293.752093
28.5000,16.8333,270.801652
28.6667,16.8333,247.737118
28.8333,16.8333,224.617372
29.0000,16.8333,201.690554
29.1667,16.8333,179.310486
29.3333,16.8333,157.847237
29.5000,16.8333,137.617516
29.6667,16.8333,118.846758
29.8333,16.8333,101.660661
30.0000,16.8333,86.096333
0.0000,17.0000,8.306485
0.1667,17.0000,10.065274
0.3333,17.0000,11.843646
0.5000,17.0000,13.573828
0.6667,17.0000,15.168808
0.8333,17.0000,16.530150
1.0000,17.0000,17.565724
1.1667,17.0000,18.218296
1.3333,17.0000,18.501267
1.5000,17.0000,18.531631
1.6667,17.0000,18.546135
1.8333,17.0000,18.888856
2.0000,17.0000,19.968295
2.1667,17.0000,22.194913
2.3333,17.0000,25.917977
2.5000,17.0000,31.378718
2.6667,17.0000,38.687553
2.8333,17.0000,47.823756
3.0000,17.0000,58.652272
3.1667,17.0000,70.953732
3.3333,17.0000,84.464304
3.5000,17.0000,98.917305
3.6667,17.0000,114.071845
3.8333,17.0000,129.715674
4.0000,17.0000,145.646069
4.1667,17.0000,161.654451
4.3333,17.0000,177.547699
4.5000,17.0000,193.220783
4.6667,17.0000,208.760890
4.8333,17.0000,224.533805
5.0000,17.0000,241.195972
5.1667,17.0000,259.595485
5.3333,17.0000,280.568684
5.5000,17.0000,304.693412
5.6667,17.0000,332.099214
5.8333,17.0000,362.426485
6.0000,17.0000,394.960477
6.1667,17.0000,428.874084
6.3333,17.0000,463.455995
6.5000,17.0000,498.219484
6.6667,17.0000,532.867347
6.8333,17.0000,567.171807
7.0000,17.0000,600.862432
7.1667,17.0000,633.589551
7.3333,17.0000,664.973625
7.5000,17.0000,694.702667
7.6667,17.0000,722.623356
7.8333,17.0000,748.784219
8.0000,17.0000,773.414927
8.1667,17.0000,796.848398
8.3333,17.0000,819.405942
8.5000,17.0000,841.275027
8.6667,17.0000,862.417763
8.8333,17.0000,882.549086
9.0000,17.0000,901.208370
9.1667,17.0000,917.914528
9.3333,17.0000,932.351659
9.5000,17.0000,944.502877
9.6667,17.0000,954.657221
9.8333,17.0000,963.263742
10.0000,17.0000,970.679834
10.1667,17.0000,976.918794
10.3333,17.0000,981.508404
10.5000,17.0000,983.525270
10.6667,17.0000,981.797764
10.8333,17.0000,975.207030
11.0000,17.0000,962.982723
11.1667,17.0000,944.894914
11.3333,17.0000,921.284105
11.5000,17.0000,892.939673
11.6667,17.0000,860.905249
11.8333,17.0000,826.313694
12.0000,17.0000,790.312926
12.1667,17.0000,754.063886
12.3333,17.0000,718.732863
12.5000,17.0000,685.409206
12.6667,17.0000,654.948343
12.8333,17.0000,627.811264
13.0000,17.0000,603.990813
13.1667,17.0000,583.071672
13.3333,17.0000,564.398654
13.5000,17.0000,547.277175
13.6667,17.0000,531.129522
13.8333,17.0000,515.570889
14.0000,17.0000,500.416500
14.1667,17.0000,485.654628
14.3333,17.0000,471.412002
14.5000,17.0000,457.916711
14.6667,17.0000,445.454631
14.8333,17.0000,434.325676
15.0000,17.0000,424.821573
15.1667,17.0000,417.244841
15.3333,17.0000,411.961221
15.5000,17.0000,409.443184
15.6667,17.0000,410.252992
15.8333,17.0000,414.946809
16.0000,17.0000,423.938285
16.1667,17.0000,437.395010
16.3333,17.0000,455.218702
16.5000,17.0000,477.093145
16.6667,17.0000,502.530202
16.8333,17.0000,530.854507
17.0000,17.0000,561.135524
17.1667,17.0000,592.135716
17.3333,17.0000,622.330627
17.5000,17.0000,649.976830
17.6667,17.0000,673.135891
17.8333,17.0000,689.584675
18.0000,17.0000,696.649591
18.1667,17.0000,691.097068
18.3333,17.0000,669.191464
18.5000,17.0000,626.894067
18.6667,17.0000,560.036813
18.8333,17.0000,464.288007
19.0000,17.0000,334.847282
19.1667,17.0000,165.931446
19.3333,17.0000,-49.911813
19.5000,17.0000,-322.800912
19.6667,17.0000,-667.102734
19.8333,17.0000,-1103.724509
20.0000,17.0000,-1662.694914
20.1667,17.0000,-2384.821863
20.3333,17.0000,-3320.517049
20.5000,17.0000,-4523.689683
20.6667,17.0000,-6039.362792
20.8333,17.0000,-7885.633738
21.0000,17.0000,-10033.507976
21.1667,17.0000,-12390.870909
21.3333,17.0000,-14797.866757
21.5000,17.0000,-17039.180400
21.6667,17.0000,-18874.332313
21.8333,17.0000,-20081.248176
22.0000,17.0000,-20502.724254
22.1667,17.0000,-20082.249532
22.3333,17.0000,-18877.378053
22.5000,17.0000,-17045.965948
22.6667,17.0000,-14810.098020
22.8333,17.0000,-12409.598705
23.0000,17.0000,-10058.669194
23.1667,17.0000,-7915.946481
23.3333,17.0000,-6072.592063
23.5000,17.0000,-4557.179407
23.6667,17.0000,-3351.817340
23.8333,17.0000,-2412.238793
24.0000,17.0000,-1685.637334
24.1667,17.0000,-1122.791465
24.3333,17.0000,-683.921460
24.5000,17.0000,-339.675031
24.6667,17.0000,-69.369291
24.8333,17.0000,141.588069
25.0000,17.0000,303.888561
25.1667,17.0000,425.725259
25.3333,17.0000,513.577567
25.5000,17.0000,572.718214
25.6667,17.0000,607.645799
25.8333,17.0000,622.438706
26.0000,17.0000,620.944232
26.1667,17.0000,606.787841
26.3333,17.0000,583.293752
26.5000,17.0000,553.429722
26.6667,17.0000,519.813793
26.8333,17.0000,484.731439
27.0000,17.0000,450.094893
27.1667,17.0000,417.340219
27.3333,17.0000,387.330562
27.5000,17.0000,360.344451
27.6667,17.0000,336.172438
27.8333,17.0000,314.280599
28.0000,17.0000,293.979617
28.1667,17.0000,274.565102
28.3333,17.0000,255.427857
28.5000,17.0000,236.139775
28.6667,17.0000,216.507638
28.8333,17.0000,196.578969
29.0000,17.0000,176.595166
29.1667,17.0000,156.908382
29.3333,17.0000,137.891766
29.5000,17.0000,119.869360
29.6667,17.0000,103.077592
29.8333,17.0000,87.656099
30.0000,17.0000,73.658038
0.0000,17.1667,6.745508
0.1667,17.1667,8.344502
0.3333,17.1667,9.962178
0.5000,17.1667,11.538713
0.6667,17.1667,12.998004
0.8333,17.1667,14.255577
1.0000,17.1667,15.235823
1.1667,17.1667,15.899302
1.3333,17.1667,16.276158
1.5000,17.1667,16.495630
1.6667,17.1667,16.797630
1.8333,17.1667,17.514771
2.0000,17.1667,19.023406
2.1667,17.1667,21.675770
2.3333,17.1667,25.734139
2.5000,17.1667,31.326962
2.6667,17.1667,38.437497
2.8333,17.1667,46.924371
3.0000,17.1667,56.566293
3.1667,17.1667,67.120344
3.3333,17.1667,78.380816
3.5000,17.1667,90.220896
3.6667,17.1667,102.597532
3.8333,17.1667,115.510731
4.0000,17.1667,128.935216
4.1667,17.1667,142.769261
4.3333,17.1667,156.847588
4.5000,17.1667,171.032455
4.6667,17.1667,185.347800
4.8333,17.1667,200.087812
5.0000,17.1667,215.834292
5.1667,17.1667,233.353180
5.3333,17.1667,253.391848
5.5000,17.1667,276.445957
5.6667,17.1667,302.588906
5.8333,17.1667,331.440379
6.0000,17.1667,362.290231
6.1667,17.1667,394.316550
6.3333,17.1667,426.790180
6.5000,17.1667,459.176027
6.6667,17.1667,491.111495
6.8333,17.1667,522.314156
7.0000,17.1667,552.498570
7.1667,17.1667,581.357208
7.3333,17.1667,608.609110
7.5000,17.1667,634.079499
7.6667,17.1667,657.764204
7.8333,17.1667,679.848965
8.0000,17.1667,700.678061
8.1667,17.1667,720.683268
8.3333,17.1667,740.288357
8.5000,17.1667,759.804211
8.6667,17.1667,779.333955
8.8333,17.1667,798.715508
9.0000,17.1667,817.531759
9.1667,17.1667,835.204257
9.3333,17.1667,851.150528
9.5000,17.1667,864.944359
9.6667,17.1667,876.402175
9.8333,17.1667,885.545833
10.0000,17.1667,892.454455
10.1667,17.1667,897.078683
10.3333,17.1667,899.110927
10.5000,17.1667,897.977099
10.6667,17.1667,892.961083
10.8333,17.1667,883.418670
11.0000,17.1667,869.000424
11.1667,17.1667,849.794033
11.3333,17.1667,826.325213
11.5000,17.1667,799.422218
11.6667,17.1667,770.022616
11.8333,17.1667,739.029284
12.0000,17.1667,707.277339
12.1667,17.1667,675.584288
12.3333,17.1667,644.790440
12.5000,17.1667,615.708909
12.6667,17.1667,588.983652
12.8333,17.1667,564.934209
13.0000,17.1667,543.485594
13.1667,17.1667,524.231374
13.3333,17.1667,506.598092
13.5000,17.1667,490.027270
13.6667,17.1667,474.097298
13.8333,17.1667,458.557206
14.0000,17.1667,443.297767
14.1667,17.1667,428.308139
14.3333,17.1667,413.650824
14.5000,17.1667,399.456144
14.6667,17.1667,385.919433
14.8333,17.1667,373.291357
15.0000,17.1667,361.871234
15.1667,17.1667,352.020284
15.3333,17.1667,344.193301
15.5000,17.1667,338.957272
15.6667,17.1667,336.955123
15.8333,17.1667,338.800082
16.0000,17.1667,344.936490
16.1667,17.1667,355.534112
16.3333,17.1667,370.462029
16.5000,17.1667,389.327155
16.6667,17.1667,411.514498
16.8333,17.1667,436.177753
17.0000,17.1667,462.192110
17.1667,17.1667,488.133774
17.3333,17.1667,512.332740
17.5000,17.1667,532.965505
17.6667,17.1667,548.090395
17.8333,17.1667,555.554647
18.0000,17.1667,552.812339
18.1667,17.1667,536.788018
18.3333,17.1667,503.900610
18.5000,17.1667,450.226547
18.6667,17.1667,371.644061
18.8333,17.1667,263.786466
19.0000,17.1667,121.750556
19.1667,17.1667,-60.375589
19.3333,17.1667,-290.133846
19.5000,17.1667,-577.616495
19.6667,17.1667,-936.974119
19.8333,17.1667,-1388.647712
20.0000,17.1667,-1961.916493
20.1667,17.1667,-2696.563083
20.3333,17.1667,-3641.764687
20.5000,17.1667,-4850.131847
20.6667,17.1667,-6365.555213
20.8333,17.1667,-8205.459999
21.0000,17.1667,-10340.935919
21.1667,17.1667,-12680.915369
21.3333,17.1667,-15067.575231
21.5000,17.1667,-17288.402193
21.6667,17.1667,-19106.042687
21.8333,17.1667,-20301.283641
22.0000,17.1667,-20718.925151
22.1667,17.1667,-20303.163094
22.3333,17.1667,-19110.799840
22.5000,17.1667,-17297.646150
22.6667,17.1667,-15082.893021
22.8333,17.1667,-12703.223820
23.0000,17.1667,-10370.048316
23.1667,17.1667,-8240.008878
23.3333,17.1667,-6403.277380
23.5000,17.1667,-4888.400806
23.6667,17.1667,-3678.193716
23.8333,17.1667,-2729.508717
24.0000,17.1667,-1990.768235
24.1667,17.1667,-1413.866008
24.3333,17.1667,-959.907675
24.5000,17.1667,-600.173907
24.6667,17.1667,-314.399151
24.8333,17.1667,-88.251199
25.0000,17.1667,88.805632
25.1667,17.1667,224.876348
25.3333,17.1667,326.398384
25.5000,17.1667,398.635260
25.6667,17.1667,446.098664
25.8333,17.1667,472.892149
26.0000,17.1667,482.889213
26.1667,17.1667,479.730060
26.3333,17.1667,466.729107
26.5000,17.1667,446.810734
26.6667,17.1667,422.518615
26.8333,17.1667,396.052375
27.0000,17.1667,369.259456
27.1667,17.1667,343.563526
27.3333,17.1667,319.881034
27.5000,17.1667,298.596913
27.6667,17.1667,279.629673
27.8333,17.1667,262.560910
28.0000,17.1667,246.782854
28.1667,17.1667,231.634626
28.3333,17.1667,216.521204
28.5000,17.1667,201.012353
28.6667,17.1667,184.907313
28.8333,17.1667,168.247051
29.0000,17.1667,151.270028
29.1667,17.1667,134.329630
29.3333,17.1667,117.804212
29.5000,17.1667,102.026623
29.6667,17.1667,87.245281
29.8333,17.1667,73.614446
30.0000,17.1667,61.203858
0.0000,17.3333,5.166462
0.1667,17.3333,6.592610
0.3333,17.3333,8.031662
0.5000,17.3333,9.430235
0.6667,17.3333,10.721047
0.8333,17.3333,11.830632
1.0000,17.3333,12.695838
1.1667,17.3333,13.289746
1.3333,17.3333,13.653154
1.5000,17.3333,13.921735
1.6667,17.3333,14.334953
1.8333,17.3333,15.214956
2.0000,17.3333,16.913749
2.1667,17.3333,19.740872
2.3333,17.3333,23.893795
2.5000,17.3333,29.413777
2.6667,17.3333,36.181288
2.8333,17.3333,43.952797
3.0000,17.3333,52.429968
3.1667,17.3333,61.344701
3.3333,17.3333,70.537156
3.5000,17.3333,79.999150
3.6667,17.3333,89.858435
3.8333,17.3333,100.299560
4.0000,17.3333,111.452727
4.1667,17.3333,123.312265
4.3333,17.3333,135.742443
4.5000,17.3333,148.582729
4.6667,17.3333,161.803560
4.8333,17.3333,175.628703
5.0000,17.3333,190.553799
5.1667,17.3333,207.240922
5.3333,17.3333,226.324985
5.5000,17.3333,248.205033
5.6667,17.3333,272.901592
5.8333,17.3333,300.037263
6.0000,17.3333,328.946173
6.1667,17.3333,358.858213
6.3333,17.3333,389.070004
6.5000,17.3333,419.030953
6.6667,17.3333,448.330442
6.8333,17.3333,476.630841
7.0000,17.3333,503.612809
7.1667,17.3333,528.976127
7.3333,17.3333,552.493685
7.5000,17.3333,574.081598
7.6667,17.3333,593.843196
7.8333,17.3333,612.064274
8.0000,17.3333,629.163708
8.1667,17.3333,645.619726
8.3333,17.3333,661.890076
8.5000,17.3333,678.332687
8.6667,17.3333,695.127941
8.8333,17.3333,712.212736
9.0000,17.3333,729.253842
9.1667,17.3333,745.692806
9.3333,17.3333,760.869116
9.5000,17.3333,774.181787
9.6667,17.3333,785.216056
9.8333,17.3333,793.771662
10.0000,17.3333,799.782105
10.1667,17.3333,803.175745
10.3333,17.3333,803.758150
10.5000,17.3333,801.179580
10.6667,17.3333,795.009395
10.8333,17.3333,784.891508
11.0000,17.3333,770.716219
11.1667,17.3333,752.726890
11.3333,17.3333,731.500625
11.5000,17.3333,707.805756
11.6667,17.3333,682.415127
11.8333,17.3333,655.984344
12.0000,17.3333,629.055297
12.1667,17.3333,602.148497
12.3333,17.3333,575.838853
12.5000,17.3333,550.726366
12.6667,17.3333,527.302172
12.8333,17.3333,505.797263
13.0000,17.3333,486.118727
13.1667,17.3333,467.918788
13.3333,17.3333,450.754900
13.5000,17.3333,434.248722
13.6667,17.3333,418.167370
13.8333,17.3333,402.410591
14.0000,17.3333,386.945546
14.1667,17.3333,371.750225
14.3333,17.3333,356.802278
14.5000,17.3333,342.108553
14.6667,17.3333,327.745414
14.8333,17.3333,313.885158
15.0000,17.3333,300.807337
15.1667,17.3333,288.908823
15.3333,17.3333,278.716222
15.5000,17.3333,270.879312
15.6667,17.3333,266.113789
15.8333,17.3333,265.084273
16.0000,17.3333,268.261970
16.1667,17.3333,275.817650
16.3333,17.3333,287.590184
16.5000,17.3333,303.115860
16.6667,17.3333,321.662621
16.8333,17.3333,342.226586
17.0000,17.3333,363.506137
17.1667,17.3333,383.912777
17.3333,17.3333,401.654765
17.5000,17.3333,414.851164
17.6667,17.3333,421.575543
17.8333,17.3333,419.759542
18.0000,17.3333,406.997004
18.1667,17.3333,380.383427
18.3333,17.3333,336.505485
18.5000,17.3333,271.564052
18.6667,17.3333,181.483761
18.8333,17.3333,61.851624
19.0000,17.3333,-92.357741
19.1667,17.3333,-287.203870
19.3333,17.3333,-530.325581
19.5000,17.3333,-831.773128
19.6667,17.3333,-1205.429698
19.8333,17.3333,-1671.171509
20.0000,17.3333,-2257.371570
20.1667,17.3333,-3002.567877
20.3333,17.3333,-3954.431303
20.5000,17.3333,-5163.982678
20.6667,17.3333,-6673.731799
20.8333,17.3333,-8500.311930
21.0000,17.3333,-10614.998682
21.1667,17.3333,-12928.164068
21.3333,17.3333,-15284.714855
21.5000,17.3333,-17475.877156
21.6667,17.3333,-19268.459776
21.8333,17.3333,-20447.053737
22.0000,17.3333,-20859.116804
22.1667,17.3333,-20449.773341
22.3333,17.3333,-19274.816371
22.5000,17.3333,-17487.338409
22.6667,17.3333,-15302.702608
22.8333,17.3333,-12953.451849
23.0000,17.3333,-10647.321538
23.1667,17.3333,-8538.317346
23.3333,17.3333,-6715.267496
23.5000,17.3333,-5206.601896
23.6667,17.3333,-3995.941622
23.8333,17.3333,-3041.463111
24.0000,17.3333,-2293.048002
24.1667,17.3333,-1703.910283
24.3333,17.3333,-1236.197135
24.5000,17.3333,-861.928309
24.6667,17.3333,-561.323994
24.8333,17.3333,-320.360190
25.0000,17.3333,-128.700512
25.1667,17.3333,21.623693
25.3333,17.3333,136.953258
25.5000,17.3333,222.486589
25.6667,17.3333,282.699337
25.8333,17.3333,321.684846
26.0000,17.3333,343.324516
26.1667,17.3333,351.271508
26.3333,17.3333,348.842034
26.5000,17.3333,338.937541
26.6667,17.3333,324.051135
26.8333,17.3333,306.317225
27.0000,17.3333,287.529282
27.1667,17.3333,269.095028
27.3333,17.3333,251.966407
27.5000,17.3333,236.608328
27.6667,17.3333,223.041146
27.8333,17.3333,210.944328
28.0000,17.3333,199.786228
28.1667,17.3333,188.954863
28.3333,17.3333,177.880941
28.5000,17.3333,166.144837
28.6667,17.3333,153.548869
28.8333,17.3333,140.134770
29.0000,17.3333,126.142346
29.1667,17.3333,111.928299
29.3333,17.3333,97.876898
29.5000,17.3333,84.329753
29.6667,17.3333,71.546865
29.8333,17.3333,59.696596
30.0000,17.3333,48.864769
0.0000,17.5000,3.586137
0.1667,17.5000,4.829944
0.3333,17.5000,6.076757
0.5000,17.5000,7.278281
0.6667,17.5000,8.374155
0.8333,17.5000,9.299203
1.0000,17.5000,9.998912
1.1667,17.5000,10.453840
1.3333,17.5000,10.709384
1.5000,17.5000,10.901470
1.6667,17.5000,11.264435
1.8333,17.5000,12.109043
2.0000,17.5000,13.768142
2.1667,17.5000,16.521484
2.3333,17.5000,20.522419
2.5000,17.5000,25.751545
2.6667,17.5000,32.015113
2.8333,17.5000,38.993023
3.0000,17.5000,46.327324
3.1667,17.5000,53.729653
3.3333,17.5000,61.075905
3.5000,17.5000,68.451655
3.6667,17.5000,76.120089
3.8333,17.5000,84.412634
4.0000,17.5000,93.585113
4.1667,17.5000,103.713541
4.3333,17.5000,114.693828
4.5000,17.5000,126.354415
4.6667,17.5000,138.622761
4.8333,17.5000,151.652750
5.0000,17.5000,165.842622
5.1667,17.5000,181.732960
5.3333,17.5000,199.831061
5.5000,17.5000,220.434331
5.6667,17.5000,243.519131
5.8333,17.5000,268.732663
6.0000,17.5000,295.484194
6.1667,17.5000,323.090504
6.3333,17.5000,350.908441
6.5000,17.5000,378.401531
6.6667,17.5000,405.132162
6.8333,17.5000,430.716514
7.0000,17.5000,454.795932
7.1667,17.5000,477.057707
7.3333,17.5000,497.297950
7.5000,17.5000,515.488487
7.6667,17.5000,531.806634
7.8333,17.5000,546.609042
8.0000,17.5000,560.361876
8.1667,17.5000,573.558605
8.3333,17.5000,586.651034
8.5000,17.5000,599.996474
8.6667,17.5000,613.806526
8.8333,17.5000,628.089245
9.0000,17.5000,642.603946
9.1667,17.5000,656.869310
9.3333,17.5000,670.251291
9.5000,17.5000,682.109881
9.6667,17.5000,691.939308
9.8333,17.5000,699.432766
10.0000,17.5000,704.446801
10.1667,17.5000,706.899673
10.3333,17.5000,706.670450
10.5000,17.5000,703.557692
10.6667,17.5000,697.323078
10.8333,17.5000,687.804034
11.0000,17.5000,675.042626
11.1667,17.5000,659.358672
11.3333,17.5000,641.311381
11.5000,17.5000,621.553977
11.6667,17.5000,600.660253
11.8333,17.5000,579.030499
12.0000,17.5000,556.931685
12.1667,17.5000,534.625691
12.3333,17.5000,512.470104
12.5000,17.5000,490.899450
12.6667,17.5000,470.293005
12.8333,17.5000,450.826579
13.0000,17.5000,432.417769
13.1667,17.5000,414.803799
13.3333,17.5000,397.697543
13.5000,17.5000,380.921043
13.6667,17.5000,364.443284
13.8333,17.5000,348.319881
14.0000,17.5000,332.593208
14.1667,17.5000,317.225274
14.3333,17.5000,302.102111
14.5000,17.5000,287.098087
14.6667,17.5000,272.157765
14.8333,17.5000,257.357093
15.0000,17.5000,242.932822
15.1667,17.5000,229.291045
15.3333,17.5000,217.002789
15.5000,17.5000,206.774607
15.6667,17.5000,199.372313
15.8333,17.5000,195.494556
16.0000,17.5000,195.629422
16.1667,17.5000,199.947938
16.3333,17.5000,208.268134
16.5000,17.5000,220.074698
16.6667,17.5000,234.545806
16.8333,17.5000,250.553896
17.0000,17.5000,266.658880
17.1667,17.5000,281.146737
17.3333,17.5000,292.138515
17.5000,17.5000,297.719695
17.6667,17.5000,295.988824
17.8333,17.5000,284.959190
18.0000,17.5000,262.355346
18.1667,17.5000,225.435571
18.3333,17.5000,170.951066
18.5000,17.5000,95.228510
18.6667,17.5000,-5.757691
18.8333,17.5000,-136.462647
19.0000,17.5000,-302.026984
19.1667,17.5000,-508.643867
19.3333,17.5000,-764.022850
19.5000,17.5000,-1078.127516
19.6667,17.5000,-1464.501072
19.8333,17.5000,-1942.340008
20.0000,17.5000,-2538.936512
20.1667,17.5000,-3291.337169
20.3333,17.5000,-4245.392083
20.5000,17.5000,-5450.185287
20.6667,17.5000,-6946.540253
20.8333,17.5000,-8750.144450
21.0000,17.5000,-10832.580974
21.1667,17.5000,-13106.156953
21.3333,17.5000,-15419.406669
21.5000,17.5000,-17568.521054
21.6667,17.5000,-19325.843724
21.8333,17.5000,-20481.034201
22.0000,17.5000,-20885.097874
22.1667,17.5000,-20484.402584
22.3333,17.5000,-19333.401434
22.5000,17.5000,-17581.575207
22.6667,17.5000,-15439.210191
22.8333,17.5000,-13133.369133
23.0000,17.5000,-10866.928376
23.1667,17.5000,-8790.394498
23.3333,17.5000,-6990.774911
23.5000,17.5000,-5496.256989
23.6667,17.5000,-4291.397662
23.8333,17.5000,-3335.963764
24.0000,17.5000,-2581.597929
24.1667,17.5000,-1983.104509
24.3333,17.5000,-1503.881290
24.5000,17.5000,-1116.834290
24.6667,17.5000,-802.769481
24.8333,17.5000,-548.042588
25.0000,17.5000,-342.574404
25.1667,17.5000,-178.584951
25.3333,17.5000,-49.878703
25.5000,17.5000,48.634120
25.6667,17.5000,121.357129
25.8333,17.5000,172.346202
26.0000,17.5000,205.472009
26.1667,17.5000,224.389943
26.3333,17.5000,232.414776
26.5000,17.5000,232.428890
26.6667,17.5000,226.883996
26.8333,17.5000,217.859213
27.0000,17.5000,207.098028
27.1667,17.5000,195.984598
27.3333,17.5000,185.486187
27.5000,17.5000,176.120203
27.6667,17.5000,167.983207
27.8333,17.5000,160.837093
28.0000,17.5000,154.224754
28.1667,17.5000,147.593458
28.3333,17.5000,140.416432
28.5000,17.5000,132.301942
28.6667,17.5000,123.069054
28.8333,17.5000,112.768763
29.0000,17.5000,101.645969
29.1667,17.5000,90.061051
29.3333,17.5000,78.402653
29.5000,17.5000,67.018854
29.6667,17.5000,56.178869
29.8333,17.5000,46.063054
30.0000,17.5000,36.771561
0.0000,17.6667,2.027832
0.1667,17.6667,3.085744
0.3333,17.6667,4.134109
0.5000,17.6667,5.128741
0.6667,17.6667,6.014797
0.8333,17.6667,6.733343
1.0000,17.6667,7.235539
1.1667,17.6667,7.505325
1.3333,17.6667,7.587524
1.5000,17.6667,7.612566
1.6667,17.6667,7.804553
1.8333,17.6667,8.460288
2.0000,17.6667,9.895622
2.1667,17.6667,12.369344
2.3333,17.6667,16.007064
2.5000,17.6667,20.751970
2.6667,17.6667,26.363667
2.8333,17.6667,32.473125
3.0000,17.6667,38.684927
3.1667,17.6667,44.701242
3.3333,17.6667,50.428523
3.5000,17.6667,56.023669
3.6667,17.6667,61.849456
3.8333,17.6667,68.343998
4.0000,17.6667,75.855580
4.1667,17.6667,84.524265
4.3333,17.6667,94.276490
4.5000,17.6667,104.938051
4.6667,17.6667,116.400930
4.8333,17.6667,128.748846
5.0000,17.6667,142.275205
5.1667,17.6667,157.391015
5.3333,17.6667,174.474016
5.5000,17.6667,193.726749
5.6667,17.6667,215.094800
5.8333,17.6667,238.266214
6.0000,17.6667,262.742277
6.1667,17.6667,287.944306
6.3333,17.6667,313.308867
6.5000,17.6667,338.334923
6.6667,17.6667,362.578849
6.8333,17.6667,385.627397
7.0000,17.6667,407.090920
7.1667,17.6667,426.641077
7.3333,17.6667,444.081940
7.5000,17.6667,459.415728
7.6667,17.6667,472.862583
7.8333,17.6667,484.817994
8.0000,17.6667,495.766321
8.1667,17.6667,506.190982
8.3333,17.6667,516.514168
8.5000,17.6667,527.067699
8.6667,17.6667,538.068847
8.8333,17.6667,549.577199
9.0000,17.6667,561.442066
9.1667,17.6667,573.283728
9.3333,17.6667,584.548221
9.5000,17.6667,594.630669
9.6667,17.6667,603.012255
9.8333,17.6667,609.342872
10.0000,17.6667,613.436783
10.1667,17.6667,615.202987
10.3333,17.6667,614.564814
10.5000,17.6667,611.420068
10.6667,17.6667,605.666023
10.8333,17.6667,597.278568
11.0000,17.6667,586.402325
11.1667,17.6667,573.390687
11.3333,17.6667,558.749133
11.5000,17.6667,542.990805
11.6667,17.6667,526.482323
11.8333,17.6667,509.381571
12.0000,17.6667,491.713256
12.1667,17.6667,473.525780
12.3333,17.6667,455.006893
12.5000,17.6667,436.466681
12.6667,17.6667,418.202751
12.8333,17.6667,400.355248
13.0000,17.6667,382.863659
13.1667,17.6667,365.555594
13.3333,17.6667,348.299257
13.5000,17.6667,331.111477
13.6667,17.6667,314.153416
13.8333,17.6667,297.626471
14.0000,17.6667,281.642325
14.1667,17.6667,266.148197
14.3333,17.6667,250.946061
14.5000,17.6667,235.787461
14.6667,17.6667,220.490897
14.8333,17.6667,205.032530
15.0000,17.6667,189.591094
15.1667,17.6667,174.555541
15.3333,17.6667,160.507221
15.5000,17.6667,148.172735
15.6667,17.6667,138.334205
15.8333,17.6667,131.698431
16.0000,17.6667,128.756133
16.1667,17.6667,129.678043
16.3333,17.6667,134.274904
16.5000,17.6667,142.006678
16.6667,17.6667,152.000418
16.8333,17.6667,163.052910
17.0000,17.6667,173.638953
17.1667,17.6667,181.971187
17.3333,17.6667,186.125943
17.5000,17.6667,184.180024
17.6667,17.6667,174.260635
17.8333,17.6667,154.448138
18.0000,17.6667,122.573543
18.1667,17.6667,76.034179
18.3333,17.6667,11.730198
18.5000,17.6667,-73.889825
18.6667,17.6667,-184.793036
18.8333,17.6667,-325.454876
19.0000,17.6667,-501.095564
19.1667,17.6667,-717.992711
19.3333,17.6667,-983.865587
19.5000,17.6667,-1308.518628
19.6667,17.6667,-1705.064816
19.8333,17.6667,-2191.896043
20.0000,17.6667,-2795.038937
20.1667,17.6667,-3549.780999
20.3333,17.6667,-4499.797341
20.5000,17.6667,-5691.829515
20.6667,17.6667,-7164.644607
20.8333,17.6667,-8932.786351
21.0000,17.6667,-10968.278709
21.1667,17.6667,-13185.960679
21.3333,17.6667,-15439.100403
21.5000,17.6667,-17530.385776
21.6667,17.6667,-19239.430725
21.8333,17.6667,-20362.578241
22.0000,17.6667,-20755.530020
22.1667,17.6667,-20366.314190
22.3333,17.6667,-19247.631078
22.5000,17.6667,-17544.210983
22.6667,17.6667,-15459.666649
22.8333,17.6667,-13213.868676
23.0000,17.6667,-11003.323287
23.1667,17.6667,-8973.942031
23.3333,17.6667,-7210.309876
23.5000,17.6667,-5740.219395
23.6667,17.6667,-4549.334507
23.8333,17.6667,-3599.355584
24.0000,17.6667,-2844.071304
24.1667,17.6667,-2240.219456
24.3333,17.6667,-1752.713928
24.5000,17.6667,-1355.534926
24.6667,17.6667,-1030.202634
24.8333,17.6667,-763.542530
25.0000,17.6667,-545.799551
25.1667,17.6667,-369.434067
25.3333,17.6667,-228.435249
25.5000,17.6667,-117.851201
25.6667,17.6667,-33.372939
25.8333,17.6667,28.997707
26.0000,17.6667,73.099436
26.1667,17.6667,102.567199
26.3333,17.6667,120.692892
26.5000,17.6667,130.323731
26.6667,17.6667,133.861531
26.8333,17.6667,133.327302
27.0000,17.6667,130.411677
27.1667,17.6667,126.466246
27.3333,17.6667,122.456294
27.5000,17.6667,118.929588
27.6667,17.6667,116.039151
27.8333,17.6667,113.618802
28.0000,17.6667,111.287773
28.1667,17.6667,108.564996
28.3333,17.6667,104.984356
28.5000,17.6667,100.200265
28.6667,17.6667,94.062710
28.8333,17.6667,86.640171
29.0000,17.6667,78.185181
29.1667,17.6667,69.060226
29.3333,17.6667,59.654524
29.5000,17.6667,50.318114
29.6667,17.6667,41.325158
29.8333,17.6667,32.864361
30.0000,17.6667,25.047249
0.0000,17.8333,0.519023
0.1667,17.8333,1.394970
0.3333,17.8333,2.248007
0.5000,17.8333,3.037504
0.6667,17.8333,3.713326
0.8333,17.8333,4.221554
1.0000,17.8333,4.517153
1.1667,17.8333,4.584696
1.3333,17.8333,4.464633
1.5000,17.8333,4.277219
1.6667,17.8333,4.231471
1.8333,17.8333,4.606599
2.0000,17.8333,5.700960
2.1667,17.8333,7.756973
2.3333,17.8333,10.883619
2.5000,17.8333,15.004604
2.6667,17.8333,19.856380
2.8333,17.8333,25.046883
3.0000,17.8333,30.166456
3.1667,17.8333,34.922045
3.3333,17.8333,39.250207
3.5000,17.8333,43.361522
3.6667,17.8333,47.686466
3.8333,17.8333,52.732073
4.0000,17.8333,58.906180
4.1667,17.8333,66.392873
4.3333,17.8333,75.143327
4.5000,17.8333,84.983791
4.6667,17.8333,95.775172
4.8333,17.8333,107.532643
5.0000,17.8333,120.445522
5.1667,17.8333,134.800196
5.3333,17.8333,150.856876
5.5000,17.8333,168.739675
5.6667,17.8333,188.377926
5.8333,17.8333,209.508111
6.0000,17.8333,231.724252
6.1667,17.8333,254.550919
6.3333,17.8333,277.507286
6.5000,17.8333,300.138489
6.6667,17.8333,322.013049
6.8333,17.8333,342.709933
7.0000,17.8333,361.827838
7.1667,17.8333,379.033856
7.3333,17.8333,394.138078
7.5000,17.8333,407.156251
7.6667,17.8333,418.321837
7.8333,17.8333,428.033672
8.0000,17.8333,436.761570
8.1667,17.8333,444.955460
8.3333,17.8333,452.994655
8.5000,17.8333,461.177786
8.6667,17.8333,469.720123
8.8333,17.8333,478.723916
9.0000,17.8333,488.123281
9.1667,17.8333,497.646135
9.3333,17.8333,506.840363
9.5000,17.8333,515.171469
9.6667,17.8333,522.147902
9.8333,17.8333,527.410886
10.0000,17.8333,530.752376
10.1667,17.8333,532.072621
10.3333,17.8333,531.320215
10.5000,17.8333,528.457673
10.6667,17.8333,523.474301
10.8333,17.8333,516.438920
11.0000,17.8333,507.557289
11.1667,17.8333,497.183802
11.3333,17.8333,485.750775
11.5000,17.8333,473.629338
11.6667,17.8333,460.997624
11.8333,17.8333,447.809585
12.0000,17.8333,433.899567
12.1667,17.8333,419.157507
12.3333,17.8333,403.649455
12.5000,17.8333,387.596535
12.6667,17.8333,371.236830
12.8333,17.8333,354.685678
13.0000,17.8333,337.905580
13.1667,17.8333,320.805564
13.3333,17.8333,303.389389
13.5000,17.8333,285.839890
13.6667,17.8333,268.478527
13.8333,17.8333,251.626253
14.0000,17.8333,235.451503
14.1667,17.8333,219.891404
14.3333,17.8333,204.683309
14.5000,17.8333,189.482412
14.6667,17.8333,174.004698
14.8333,17.8333,158.138248
15.0000,17.8333,141.998383
15.1667,17.8333,125.934018
15.3333,17.8333,110.500699
15.5000,17.8333,96.403191
15.6667,17.8333,84.400695
15.8333,17.8333,75.178461
16.0000,17.8333,69.213664
16.1667,17.8333,66.675288
16.3333,17.8333,67.379908
16.5000,17.8333,70.790164
16.6667,17.8333,76.023335
16.8333,17.8333,81.854095
17.0000,17.8333,86.733001
17.1667,17.8333,88.858989
17.3333,17.8333,86.311443
17.5000,17.8333,77.185244
17.6667,17.8333,59.638166
17.8333,17.8333,31.798163
18.0000,17.8333,-8.428736
18.1667,17.8333,-63.537913
18.3333,17.8333,-136.502261
18.5000,17.8333,-230.756542
18.6667,17.8333,-350.193489
18.8333,17.8333,-499.269202
19.0000,17.8333,-683.220521
19.1667,17.8333,-908.328051
19.3333,17.8333,-1182.229385
19.5000,17.8333,-1514.475348
19.6667,17.8333,-1917.648094
19.8333,17.8333,-2409.208895
20.0000,17.8333,-3013.733971
20.1667,17.8333,-3764.473682
20.3333,17.8333,-4702.543901
20.5000,17.8333,-5871.886763
20.6667,17.8333,-7308.781442
20.8333,17.8333,-9026.383102
21.0000,17.8333,-10997.291843
21.1667,17.8333,-13139.559333
21.3333,17.8333,-15312.479343
21.5000,17.8333,-17327.049055
21.6667,17.8333,-18972.225368
21.8333,17.8333,-20052.978889
22.0000,17.8333,-20431.100603
22.1667,17.8333,-20056.790863
22.3333,17.8333,-18980.503339
22.5000,17.8333,-17340.843186
22.6667,17.8333,-15332.822388
22.8333,17.8333,-13167.058119
23.0000,17.8333,-11031.874817
23.1667,17.8333,-9067.284033
23.3333,17.8333,-7354.742093
23.5000,17.8333,-5921.480833
23.6667,17.8333,-4754.489947
23.8333,17.8333,-3817.822646
24.0000,17.8333,-3067.877434
24.1667,17.8333,-2463.734979
24.3333,17.8333,-1972.139796
24.5000,17.8333,-1568.367025
24.6667,17.8333,-1234.799499
24.8333,17.8333,-958.832763
25.0000,17.8333,-731.105414
25.1667,17.8333,-544.365973
25.3333,17.8333,-392.819182
25.5000,17.8333,-271.670078
25.6667,17.8333,-176.718801
25.8333,17.8333,-104.042667
26.0000,17.8333,-49.860985
26.1667,17.8333,-10.593320
26.3333,17.8333,16.992532
26.5000,17.8333,35.676383
26.6667,17.8333,47.787699
26.8333,17.8333,55.276776
27.0000,17.8333,59.774021
27.1667,17.8333,62.590446
27.3333,17.8333,64.677511
27.5000,17.8333,66.598988
27.6667,17.8333,68.551933
27.8333,17.8333,70.436204
28.0000,17.8333,71.950312
28.1667,17.8333,72.695722
28.3333,17.8333,72.282403
28.5000,17.8333,70.426561
28.6667,17.8333,67.021243
28.8333,17.8333,62.159032
29.0000,17.8333,56.101154
29.1667,17.8333,49.209092
29.3333,17.8333,41.867276
29.5000,17.8333,34.421735
29.6667,17.8333,27.146031
29.8333,17.8333,20.232526
30.0000,17.8333,13.800306
0.0000,18.0000,-0.911930
0.1667,18.0000,-0.206110
0.3333,18.0000,0.464506
0.5000,18.0000,1.062655
0.6667,18.0000,1.542605
0.8333,18.0000,1.854954
1.0000,18.0000,1.957657
1.1667,18.0000,1.834531
1.3333,18.0000,1.519427
1.5000,18.0000,1.119201
1.6667,18.0000,0.823780
1.8333,18.0000,0.890840
2.0000,18.0000,1.598866
2.1667,18.0000,3.174973
2.3333,18.0000,5.717801
2.5000,18.0000,9.144132
2.6667,18.0000,13.185812
2.8333,18.0000,17.450019
3.0000,18.0000,21.534358
3.1667,18.0000,25.165154
3.3333,18.0000,28.310910
3.5000,18.0000,31.222144
3.6667,18.0000,34.369961
3.8333,18.0000,38.297050
4.0000,18.0000,43.440373
4.1667,18.0000,50.007251
4.3333,18.0000,57.964176
4.5000,18.0000,67.136989
4.6667,18.0000,77.359207
4.8333,18.0000,88.584102
5.0000,18.0000,100.908097
5.1667,18.0000,114.510644
5.3333,18.0000,129.556973
5.5000,18.0000,146.113824
5.6667,18.0000,164.105894
5.8333,18.0000,183.315966
6.0000,18.0000,203.417408
6.1667,18.0000,224.021425
6.3333,18.0000,244.719106
6.5000,18.0000,265.102932
6.6667,18.0000,284.767423
6.8333,18.0000,303.306527
7.0000,18.0000,320.332244
7.1667,18.0000,335.526363
7.3333,18.0000,348.711470
7.5000,18.0000,359.906568
7.6667,18.0000,369.332852
7.8333,18.0000,377.358960
8.0000,18.0000,384.409421
8.1667,18.0000,390.881645
8.3333,18.0000,397.106921
8.5000,18.0000,403.354149
8.6667,18.0000,409.840080
8.8333,18.0000,416.707511
9.0000,18.0000,423.968431
9.1667,18.0000,431.452419
9.3333,18.0000,438.810311
9.5000,18.0000,445.588672
9.6667,18.0000,451.341257
9.8333,18.0000,455.720560
10.0000,18.0000,458.511540
10.1667,18.0000,459.610445
10.3333,18.0000,458.981085
10.5000,18.0000,456.624445
10.6667,18.0000,452.581926
10.8333,18.0000,446.968314
11.0000,18.0000,440.006105
11.1667,18.0000,432.019111
11.3333,18.0000,423.356169
11.5000,18.0000,414.262089
11.6667,18.0000,404.767594
11.8333,18.0000,394.682310
12.0000,18.0000,383.716353
12.1667,18.0000,371.660831
12.3333,18.0000,358.504504
12.5000,18.0000,344.407349
12.6667,18.0000,329.563150
12.8333,18.0000,314.069045
13.0000,18.0000,297.908206
13.1667,18.0000,281.055707
13.3333,18.0000,263.619350
13.5000,18.0000,245.903079
13.6667,18.0000,228.340043
13.8333,18.0000,211.331502
14.0000,18.0000,195.083687
14.1667,18.0000,179.529315
14.3333,18.0000,164.367849
14.5000,18.0000,149.196110
14.6667,18.0000,133.664242
14.8333,18.0000,117.596278
15.0000,18.0000,101.048391
15.1667,18.0000,84.312747
15.3333,18.0000,67.886094
15.5000,18.0000,52.410887
15.6667,18.0000,38.585140
15.8333,18.0000,27.043719
16.0000,18.0000,18.233942
16.1667,18.0000,12.319287
16.3333,18.0000,9.130500
16.5000,18.0000,8.154264
16.6667,18.0000,8.534162
16.8333,18.0000,9.073283
17.0000,18.0000,8.258233
17.1667,18.0000,4.334922
17.3333,18.0000,-4.564638
17.5000,18.0000,-20.298560
17.6667,18.0000,-44.674165
17.8333,18.0000,-79.533109
18.0000,18.0000,-126.924316
18.1667,18.0000,-189.267235
18.3333,18.0000,-269.429406
18.5000,18.0000,-370.731366
18.6667,18.0000,-496.967426
18.8333,18.0000,-652.519771
19.0000,18.0000,-842.557977
19.1667,18.0000,-1073.260895
19.3333,18.0000,-1352.072629
19.5000,18.0000,-1688.183465
19.6667,18.0000,-2093.542178
19.8333,18.0000,-2584.560337
20.0000,18.0000,-3184.188545
20.1667,18.0000,-3923.365356
20.3333,18.0000,-4840.252181
20.5000,18.0000,-5975.506575
20.6667,18.0000,-7362.448867
20.8333,18.0000,-9012.566654
21.0000,18.0000,-10899.166716
21.1667,18.0000,-12944.243939
21.3333,18.0000,-15014.530001
21.5000,18.0000,-16931.333522
21.6667,18.0000,-18495.261754
21.8333,18.0000,-19522.090611
22.0000,18.0000,-19881.268389
22.1667,18.0000,-19525.746836
22.3333,18.0000,-18503.177550
22.5000,18.0000,-16944.492363
22.6667,18.0000,-15033.936443
22.8333,18.0000,-12970.565358
23.0000,18.0000,-10932.503823
23.1667,18.0000,-9052.421494
23.3333,18.0000,-7407.878019
23.5000,18.0000,-6025.378691
23.6667,18.0000,-4893.496563
23.8333,18.0000,-3979.110803
24.0000,18.0000,-3241.745194
24.1667,18.0000,-2643.273604
24.3333,18.0000,-2152.613685
24.5000,18.0000,-1746.572748
24.6667,18.0000,-1408.552222
24.8333,18.0000,-1126.619182
25.0000,18.0000,-891.872526
25.1667,18.0000,-697.391935
25.3333,18.0000,-537.623712
25.5000,18.0000,-407.945534
25.6667,18.0000,-304.280647
25.8333,18.0000,-222.802530
26.0000,18.0000,-159.820486
26.1667,18.0000,-111.850411
26.3333,18.0000,-75.764679
26.5000,18.0000,-48.890409
26.6667,18.0000,-28.998898
26.8333,18.0000,-14.227221
27.0000,18.0000,-3.013931
27.1667,18.0000,5.905396
27.3333,18.0000,13.461726
27.5000,18.0000,20.227137
27.6667,18.0000,26.435893
27.8333,18.0000,32.050396
28.0000,18.0000,36.849836
28.1667,18.0000,40.524551
28.3333,18.0000,42.770272
28.5000,18.0000,43.375313
28.6667,18.0000,42.283890
28.8333,18.0000,39.616698
29.0000,18.0000,35.643195
29.1667,18.0000,30.719914
29.3333,18.0000,25.220629
29.5000,18.0000,19.481042
29.6667,18.0000,13.768257
29.8333,18.0000,8.273285
30.0000,18.0000,3.118627
0.0000,18.1667,-2.239586
0.1667,18.1667,-1.684979
0.3333,18.1667,-1.175204
0.5000,18.1667,-0.744104
0.6667,18.1667,-0.432984
0.8333,18.1667,-0.286707
1.0000,18.1667,-0.344362
1.1667,18.1667,-0.623118
1.3333,18.1667,-1.096460
1.5000,18.1667,-1.672568
1.6667,18.1667,-2.183340
1.8333,18.1667,-2.396186
2.0000,18.1667,-2.055839
2.1667,18.1667,-0.951880
2.3333,18.1667,1.006590
2.5000,18.1667,3.737660
2.6667,18.1667,6.982724
2.8333,18.1667,10.366453
3.0000,18.1667,13.511872
3.1667,18.1667,16.176986
3.3333,18.1667,18.363435
3.5000,18.1667,20.349451
3.6667,18.1667,22.623321
3.8333,18.1667,25.734727
4.0000,18.1667,30.123052
4.1667,18.1667,35.999418
4.3333,18.1667,43.335392
4.5000,18.1667,51.954686
4.6667,18.1667,61.669048
4.8333,18.1667,72.382621
5.0000,18.1667,84.119092
5.1667,18.1667,96.977058
5.3333,18.1667,111.053817
5.5000,18.1667,126.379003
5.6667,18.1667,142.879066
5.8333,18.1667,160.373291
6.0000,18.1667,178.592682
6.1667,18.1667,197.210508
6.3333,18.1667,215.871886
6.5000,18.1667,234.211673
6.6667,18.1667,251.859522
6.8333,18.1667,268.444159
7.0000,18.1667,283.614728
7.1667,18.1667,297.087680
7.3333,18.1667,308.707164
7.5000,18.1667,318.489898
7.6667,18.1667,326.626144
7.8333,18.1667,333.429384
8.0000,18.1667,339.257153
8.1667,18.1667,344.443491
8.3333,18.1667,349.273147
8.5000,18.1667,353.993701
8.6667,18.1667,358.830033
8.8333,18.1667,363.963857
9.0000,18.1667,369.474496
9.1667,18.1667,375.278581
9.3333,18.1667,381.118164
9.5000,18.1667,386.617166
9.6667,18.1667,391.380349
9.8333,18.1667,395.083997
10.0000,18.1667,397.519944
10.1667,18.1667,398.588710
10.3333,18.1667,398.265300
10.5000,18.1667,396.568583
10.6667,18.1667,393.555420
10.8333,18.1667,389.340387
11.0000,18.1667,384.118528
11.1667,18.1667,378.154056
11.3333,18.1667,371.709046
11.5000,18.1667,364.928787
11.6667,18.1667,357.749936
11.8333,18.1667,349.906673
12.0000,18.1667,341.054066
12.1667,18.1667,330.940177
12.3333,18.1667,319.512497
12.5000,18.1667,306.888877
12.6667,18.1667,293.228417
12.8333,18.1667,278.615209
13.0000,18.1667,263.051477
13.1667,18.1667,246.562619
13.3333,18.1667,229.325458
13.5000,18.1667,211.713725
13.6667,18.1667,194.216281
13.8333,18.1667,177.269365
14.0000,18.1667,161.094553
14.1667,18.1667,145.625219
14.3333,18.1667,130.551599
14.5000,18.1667,115.454024
14.6667,18.1667,99.958874
14.8333,18.1667,83.856581
15.0000,18.1667,67.155559
15.1667,18.1667,50.082138
15.3333,18.1667,33.049193
15.5000,18.1667,16.604190
15.6667,18.1667,1.352497
15.8333,18.1667,-12.145667
16.0000,18.1667,-23.488045
16.1667,18.1667,-32.523477
16.3333,18.1667,-39.405573
16.5000,18.1667,-44.611609
16.6667,18.1667,-48.945841
16.8333,18.1667,-53.535908
17.0000,18.1667,-59.807132
17.1667,18.1667,-69.412099
17.3333,18.1667,-84.119745
17.5000,18.1667,-105.711460
17.6667,18.1667,-135.950345
17.8333,18.1667,-176.656691
18.0000,18.1667,-229.854990
18.1667,18.1667,-297.911540
18.3333,18.1667,-383.603147
18.5000,18.1667,-490.132417
18.6667,18.1667,-621.164455
18.8333,18.1667,-780.944538
19.0000,18.1667,-974.481394
19.1667,18.1667,-1207.738088
19.3333,18.1667,-1487.847019
19.5000,18.1667,-1823.529840
19.6667,18.1667,-2226.004983
19.8333,18.1667,-2710.527691
20.0000,18.1667,-3298.265457
20.1667,18.1667,-4017.590208
20.3333,18.1667,-4903.331569
20.5000,18.1667,-5992.389508
20.6667,18.1667,-7314.658876
20.8333,18.1667,-8879.678044
21.0000,18.1667,-10661.585920
21.1667,18.1667,-12587.051213
21.3333,18.1667,-14531.669425
21.5000,18.1667,-16329.095700
21.6667,18.1667,-17793.946045
21.8333,18.1667,-18755.037686
22.0000,18.1667,-19091.091379
22.1667,18.1667,-18758.406909
22.3333,18.1667,-17801.257721
22.5000,18.1667,-16341.301839
22.6667,18.1667,-14549.785203
22.8333,18.1667,-12611.832698
23.0000,18.1667,-10693.309315
23.1667,18.1667,-8918.081757
23.3333,18.1667,-7359.044773
23.5000,18.1667,-6041.821632
23.6667,18.1667,-4956.838417
23.8333,18.1667,-4074.281412
24.0000,18.1667,-3357.317328
24.1667,18.1667,-2771.060968
24.3333,18.1667,-2286.940260
24.5000,18.1667,-1883.525273
24.6667,18.1667,-1545.384872
24.8333,18.1667,-1261.352168
25.0000,18.1667,-1023.047097
25.1667,18.1667,-823.919723
25.3333,18.1667,-658.683209
25.5000,18.1667,-522.906252
25.6667,18.1667,-412.654574
25.8333,18.1667,-324.224922
26.0000,18.1667,-254.053889
26.1667,18.1667,-198.797984
26.3333,18.1667,-155.478363
26.5000,18.1667,-121.566024
26.6667,18.1667,-94.958820
26.8333,18.1667,-73.896298
27.0000,18.1667,-56.893790
27.1667,18.1667,-42.737915
27.3333,18.1667,-30.521975
27.5000,18.1667,-19.669651
27.6667,18.1667,-9.913649
27.8333,18.1667,-1.232552
28.0000,18.1667,6.231598
28.1667,18.1667,12.258410
28.3333,18.1667,16.631975
28.5000,18.1667,19.216362
28.6667,18.1667,20.009905
28.8333,18.1667,19.162192
29.0000,18.1667,16.948995
29.1667,18.1667,13.717750
29.3333,18.1667,9.826214
29.5000,18.1667,5.594151
29.6667,18.1667,1.276996
29.8333,18.1667,-2.940146
30.0000,18.1667,-6.935259
0.0000,18.3333,-3.444922
0.1667,18.3333,-3.017505
0.3333,18.3333,-2.640802
0.5000,18.3333,-2.345064
0.6667,18.3333,-2.166994
0.8333,18.3333,-2.146644
1.0000,18.3333,-2.319700
1.1667,18.3333,-2.703736
1.3333,18.3333,-3.279120
1.5000,18.3333,-3.969196
1.6667,18.3333,-4.628945
1.8333,18.3333,-5.053475
2.0000,18.3333,-5.014163
2.1667,18.3333,-4.320003
2.3333,18.3333,-2.887633
2.5000,18.3333,-0.792516
2.6667,18.3333,1.726957
2.8333,18.3333,4.327397
3.0000,18.3333,6.671323
3.1667,18.3333,8.556854
3.3333,18.3333,10.017251
3.5000,18.3333,11.345781
3.6667,18.3333,13.026656
3.8333,18.3333,15.591973
4.0000,18.3333,19.461278
4.1667,18.3333,24.833486
4.3333,18.3333,31.677229
4.5000,18.3333,39.814447
4.6667,18.3333,49.043965
4.8333,18.3333,59.238071
5.0000,18.3333,70.372166
5.1667,18.3333,82.491955
5.3333,18.3333,95.652107
5.5000,18.3333,109.860878
5.6667,18.3333,125.047867
5.8333,18.3333,141.055786
6.0000,18.3333,157.650688
6.1667,18.3333,174.543797
6.3333,18.3333,191.416352
6.5000,18.3333,207.938625
6.6667,18.3333,223.780086
6.8333,18.3333,238.617596
7.0000,18.3333,252.154197
7.1667,18.3333,264.155202
7.3333,18.3333,274.493214
7.5000,18.3333,283.180329
7.6667,18.3333,290.366126
7.8333,18.3333,296.296742
8.0000,18.3333,301.254080
8.1667,18.3333,305.507656
8.3333,18.3333,309.301546
8.5000,18.3333,312.869994
8.6667,18.3333,316.449375
8.8333,18.3333,320.254382
9.0000,18.3333,324.416402
9.1667,18.3333,328.919111
9.3333,18.3333,333.577767
9.5000,18.3333,338.083382
9.6667,18.3333,342.091578
9.8333,18.3333,345.310764
10.0000,18.3333,347.551410
10.1667,18.3333,348.726651
10.3333,18.3333,348.821016
10.5000,18.3333,347.855516
10.6667,18.3333,345.873048
10.8333,18.3333,342.950710
11.0000,18.3333,339.221312
11.1667,18.3333,334.869027
11.3333,18.3333,330.072399
11.5000,18.3333,324.907364
11.6667,18.3333,319.269060
11.8333,18.3333,312.879711
12.0000,18.3333,305.399284
12.1667,18.3333,296.577511
12.3333,18.3333,286.346373
12.5000,18.3333,274.793292
12.6667,18.3333,262.048689
12.8333,18.3333,248.188297
13.0000,18.3333,233.233208
13.1667,18.3333,217.245747
13.3333,18.3333,200.439520
13.5000,18.3333,183.209891
13.6667,18.3333,166.048728
13.8333,18.3333,149.384555
14.0000,18.3333,133.432942
14.1667,18.3333,118.131963
14.3333,18.3333,103.188298
14.5000,18.3333,88.203729
14.6667,18.3333,72.819612
14.8333,18.3333,56.822328
15.0000,18.3333,40.186961
15.1667,18.3333,23.072497
15.3333,18.3333,5.794132
15.5000,18.3333,-11.215710
15.6667,18.3333,-27.464724
15.8333,18.3333,-42.484543
16.0000,18.3333,-55.931067
16.1667,18.3333,-67.674716
16.3333,18.3333,-77.858034
16.5000,18.3333,-86.919163
16.6667,18.3333,-95.595727
16.8333,18.3333,-104.918683
17.0000,18.3333,-116.187576
17.1667,18.3333,-130.912009
17.3333,18.3333,-150.724408
17.5000,18.3333,-177.302135
17.6667,18.3333,-212.349633
17.8333,18.3333,-257.663358
18.0000,18.3333,-315.249124
18.1667,18.3333,-387.428141
18.3333,18.3333,-476.889184
18.5000,18.3333,-586.705340
18.6667,18.3333,-720.377996
18.8333,18.3333,-881.952722
19.0000,18.3333,-1076.187575
19.1667,18.3333,-1308.722537
19.3333,18.3333,-1586.268807
19.5000,18.3333,-1916.981160
19.6667,18.3333,-2311.262156
19.8333,18.3333,-2783.119804
20.0000,18.3333,-3351.805768
20.1667,18.3333,-4042.909164
20.3333,18.3333,-4887.604776
20.5000,18.3333,-5918.627328
20.6667,18.3333,-7162.043374
20.8333,18.3333,-8625.203051
21.0000,18.3333,-10283.202458
21.1667,18.3333,-12068.054846
21.3333,18.3333,-13865.522801
21.5000,18.3333,-15523.471523
21.6667,18.3333,-16872.692693
21.8333,18.3333,-17757.106072
22.0000,18.3333,-18066.196727
22.1667,18.3333,-17760.161852
22.3333,18.3333,-16879.358151
22.5000,18.3333,-15534.682924
22.6667,18.3333,-13882.316432
22.8333,18.3333,-12091.269163
23.0000,18.3333,-10313.256831
23.1667,18.3333,-8662.010221
23.3333,18.3333,-7205.062196
23.5000,18.3333,-5967.013352
23.6667,18.3333,-4940.383422
23.8333,18.3333,-4099.092506
24.0000,18.3333,-3410.405872
24.1667,18.3333,-2843.070232
24.3333,18.3333,-2371.315818
24.5000,18.3333,-1975.673719
24.6667,18.3333,-1642.007692
24.8333,18.3333,-1359.998271
25.0000,18.3333,-1121.840080
25.1667,18.3333,-921.390530
25.3333,18.3333,-753.656866
25.5000,18.3333,-614.422626
25.6667,18.3333,-499.922698
25.8333,18.3333,-406.610721
26.0000,18.3333,-331.090589
26.1667,18.3333,-270.200833
26.3333,18.3333,-221.147753
26.5000,18.3333,-181.573267
26.6667,18.3333,-149.519083
26.8333,18.3333,-123.337303
27.0000,18.3333,-101.626092
27.1667,18.3333,-83.227380
27.3333,18.3333,-67.262290
27.5000,18.3333,-53.153776
27.6667,18.3333,-40.605587
27.8333,18.3333,-29.542255
28.0000,18.3333,-20.032553
28.1667,18.3333,-12.212767
28.3333,18.3333,-6.214521
28.5000,18.3333,-2.100904
28.6667,18.3333,0.178182
28.8333,18.3333,0.798633
29.0000,18.3333,0.039269
29.1667,18.3333,-1.765491
29.3333,18.3333,-4.278151
29.5000,18.3333,-7.199072
29.6667,18.3333,-10.288375
29.8333,18.3333,-13.370388
30.0000,18.3333,-16.326746
0.0000,18.5000,-4.517669
0.1667,18.5000,-4.190997
0.3333,18.5000,-3.916730
0.5000,18.5000,-3.721350
0.6667,18.5000,-3.636771
0.8333,18.5000,-3.697910
1.0000,18.5000,-3.936428
1.1667,18.5000,-4.369302
1.3333,18.5000,-4.982518
1.5000,18.5000,-5.713519
1.6667,18.5000,-6.440190
1.8333,18.5000,-6.986646
2.0000,18.5000,-7.153636
2.1667,18.5000,-6.772513
2.3333,18.5000,-5.768472
2.5000,18.5000,-4.207497
2.6667,18.5000,-2.299993
2.8333,18.5000,-0.346675
3.0000,18.5000,1.364190
3.1667,18.5000,2.674871
3.3333,18.5000,3.645482
3.5000,18.5000,4.570685
3.6667,18.5000,5.911148
3.8333,18.5000,8.160807
4.0000,18.5000,11.702080
4.1667,18.5000,16.710497
4.3333,18.5000,23.147881
4.5000,18.5000,30.838179
4.6667,18.5000,39.578726
4.8333,18.5000,49.228387
5.0000,18.5000,59.737503
5.1667,18.5000,71.122750
5.3333,18.5000,83.415361
5.5000,18.5000,96.612083
5.6667,18.5000,110.644076
5.8333,18.5000,125.365873
6.0000,18.5000,140.561365
6.1667,18.5000,155.962501
6.3333,18.5000,171.274061
6.5000,18.5000,186.196075
6.6667,18.5000,200.438722
6.8333,18.5000,213.732169
7.0000,18.5000,225.839727
7.1667,18.5000,236.580525
7.3333,18.5000,245.857790
7.5000,18.5000,253.678749
7.6667,18.5000,260.151421
7.8333,18.5000,265.455395
8.0000,18.5000,269.800964
8.1667,18.5000,273.400063
8.3333,18.5000,276.463521
8.5000,18.5000,279.216289
8.6667,18.5000,281.903242
8.8333,18.5000,284.760340
9.0000,18.5000,287.952100
9.1667,18.5000,291.507530
9.3333,18.5000,295.296290
9.5000,18.5000,299.065208
9.6667,18.5000,302.518696
9.8333,18.5000,305.402490
10.0000,18.5000,307.553537
10.1667,18.5000,308.902560
10.3333,18.5000,309.441410
10.5000,18.5000,309.182221
10.6667,18.5000,308.135641
10.8333,18.5000,306.320178
11.0000,18.5000,303.788884
11.1667,18.5000,300.638894
11.3333,18.5000,296.974120
11.5000,18.5000,292.827575
11.6667,18.5000,288.093307
11.8333,18.5000,282.527790
12.0000,18.5000,275.837787
12.1667,18.5000,267.804720
12.3333,18.5000,258.361660
12.5000,18.5000,247.573134
12.6667,18.5000,235.545437
12.8333,18.5000,222.349883
13.0000,18.5000,208.026167
13.1667,18.5000,192.662403
13.3333,18.5000,176.483017
13.5000,18.5000,159.867051
13.6667,18.5000,143.268558
13.8333,18.5000,127.075802
14.0000,18.5000,111.482421
14.1667,18.5000,96.434467
14.3333,18.5000,81.674272
14.5000,18.5000,66.852967
14.6667,18.5000,51.655234
14.8333,18.5000,35.885786
15.0000,18.5000,19.499788
15.1667,18.5000,2.593661
15.3333,18.5000,-14.616658
15.5000,18.5000,-31.819177
15.6667,18.5000,-48.642166
15.8333,18.5000,-64.717976
16.0000,18.5000,-79.770477
16.1667,18.5000,-93.701496
16.3333,18.5000,-106.650307
16.5000,18.5000,-119.018752
16.6667,18.5000,-131.473016
16.8333,18.5000,-144.934039
17.0000,18.5000,-160.555330
17.1667,18.5000,-179.679757
17.3333,18.5000,-203.779623
17.5000,18.5000,-234.407198
17.6667,18.5000,-273.190703
17.8333,18.5000,-321.888810
18.0000,18.5000,-382.477931
18.1667,18.5000,-457.225205
18.3333,18.5000,-548.720431
18.5000,18.5000,-659.888099
18.6667,18.5000,-794.031596
18.8333,18.5000,-954.942377
19.0000,18.5000,-1147.053734
19.1667,18.5000,-1375.595795
19.3333,18.5000,-1646.770437
19.5000,18.5000,-1968.086046
19.6667,18.5000,-2349.059654
19.8333,18.5000,-2802.379708
20.0000,18.5000,-3345.281676
20.1667,18.5000,-4000.414523
20.3333,18.5000,-4795.067836
20.5000,18.5000,-5757.524549
20.6667,18.5000,-6909.746224
20.8333,18.5000,-8256.746216
21.0000,18.5000,-9774.708341
21.1667,18.5000,-11401.539704
21.3333,18.5000,-13034.208598
21.5000,18.5000,-14536.267423
21.6667,18.5000,-15756.402373
21.8333,18.5000,-16555.274360
22.0000,18.5000,-16834.320194
22.1667,18.5000,-16558.069192
22.3333,18.5000,-15762.525237
22.5000,18.5000,-14546.631720
22.6667,18.5000,-13049.851953
22.8333,18.5000,-11423.344403
23.0000,18.5000,-9803.177575
23.1667,18.5000,-8291.890751
23.3333,18.5000,-6951.097537
23.5000,18.5000,-5804.249029
23.6667,18.5000,-4846.123645
23.8333,18.5000,-4054.681446
24.0000,18.5000,-3401.614524
24.1667,18.5000,-2859.582543
24.3333,18.5000,-2405.827665
24.5000,18.5000,-2022.985271
24.6667,18.5000,-1698.308543
24.8333,18.5000,-1422.389235
25.0000,18.5000,-1188.042405
25.1667,18.5000,-989.567796
25.3333,18.5000,-822.295914
25.5000,18.5000,-682.253468
25.6667,18.5000,-565.876430
25.8333,18.5000,-469.812229
26.0000,18.5000,-390.870712
26.1667,18.5000,-326.106667
26.3333,18.5000,-272.936253
26.5000,18.5000,-229.186577
26.6667,18.5000,-193.050245
26.8333,18.5000,-162.996245
27.0000,18.5000,-137.710084
27.1667,18.5000,-116.094145
27.3333,18.5000,-97.302481
27.5000,18.5000,-80.762156
27.6667,18.5000,-66.153228
27.8333,18.5000,-53.352760
28.0000,18.5000,-42.364419
28.1667,18.5000,-33.249524
28.3333,18.5000,-26.064499
28.5000,18.5000,-20.807773
28.6667,18.5000,-17.384342
28.8333,18.5000,-15.597520
29.0000,18.5000,-15.169824
29.1667,18.5000,-15.783377
29.3333,18.5000,-17.123862
29.5000,18.5000,-18.914287
29.6667,18.5000,-20.932647
29.8333,18.5000,-23.014909
30.0000,18.5000,-25.048537
0.0000,18.6667,-5.456961
0.1667,18.6667,-5.204987
0.3333,18.6667,-5.003117
0.5000,18.6667,-4.873940
0.6667,18.6667,-4.844485
0.8333,18.6667,-4.944303
1.0000,18.6667,-5.200467
1.1667,18.6667,-5.628270
1.3333,18.6667,-6.217695
1.5000,18.6667,-6.918447
1.6667,18.6667,-7.629957
1.8333,18.6667,-8.205234
2.0000,18.6667,-8.475815
2.1667,18.6667,-8.297627
2.3333,18.6667,-7.605670
2.5000,18.6667,-6.454877
2.6667,18.6667,-5.022674
2.8333,18.6667,-3.560292
3.0000,18.6667,-2.301612
3.1667,18.6667,-1.360318
3.3333,18.6667,-0.656735
3.5000,18.6667,0.091569
3.6667,18.6667,1.304952
3.8333,18.6667,3.423243
4.0000,18.6667,6.779871
4.1667,18.6667,11.521005
4.3333,18.6667,17.602060
4.5000,18.6667,24.855530
4.6667,18.6667,33.089278
4.8333,18.6667,42.164905
5.0000,18.6667,52.025621
5.1667,18.6667,62.675496
5.3333,18.6667,74.133959
5.5000,18.6667,86.390983
5.6667,18.6667,99.377134
5.8333,18.6667,112.951720
6.0000,18.6667,126.907618
6.1667,18.6667,140.989706
6.3333,18.6667,154.921070
6.5000,18.6667,168.428633
6.6667,18.6667,181.261372
6.8333,18.6667,193.200245
7.0000,18.6667,204.065093
7.1667,18.6667,213.724674
7.3333,18.6667,222.110149
7.5000,18.6667,229.224837
7.6667,18.6667,235.141127
7.8333,18.6667,239.982569
8.0000,18.6667,243.900591
8.1667,18.6667,247.060968
8.3333,18.6667,249.647789
8.5000,18.6667,251.875897
8.6667,18.6667,253.989826
8.8333,18.6667,256.231093
9.0000,18.6667,258.777562
9.1667,18.6667,261.683654
9.3333,18.6667,264.857457
9.5000,18.6667,268.092349
9.6667,18.6667,271.139217
9.8333,18.6667,273.783350
10.0000,18.6667,275.891020
10.1667,18.6667,277.410627
10.3333,18.6667,278.337538
10.5000,18.6667,278.668742
10.6667,18.6667,278.376779
10.8333,18.6667,277.418755
11.0000,18.6667,275.769758
11.1667,18.6667,273.447000
11.3333,18.6667,270.492622
11.5000,18.6667,266.915203
11.6667,18.6667,262.630375
11.8333,18.6667,257.452570
12.0000,18.6667,251.156250
12.1667,18.6667,243.569992
12.3333,18.6667,234.637852
12.5000,18.6667,224.407728
12.6667,18.6667,212.966331
12.8333,18.6667,200.383132
13.0000,18.6667,186.714354
13.1667,18.6667,172.063980
13.3333,18.6667,156.648595
13.5000,18.6667,140.806363
13.6667,18.6667,124.928860
13.8333,18.6667,109.345564
14.0000,18.6667,94.219947
14.1667,18.6667,79.508795
14.3333,18.6667,65.001190
14.5000,18.6667,50.412576
14.6667,18.6667,35.485563
14.8333,18.6667,20.055246
15.0000,18.6667,4.066638
15.1667,18.6667,-12.437416
15.3333,18.6667,-29.331224
15.5000,18.6667,-46.415248
15.6667,18.6667,-63.433657
15.8333,18.6667,-80.119901
16.0000,18.6667,-96.271068
16.1667,18.6667,-111.828349
16.3333,18.6667,-126.935495
16.5000,18.6667,-141.963291
16.6667,18.6667,-157.508328
16.8333,18.6667,-174.380344
17.0000,18.6667,-193.583487
17.1667,18.6667,-216.288768
17.3333,18.6667,-243.800612
17.5000,18.6667,-277.534115
17.6667,18.6667,-319.023711
17.8333,18.6667,-369.967976
18.0000,18.6667,-432.289532
18.1667,18.6667,-508.177778
18.3333,18.6667,-600.101119
18.5000,18.6667,-710.811495
18.6667,18.6667,-843.384031
18.8333,18.6667,-1001.315654
19.0000,18.6667,-1188.663850
19.1667,18.6667,-1410.190783
19.3333,18.6667,-1671.529741
19.5000,18.6667,-1979.487420
19.6667,18.6667,-2342.645113
19.8333,18.6667,-2772.321890
20.0000,18.6667,-3283.677822
20.1667,18.6667,-3896.342185
20.3333,18.6667,-4633.614527
20.5000,18.6667,-5519.206125
20.6667,18.6667,-6570.872835
20.8333,18.6667,-7791.270638
21.0000,18.6667,-9157.810259
21.1667,18.6667,-10614.668467
21.3333,18.6667,-12070.674190
21.5000,18.6667,-13405.976691
21.6667,18.6667,-14488.209548
21.8333,18.6667,-15195.779083
22.0000,18.6667,-15442.801890
22.1667,18.6667,-15198.403028
22.3333,18.6667,-14493.958522
22.5000,18.6667,-13415.715976
22.6667,18.6667,-12085.400723
22.8333,18.6667,-10635.249211
23.0000,18.6667,-9184.760682
23.1667,18.6667,-7824.625592
23.3333,18.6667,-6610.172641
23.5000,18.6667,-5563.585552
23.6667,18.6667,-4681.950280
23.8333,18.6667,-3947.398180
24.0000,18.6667,-3336.197603
24.1667,18.6667,-2825.052371
24.3333,18.6667,-2394.317442
24.5000,18.6667,-2028.805862
24.6667,18.6667,-1717.214597
24.8333,18.6667,-1451.089620
25.0000,18.6667,-1223.902469
25.1667,18.6667,-1030.426482
25.3333,18.6667,-866.344151
25.5000,18.6667,-727.954736
25.6667,18.6667,-611.927884
25.8333,18.6667,-515.139850
26.0000,18.6667,-434.639189
26.1667,18.6667,-367.721327
26.3333,18.6667,-312.024985
26.5000,18.6667,-265.565359
26.6667,18.6667,-226.684598
26.8333,18.6667,-193.968406
27.0000,18.6667,-166.193002
27.1667,18.6667,-142.327277
27.3333,18.6667,-121.565012
27.5000,18.6667,-103.343864
27.6667,18.6667,-87.326752
27.8333,18.6667,-73.350946
28.0000,18.6667,-61.364494
28.1667,18.6667,-51.364908
28.3333,18.6667,-43.345353
28.5000,18.6667,-37.251063
28.6667,18.6667,-32.951949
28.8333,18.6667,-30.238021
29.0000,18.6667,-28.838181
29.1667,18.6667,-28.454138
29.3333,18.6667,-28.796453
29.5000,18.6667,-29.611818
29.6667,18.6667,-30.696948
29.8333,18.6667,-31.900394
30.0000,18.6667,-33.116591
0.0000,18.8333,-6.270291
0.1667,18.8333,-6.069773
0.3333,18.8333,-5.913768
0.5000,18.8333,-5.820968
0.6667,18.8333,-5.813554
0.8333,18.8333,-5.915669
1.0000,18.8333,-6.149448
1.1667,18.8333,-6.527605
1.3333,18.8333,-7.042534
1.5000,18.8333,-7.654065
1.6667,18.8333,-8.281009
1.8333,18.8333,-8.803810
2.0000,18.8333,-9.084564
2.1667,18.8333,-9.004542
2.3333,18.8333,-8.509295
2.5000,18.8333,-7.642179
2.6667,18.8333,-6.545499
2.8333,18.8333,-5.418438
3.0000,18.8333,-4.439887
3.1667,18.8333,-3.683071
3.3333,18.8333,-3.057172
3.5000,18.8333,-2.303811
3.6667,18.8333,-1.055426
3.8333,18.8333,1.063409
4.0000,18.8333,4.330945
4.1667,18.8333,8.862642
4.3333,18.8333,14.610843
4.5000,18.8333,21.423907
4.6667,18.8333,29.130435
4.8333,18.8333,37.606359
5.0000,18.8333,46.798872
5.1667,18.8333,56.708207
5.3333,18.8333,67.347157
5.5000,18.8333,78.700410
5.6667,18.8333,90.696856
5.8333,18.8333,103.198701
6.0000,18.8333,116.006730
6.1667,18.8333,128.879052
6.3333,18.8333,141.557984
6.5000,18.8333,153.797017
6.6667,18.8333,165.380327
6.8333,18.8333,176.131911
7.0000,18.8333,185.917467
7.1667,18.8333,194.645030
7.3333,18.8333,202.267706
7.5000,18.8333,208.786339
7.6667,18.8333,214.247153
7.8333,18.8333,218.732769
8.0000,18.8333,222.351886
8.1667,18.8333,225.236149
8.3333,18.8333,227.547236
8.5000,18.8333,229.485511
8.6667,18.8333,231.283529
8.8333,18.8333,233.172248
9.0000,18.8333,235.325461
9.1667,18.8333,237.807265
9.3333,18.8333,240.552462
9.5000,18.8333,243.394297
9.6667,18.8333,246.127667
9.8333,18.8333,248.576686
10.0000,18.8333,250.635203
10.1667,18.8333,252.265311
10.3333,18.8333,253.461196
10.5000,18.8333,254.202911
10.6667,18.8333,254.429489
10.8333,18.8333,254.048544
11.0000,18.8333,252.974038
11.1667,18.8333,251.160850
11.3333,18.8333,248.604045
11.5000,18.8333,245.297939
11.6667,18.8333,241.185722
11.8333,18.8333,236.143094
12.0000,18.8333,230.014801
12.1667,18.8333,222.680159
12.3333,18.8333,214.099555
12.5000,18.8333,204.310496
12.6667,18.8333,193.384973
12.8333,18.8333,181.391535
13.0000,18.8333,168.398490
13.1667,18.8333,154.516445
13.3333,18.8333,139.942290
13.5000,18.8333,124.961707
13.6667,18.8333,109.894833
13.8333,18.8333,95.007385
14.0000,18.8333,80.431729
14.1667,18.8333,66.137380
14.3333,18.8333,51.963302
14.5000,18.8333,37.691841
14.6667,18.8333,23.125189
14.8333,18.8333,8.131017
15.0000,18.8333,-7.350315
15.1667,18.8333,-23.318559
15.3333,18.8333,-39.722292
15.5000,18.8333,-56.457005
15.6667,18.8333,-73.368794
15.8333,18.8333,-90.285061
16.0000,18.8333,-107.075894
16.1667,18.8333,-123.725941
16.3333,18.8333,-140.388745
16.5000,18.8333,-157.409133
16.6667,18.8333,-175.319659
16.8333,18.8333,-194.826402
17.0000,18.8333,-216.794124
17.1667,18.8333,-242.232404
17.3333,18.8333,-272.284246
17.5000,18.8333,-308.225022
17.6667,18.8333,-351.480777
17.8333,18.8333,-403.664356
18.0000,18.8333,-466.612740
18.1667,18.8333,-542.405508
18.3333,18.8333,-633.361182
18.5000,18.8333,-742.034459
18.6667,18.8333,-871.248932
18.8333,18.8333,-1024.182662
19.0000,18.8333,-1204.490952
19.1667,18.8333,-1416.439958
19.3333,18.8333,-1665.065373
19.5000,18.8333,-1956.442881
19.6667,18.8333,-2298.190083
19.8333,18.8333,-2700.234329
20.0000,18.8333,-3175.650810
20.1667,18.8333,-3741.060994
20.3333,18.8333,-4415.814503
20.5000,18.8333,-5219.122070
20.6667,18.8333,-6164.634040
20.8333,18.8333,-7252.773760
21.0000,18.8333,-8462.325033
21.1667,18.8333,-9743.903980
21.3333,18.8333,-11018.399960
21.5000,18.8333,-12182.792173
21.6667,18.8333,-13123.915359
21.8333,18.8333,-13738.160176
22.0000,18.8333,-13952.495321
22.1667,18.8333,-13740.700108
22.3333,18.8333,-13129.447867
22.5000,18.8333,-12192.101063
22.6667,18.8333,-11032.391425
22.8333,18.8333,-9763.366704
23.0000,18.8333,-8487.719782
23.1667,18.8333,-7284.101453
23.3333,18.8333,-6201.408229
23.5000,18.8333,-5260.441884
23.6667,18.8333,-4460.504481
23.8333,18.8333,-3787.825727
24.0000,18.8333,-3223.195069
24.1667,18.8333,-2747.323782
24.3333,18.8333,-2343.661373
24.5000,18.8333,-1999.197080
24.6667,18.8333,-1704.083353
24.8333,18.8333,-1450.840395
25.0000,18.8333,-1233.619812
25.1667,18.8333,-1047.692773
25.3333,18.8333,-889.118305
25.5000,18.8333,-754.494372
25.6667,18.8333,-640.752570
25.8333,18.8333,-545.026101
26.0000,18.8333,-464.625347
26.1667,18.8333,-397.099867
26.3333,18.8333,-340.313675
26.5000,18.8333,-292.465418
26.6667,18.8333,-252.040707
26.8333,18.8333,-217.739303
27.0000,18.8333,-188.430443
27.1667,18.8333,-163.155455
27.3333,18.8333,-141.155101
27.5000,18.8333,-121.884872
27.6667,18.8333,-104.997796
27.8333,18.8333,-90.299434
28.0000,18.8333,-77.691968
28.1667,18.8333,-67.120704
28.3333,18.8333,-58.528352
28.5000,18.8333,-51.819579
28.6667,18.8333,-46.840146
28.8333,18.8333,-43.374885
29.0000,18.8333,-41.164125
29.1667,18.8333,-39.931589
29.3333,18.8333,-39.413435
29.5000,18.8333,-39.379937
29.6667,18.8333,-39.646274
29.8333,18.8333,-40.073532
30.0000,18.8333,-40.563388
0.0000,19.0000,-6.971269
0.1667,19.0000,-6.803358
0.3333,19.0000,-6.672105
0.5000,19.0000,-6.592432
0.6667,19.0000,-6.581879
0.8333,19.0000,-6.659359
1.0000,19.0000,-6.842028
1.1667,19.0000,-7.139483
1.3333,19.0000,-7.545262
1.5000,19.0000,-8.027265
1.6667,19.0000,-8.521091
1.8333,19.0000,-8.932061
2.0000,19.0000,-9.150915
2.1667,19.0000,-9.083313
2.3333,19.0000,-8.685195
2.5000,19.0000,-7.988615
2.6667,19.0000,-7.101412
2.8333,19.0000,-6.172378
3.0000,19.0000,-5.329047
3.1667,19.0000,-4.610322
3.3333,19.0000,-3.922322
3.5000,19.0000,-3.039134
3.6667,19.0000,-1.652838
3.8333,19.0000,0.543611
4.0000,19.0000,3.772541
4.1667,19.0000,8.120824
4.3333,19.0000,13.542082
4.5000,19.0000,19.906422
4.6667,19.0000,27.069778
4.8333,19.0000,34.928719
5.0000,19.0000,43.439425
5.1667,19.0000,52.601341
5.3333,19.0000,62.421819
5.5000,19.0000,72.880465
5.6667,19.0000,83.905002
5.8333,19.0000,95.362465
6.0000,19.0000,107.065268
6.1667,19.0000,118.789555
6.3333,19.0000,130.300945
6.5000,19.0000,141.380425
6.6667,19.0000,151.843133
6.8333,19.0000,161.546356
7.0000,19.0000,170.388488
7.1667,19.0000,178.304429
7.3333,19.0000,185.262164
7.5000,19.0000,191.261375
7.6667,19.0000,196.331794
7.8333,19.0000,200.529958
8.0000,19.0000,203.936693
8.1667,19.0000,206.659442
8.3333,19.0000,208.839648
8.5000,19.0000,210.657749
8.6667,19.0000,212.323576
8.8333,19.0000,214.044540
9.0000,19.0000,215.977679
9.1667,19.0000,218.186085
9.3333,19.0000,220.623442
9.5000,19.0000,223.157861
9.6667,19.0000,225.624974
9.8333,19.0000,227.884412
10.0000,19.0000,229.852834
10.1667,19.0000,231.500228
10.3333,19.0000,232.815558
10.5000,19.0000,233.763819
10.6667,19.0000,234.261398
10.8333,19.0000,234.185960
11.0000,19.0000,233.414360
11.1667,19.0000,231.861288
11.3333,19.0000,229.489333
11.5000,19.0000,226.282859
11.6667,19.0000,222.207639
11.8333,19.0000,217.190491
12.0000,19.0000,211.136748
12.1667,19.0000,203.971910
12.3333,19.0000,195.674662
12.5000,19.0000,186.277932
12.6667,19.0000,175.843620
12.8333,19.0000,164.438841
13.0000,19.0000,152.138012
13.1667,19.0000,139.050132
13.3333,19.0000,125.346218
13.5000,19.0000,111.257958
13.6667,19.0000,97.036952
13.8333,19.0000,82.890058
14.0000,19.0000,68.922461
14.1667,19.0000,55.117112
14.3333,19.0000,41.359485
14.5000,19.0000,27.492163
14.6667,19.0000,13.369412
14.8333,19.0000,-1.113092
15.0000,19.0000,-16.017420
15.1667,19.0000,-31.374851
15.3333,19.0000,-47.189550
15.5000,19.0000,-63.430246
15.6667,19.0000,-80.025715
15.8333,19.0000,-96.884587
16.0000,19.0000,-113.944343
16.1667,19.0000,-131.232485
16.3333,19.0000,-148.914282
16.5000,19.0000,-167.312398
16.6667,19.0000,-186.902470
16.8333,19.0000,-208.299383
17.0000,19.0000,-232.246504
17.1667,19.0000,-259.612223
17.3333,19.0000,-291.394329
17.5000,19.0000,-328.733737
17.6667,19.0000,-372.938360
17.8333,19.0000,-425.511616
18.0000,19.0000,-488.172978
18.1667,19.0000,-562.859576
18.3333,19.0000,-651.712237
18.5000,19.0000,-757.067460
18.6667,19.0000,-881.482776
18.8333,19.0000,-1027.808213
19.0000,19.0000,-1199.292140
19.1667,19.0000,-1399.702666
19.3333,19.0000,-1633.475601
19.5000,19.0000,-1905.950885
19.6667,19.0000,-2223.778427
19.8333,19.0000,-2595.503489
20.0000,19.0000,-3032.162163
20.1667,19.0000,-3547.475641
20.3333,19.0000,-4157.029633
20.5000,19.0000,-4875.793387
20.6667,19.0000,-5713.606721
20.8333,19.0000,-6668.922892
21.0000,19.0000,-7722.044367
21.1667,19.0000,-8829.982311
21.3333,19.0000,-9925.420999
21.5000,19.0000,-10921.711075
21.6667,19.0000,-11724.322951
21.8333,19.0000,-12247.083355
22.0000,19.0000,-12429.413125
22.1667,19.0000,-12249.594770
22.3333,19.0000,-11729.734645
22.5000,19.0000,-10930.695056
22.6667,19.0000,-9938.749426
22.8333,19.0000,-8848.314793
23.0000,19.0000,-7745.738228
23.1667,19.0000,-6697.910728
23.3333,19.0000,-5747.366757
23.5000,19.0000,-4913.412828
23.6667,19.0000,-4197.335116
23.8333,19.0000,-3589.187021
24.0000,19.0000,-3074.024358
24.1667,19.0000,-2636.367547
24.3333,19.0000,-2262.629319
24.5000,19.0000,-1941.903068
24.6667,19.0000,-1665.767436
24.8333,19.0000,-1427.712942
25.0000,19.0000,-1222.579683
25.1667,19.0000,-1046.150426
25.3333,19.0000,-894.877528
25.5000,19.0000,-765.676904
25.6667,19.0000,-655.762270
25.8333,19.0000,-562.541550
26.0000,19.0000,-483.598490
26.1667,19.0000,-416.739867
26.3333,19.0000,-360.050588
26.5000,19.0000,-311.904635
26.6667,19.0000,-270.923771
26.8333,19.0000,-235.918357
27.0000,19.0000,-205.851685
27.1667,19.0000,-179.841845
27.3333,19.0000,-157.182599
27.5000,19.0000,-137.353927
27.6667,19.0000,-120.006082
27.8333,19.0000,-104.920916
28.0000,19.0000,-91.964190
28.1667,19.0000,-81.040112
28.3333,19.0000,-72.053155
28.5000,19.0000,-64.879481
28.6667,19.0000,-59.351032
28.8333,19.0000,-55.254922
29.0000,19.0000,-52.347190
29.1667,19.0000,-50.375199
29.3333,19.0000,-49.100616
29.5000,19.0000,-48.316445
29.6667,19.0000,-47.855383
29.8333,19.0000,-47.590365
30.0000,19.0000,-47.430004
0.0000,19.1667,-7.576850
0.1667,19.1667,-7.427757
0.3333,19.1667,-7.306318
0.5000,19.1667,-7.223948
0.6667,19.1667,-7.193920
0.8333,19.1667,-7.230322
1.0000,19.1667,-7.345603
1.1667,19.1667,-7.546130
1.3333,19.1667,-7.825769
1.5000,19.1667,-8.158733
1.6667,19.1667,-8.494705
1.8333,19.1667,-8.760566
2.0000,19.1667,-8.872393
2.1667,19.1667,-8.757715
2.3333,19.1667,-8.381802
2.5000,19.1667,-7.766290
2.6667,19.1667,-6.987634
2.8333,19.1667,-6.149490
3.0000,19.1667,-5.334995
3.1667,19.1667,-4.556322
3.3333,19.1667,-3.723180
3.5000,19.1667,-2.646291
3.6667,19.1667,-1.078250
3.8333,19.1667,1.221714
4.0000,19.1667,4.423862
4.1667,19.1667,8.590712
4.3333,19.1667,13.680896
4.5000,19.1667,19.589254
4.6667,19.1667,26.201364
4.8333,19.1667,33.436034
5.0000,19.1667,41.259183
5.1667,19.1667,49.669443
5.3333,19.1667,58.668416
5.5000,19.1667,68.230920
5.6667,19.1667,78.285244
5.8333,19.1667,88.706821
6.0000,19.1667,99.324762
6.1667,19.1667,109.938709
6.3333,19.1667,120.341703
6.5000,19.1667,130.342986
6.6667,19.1667,139.784569
6.8333,19.1667,148.548064
7.0000,19.1667,156.552762
7.1667,19.1667,163.749448
7.3333,19.1667,170.114729
7.5000,19.1667,175.647934
7.6667,19.1667,180.369871
7.8333,19.1667,184.322370
8.0000,19.1667,187.569303
8.1667,19.1667,190.200637
8.3333,19.1667,192.338464
8.5000,19.1667,194.139054
8.6667,19.1667,195.782377
8.8333,19.1667,197.444504
9.0000,19.1667,199.258622
9.1667,19.1667,201.280768
9.3333,19.1667,203.478372
9.5000,19.1667,205.749825
9.6667,19.1667,207.966958
9.8333,19.1667,210.019799
10.0000,19.1667,211.842044
10.1667,19.1667,213.406294
10.3333,19.1667,214.694164
10.5000,19.1667,215.659800
10.6667,19.1667,216.209434
10.8333,19.1667,216.210716
11.0000,19.1667,215.526840
11.1667,19.1667,214.053392
11.3333,19.1667,211.733576
11.5000,19.1667,208.543593
11.6667,19.1667,204.462720
11.8333,19.1667,199.453339
12.0000,19.1667,193.466081
12.1667,19.1667,186.463578
12.3333,19.1667,178.441962
12.5000,19.1667,169.433854
12.6667,19.1667,159.494654
12.8333,19.1667,148.688696
13.0000,19.1667,137.090489
13.1667,19.1667,124.801020
13.3333,19.1667,111.963607
13.5000,19.1667,98.760793
13.6667,19.1667,85.385288
13.8333,19.1667,71.995054
14.0000,19.1667,58.673867
14.1667,19.1667,45.417126
14.3333,19.1667,32.149174
14.5000,19.1667,18.761047
14.6667,19.1667,5.147228
14.8333,19.1667,-8.776050
15.0000,19.1667,-23.072735
15.1667,19.1667,-37.795703
15.3333,19.1667,-52.986935
15.5000,19.1667,-68.666814
15.6667,19.1667,-84.826289
15.8333,19.1667,-101.439461
16.0000,19.1667,-118.501397
16.1667,19.1667,-136.077671
16.3333,19.1667,-154.344148
16.5000,19.1667,-173.603720
16.6667,19.1667,-194.282467
16.8333,19.1667,-216.918179
17.0000,19.1667,-242.153549
17.1667,19.1667,-270.739616
17.3333,19.1667,-303.549404
17.5000,19.1667,-341.599460
17.6667,19.1667,-386.075212
17.8333,19.1667,-438.352888
18.0000,19.1667,-500.008853
18.1667,19.1667,-572.811545
18.3333,19.1667,-658.702782
18.5000,19.1667,-759.787186
18.6667,19.1667,-878.350931
18.8333,19.1667,-1016.919283
19.0000,19.1667,-1178.345060
19.1667,19.1667,-1365.915378
19.3333,19.1667,-1583.484361
19.5000,19.1667,-1835.672598
19.6667,19.1667,-2128.182423
19.8333,19.1667,-2468.220767
20.0000,19.1667,-2864.885834
20.1667,19.1667,-3329.194656
20.3333,19.1667,-3873.282735
20.5000,19.1667,-4508.295323
20.6667,19.1667,-5240.715883
20.8333,19.1667,-6067.396858
21.0000,19.1667,-6970.291100
21.1667,19.1667,-7912.562528
21.3333,19.1667,-8838.009507
21.5000,19.1667,-9675.283397
21.6667,19.1667,-10347.200550
21.8333,19.1667,-10783.779523
22.0000,19.1667,-10935.987649
22.1667,19.1667,-10786.275863
22.3333,19.1667,-10352.508549
22.5000,19.1667,-9683.944322
22.6667,19.1667,-8850.635454
22.8333,19.1667,-7929.655534
23.0000,19.1667,-6992.081443
23.1667,19.1667,-6093.738903
23.3333,19.1667,-5271.064022
23.5000,19.1667,-4541.761240
23.6667,19.1667,-3908.753442
23.8333,19.1667,-3365.475263
24.0000,19.1667,-2900.827949
24.1667,19.1667,-2502.808311
24.3333,19.1667,-2160.566752
24.5000,19.1667,-1865.169096
24.6667,19.1667,-1609.554553
24.8333,19.1667,-1388.156760
25.0000,19.1667,-1196.496145
25.1667,19.1667,-1030.868178
25.3333,19.1667,-888.125259
25.5000,19.1667,-765.511351
25.6667,19.1667,-660.532466
25.8333,19.1667,-570.877621
26.0000,19.1667,-494.404044
26.1667,19.1667,-429.169971
26.3333,19.1667,-373.472224
26.5000,19.1667,-325.851221
26.6667,19.1667,-285.058368
26.8333,19.1667,-250.011270
27.0000,19.1667,-219.766761
27.1667,19.1667,-193.521420
27.3333,19.1667,-170.625505
27.5000,19.1667,-150.588477
27.6667,19.1667,-133.064126
27.8333,19.1667,-117.818185
28.0000,19.1667,-104.688916
28.1667,19.1667,-93.549608
28.3333,19.1667,-84.277342
28.5000,19.1667,-76.730149
28.6667,19.1667,-70.734718
28.8333,19.1667,-66.086277
29.0000,19.1667,-62.559521
29.1667,19.1667,-59.926081
29.3333,19.1667,-57.972362
29.5000,19.1667,-56.512773
29.6667,19.1667,-55.396241
29.8333,19.1667,-54.506572
30.0000,19.1667,-53.758701
0.0000,19.3333,-8.104717
0.1667,19.3333,-7.965552
0.3333,19.3333,-7.844898
0.5000,19.3333,-7.751052
0.6667,19.3333,-7.693524
0.8333,19.3333,-7.682170
1.0000,19.3333,-7.725275
1.1667,19.3333,-7.826231
1.3333,19.3333,-7.978849
1.5000,19.3333,-8.162271
1.6667,19.3333,-8.337659
1.8333,19.3333,-8.449759
2.0000,19.3333,-8.435825
2.1667,19.3333,-8.241687
2.3333,19.3333,-7.840292
2.5000,19.3333,-7.244204
2.6667,19.3333,-6.503285
2.8333,19.3333,-5.683716
3.0000,19.3333,-4.833162
3.1667,19.3333,-3.944973
3.3333,19.3333,-2.937109
3.5000,19.3333,-1.657031
3.6667,19.3333,0.086416
3.8333,19.3333,2.474643
4.0000,19.3333,5.632918
4.1667,19.3333,9.604502
4.3333,19.3333,14.355259
4.5000,19.3333,19.804562
4.6667,19.3333,25.866134
4.8333,19.3333,32.479257
5.0000,19.3333,39.618107
5.1667,19.3333,47.279544
5.3333,19.3333,55.459250
5.5000,19.3333,64.128187
5.6667,19.3333,73.217425
5.8333,19.3333,82.614123
6.0000,19.3333,92.167957
6.1667,19.3333,101.705622
6.3333,19.3333,111.049746
6.5000,19.3333,120.037519
6.6667,19.3333,128.534283
6.8333,19.3333,136.439347
7.0000,19.3333,143.684547
7.1667,19.3333,150.228884
7.3333,19.3333,156.053111
7.5000,19.3333,161.156423
7.6667,19.3333,165.555286
7.8333,19.3333,169.283728
8.0000,19.3333,172.395112
8.1667,19.3333,174.965749
8.3333,19.3333,177.098935
8.5000,19.3333,178.924985
8.6667,19.3333,180.591396
8.8333,19.3333,182.240536
9.0000,19.3333,183.979632
9.1667,19.3333,185.855125
9.3333,19.3333,187.844544
9.5000,19.3333,189.871704
9.6667,19.3333,191.838953
9.8333,19.3333,193.660876
10.0000,19.3333,195.283011
10.1667,19.3333,196.677239
10.3333,19.3333,197.817927
10.5000,19.3333,198.653392
10.6667,19.3333,199.090340
10.8333,19.3333,199.001858
11.0000,19.3333,198.255317
11.1667,19.3333,196.743643
11.3333,19.3333,194.401386
11.5000,19.3333,191.198248
11.6667,19.3333,187.118930
11.8333,19.3333,182.146600
12.0000,19.3333,176.261602
12.1667,19.3333,169.453146
12.3333,19.3333,161.731695
12.5000,19.3333,153.131548
12.6667,19.3333,143.703689
12.8333,19.3333,133.508132
13.0000,19.3333,122.614711
13.1667,19.3333,111.112428
13.3333,19.3333,99.118083
13.5000,19.3333,86.772870
13.6667,19.3333,74.222459
13.8333,19.3333,61.586833
14.0000,19.3333,48.933646
14.1667,19.3333,36.268145
14.3333,19.3333,23.543985
14.5000,19.3333,10.687555
14.6667,19.3333,-2.378608
14.8333,19.3333,-15.724911
15.0000,19.3333,-29.416926
15.1667,19.3333,-43.520950
15.3333,19.3333,-58.102118
15.5000,19.3333,-73.214112
15.6667,19.3333,-88.891324
15.8333,19.3333,-105.157091
16.0000,19.3333,-122.051990
16.1667,19.3333,-139.672153
16.3333,19.3333,-158.200890
16.5000,19.3333,-177.922696
16.6667,19.3333,-199.220968
16.8333,19.3333,-222.569772
17.0000,19.3333,-248.530587
17.1667,19.3333,-277.759570
17.3333,19.3333,-311.025010
17.5000,19.3333,-349.230948
17.6667,19.3333,-393.440810
17.8333,19.3333,-444.893735
18.0000,19.3333,-505.007302
18.1667,19.3333,-575.365536
18.3333,19.3333,-657.699870
18.5000,19.3333,-753.878390
18.6667,19.3333,-865.919218
18.8333,19.3333,-996.035215
19.0000,19.3333,-1146.705340
19.1667,19.3333,-1320.764675
19.3333,19.3333,-1521.517686
19.5000,19.3333,-1752.898842
19.6667,19.3333,-2019.705497
19.8333,19.3333,-2327.882850
20.0000,19.3333,-2684.741710
20.1667,19.3333,-3098.862347
20.3333,19.3333,-3579.338251
20.5000,19.3333,-4134.017825
20.6667,19.3333,-4766.585356
20.8333,19.3333,-5472.721290
21.0000,19.3333,-6236.130218
21.1667,19.3333,-7025.722814
21.3333,19.3333,-7795.411006
21.5000,19.3333,-8487.615494
21.6667,19.3333,-9040.669110
21.8333,19.3333,-9399.021923
22.0000,19.3333,-9523.908666
22.1667,19.3333,-9401.479616
22.3333,19.3333,-9045.824198
22.5000,19.3333,-8495.874504
22.6667,19.3333,-7807.220922
22.8333,19.3333,-7041.424198
23.0000,19.3333,-6255.827109
23.1667,19.3333,-5496.199536
23.3333,19.3333,-4793.297629
23.5000,19.3333,-4163.135962
23.6667,19.3333,-3609.856166
23.8333,19.3333,-3129.720528
24.0000,19.3333,-2714.941343
24.1667,19.3333,-2356.565087
24.3333,19.3333,-2046.186333
24.5000,19.3333,-1776.666357
24.6667,19.3333,-1542.209476
24.8333,19.3333,-1338.144240
25.0000,19.3333,-1160.647131
25.1667,19.3333,-1006.514489
25.3333,19.3333,-872.994724
25.5000,19.3333,-757.660174
25.6667,19.3333,-658.309324
25.8333,19.3333,-572.908251
26.0000,19.3333,-499.578295
26.1667,19.3333,-436.616705
26.3333,19.3333,-382.520399
26.5000,19.3333,-335.987552
26.6667,19.3333,-295.893885
26.8333,19.3333,-261.261052
27.0000,19.3333,-231.237306
27.1667,19.3333,-205.096638
27.3333,19.3333,-182.246445
27.5000,19.3333,-162.228571
27.6667,19.3333,-144.705484
27.8333,19.3333,-129.433760
28.0000,19.3333,-116.232446
28.1667,19.3333,-104.952985
28.3333,19.3333,-95.454228
28.5000,19.3333,-87.584305
28.6667,19.3333,-81.170963
28.8333,19.3333,-76.021337
29.0000,19.3333,-71.930144
29.1667,19.3333,-68.692855
29.3333,19.3333,-66.119228
29.5000,19.3333,-64.043469
29.6667,19.3333,-62.329323
29.8333,19.3333,-60.870427
30.0000,19.3333,-59.587363
0.0000,19.5000,-8.571266
0.1667,19.5000,-8.437293
0.3333,19.5000,-8.313341
0.5000,19.5000,-8.205049
0.6667,19.5000,-8.118762
0.8333,19.5000,-8.060808
1.0000,19.5000,-8.036025
1.1667,19.5000,-8.045332
1.3333,19.5000,-8.082424
1.5000,19.5000,-8.130317
1.6667,19.5000,-8.159282
1.8333,19.5000,-8.128242
2.0000,19.5000,-7.991209
2.1667,19.5000,-7.708387
2.3333,19.5000,-7.258558
2.5000,19.5000,-6.646861
2.6667,19.5000,-5.902176
2.8333,19.5000,-5.061842
3.0000,19.5000,-4.147436
3.1667,19.5000,-3.140713
3.3333,19.5000,-1.970496
3.5000,19.5000,-0.517964
3.6667,19.5000,1.359499
3.8333,19.5000,3.793742
4.0000,19.5000,6.873680
4.1667,19.5000,10.628311
4.3333,19.5000,15.031337
4.5000,19.5000,20.023942
4.6667,19.5000,25.543943
4.8333,19.5000,31.547499
5.0000,19.5000,38.014842
5.1667,19.5000,44.940379
5.3333,19.5000,52.314451
5.5000,19.5000,60.105652
5.6667,19.5000,68.249840
5.8333,19.5000,76.647934
6.0000,19.5000,85.171761
6.1667,19.5000,93.675797
6.3333,19.5000,102.011910
6.5000,19.5000,110.043631
6.6667,19.5000,117.656719
6.8333,19.5000,124.764107
7.0000,19.5000,131.305528
7.1667,19.5000,137.244006
7.3333,19.5000,142.561863
7.5000,19.5000,147.257933
7.6667,19.5000,151.346304
7.8333,19.5000,154.856318
8.0000,19.5000,157.833762
8.1667,19.5000,160.343162
8.3333,19.5000,162.469917
8.5000,19.5000,164.319090
8.6667,19.5000,166.007005
8.8333,19.5000,167.644185
9.0000,19.5000,169.313351
9.1667,19.5000,171.051036
9.3333,19.5000,172.841995
9.5000,19.5000,174.630334
9.6667,19.5000,176.342780
9.8333,19.5000,177.912871
10.0000,19.5000,179.294221
10.1667,19.5000,180.456854
10.3333,19.5000,181.369658
10.5000,19.5000,181.979717
10.6667,19.5000,182.201299
10.8333,19.5000,181.922122
11.0000,19.5000,181.024356
11.1667,19.5000,179.408848
11.3333,19.5000,177.009481
11.5000,19.5000,173.791862
11.6667,19.5000,169.741270
11.8333,19.5000,164.850775
12.0000,19.5000,159.117632
12.1667,19.5000,152.547701
12.3333,19.5000,145.161280
12.5000,19.5000,136.994155
12.6667,19.5000,128.093539
12.8333,19.5000,118.513858
13.0000,19.5000,108.317355
13.1667,19.5000,97.579462
13.3333,19.5000,86.393417
13.5000,19.5000,74.867330
13.6667,19.5000,63.110890
13.8333,19.5000,51.215506
14.0000,19.5000,39.236413
14.1667,19.5000,27.185112
14.3333,19.5000,15.035086
14.5000,19.5000,2.736271
14.6667,19.5000,-9.770800
14.8333,19.5000,-22.548487
15.0000,19.5000,-35.663349
15.1667,19.5000,-49.188820
15.3333,19.5000,-63.202384
15.5000,19.5000,-77.777146
15.6667,19.5000,-92.975665
15.8333,19.5000,-108.855760
16.0000,19.5000,-125.491185
16.1667,19.5000,-143.000097
16.3333,19.5000,-161.569250
16.5000,19.5000,-181.465577
16.6667,19.5000,-203.035768
16.8333,19.5000,-226.701486
17.0000,19.5000,-252.958966
17.1667,19.5000,-282.387772
17.3333,19.5000,-315.668262
17.5000,19.5000,-353.603446
17.6667,19.5000,-397.138944
17.8333,19.5000,-447.374721
18.0000,19.5000,-505.564510
18.1667,19.5000,-573.103646
18.3333,19.5000,-651.512392
18.5000,19.5000,-742.426500
18.6667,19.5000,-847.606496
18.8333,19.5000,-968.971150
19.0000,19.5000,-1108.652776
19.1667,19.5000,-1269.069500
19.3333,19.5000,-1453.016460
19.5000,19.5000,-1663.787815
19.6667,19.5000,-1905.337818
19.8333,19.5000,-2182.454513
20.0000,19.5000,-2500.849633
20.1667,19.5000,-2866.981269
20.3333,19.5000,-3287.362643
20.5000,19.5000,-3767.125273
20.6667,19.5000,-4307.750918
20.8333,19.5000,-4904.184663
21.0000,19.5000,-5541.938587
21.1667,19.5000,-6195.145435
21.3333,19.5000,-6826.629040
21.5000,19.5000,-7390.774419
21.6667,19.5000,-7839.289972
21.8333,19.5000,-8129.004268
22.0000,19.5000,-8229.931139
22.1667,19.5000,-8131.377266
22.3333,19.5000,-7844.205289
22.5000,19.5000,-7398.513648
22.6667,19.5000,-6837.487479
22.8333,19.5000,-6209.318478
23.0000,19.5000,-5559.422864
23.1667,19.5000,-4924.718861
23.3333,19.5000,-4330.809996
23.5000,19.5000,-3791.967627
23.6667,19.5000,-3313.116466
23.8333,19.5000,-2892.747364
24.0000,19.5000,-2525.795838
24.1667,19.5000,-2205.882324
24.3333,19.5000,-1926.712687
24.5000,19.5000,-1682.736930
24.6667,19.5000,-1469.306638
24.8333,19.5000,-1282.579700
25.0000,19.5000,-1119.350391
25.1667,19.5000,-976.892547
25.3333,19.5000,-852.836667
25.5000,19.5000,-745.074755
25.6667,19.5000,-651.689271
25.8333,19.5000,-570.911188
26.0000,19.5000,-501.109852
26.1667,19.5000,-440.804696
26.3333,19.5000,-388.679128
26.5000,19.5000,-343.580438
26.6667,19.5000,-304.503826
26.8333,19.5000,-270.571536
27.0000,19.5000,-241.019663
27.1667,19.5000,-215.196258
27.3333,19.5000,-192.564133
27.5000,19.5000,-172.698548
27.6667,19.5000,-155.274586
27.8333,19.5000,-140.045836
28.0000,19.5000,-126.819603
28.1667,19.5000,-115.433383
28.3333,19.5000,-105.735237
28.5000,19.5000,-97.569536
28.6667,19.5000,-90.769212
28.8333,19.5000,-85.155178
29.0000,19.5000,-80.542083
29.1667,19.5000,-76.747862
29.3333,19.5000,-73.603752
29.5000,19.5000,-70.961954
29.6667,19.5000,-68.699616
29.8333,19.5000,-66.719229
30.0000,19.5000,-64.946413
0.0000,19.6667,-8.990374
0.1667,19.6667,-8.859983
0.3333,19.6667,-8.732290
0.5000,19.6667,-8.610767
0.6667,19.6667,-8.499216
0.8333,19.6667,-8.401178
1.0000,19.6667,-8.318817
1.1667,19.6667,-8.251188
1.3333,19.6667,-8.191982
1.5000,19.6667,-8.127291
1.6667,19.6667,-8.034430
1.8333,19.6667,-7.883126
2.0000,19.6667,-7.640009
2.1667,19.6667,-7.275955
2.3333,19.6667,-6.773913
2.5000,19.6667,-6.133364
2.6667,19.6667,-5.367789
2.8333,19.6667,-4.493997
3.0000,19.6667,-3.516062
3.1667,19.6667,-2.410025
3.3333,19.6667,-1.116424
3.5000,19.6667,0.454715
3.6667,19.6667,2.406709
3.8333,19.6667,4.832511
4.0000,19.6667,7.793378
4.1667,19.6667,11.308333
4.3333,19.6667,15.358291
4.5000,19.6667,19.902146
4.6667,19.6667,24.896636
4.8333,19.6667,30.310686
5.0000,19.6667,36.128544
5.1667,19.6667,42.342117
5.3333,19.6667,48.937637
5.5000,19.6667,55.883004
5.6667,19.6667,63.120247
5.8333,19.6667,70.564574
6.0000,19.6667,78.109342
6.1667,19.6667,85.635108
6.3333,19.6667,93.020567
6.5000,19.6667,100.152984
6.6667,19.6667,106.936094
6.8333,19.6667,113.294307
7.0000,19.6667,119.173369
7.1667,19.6667,124.538738
7.3333,19.6667,129.373203
7.5000,19.6667,133.674839
7.6667,19.6667,137.455683
7.8333,19.6667,140.741177
8.0000,19.6667,143.570423
8.1667,19.6667,145.997122
8.3333,19.6667,148.090210
8.5000,19.6667,149.932011
8.6667,19.6667,151.611443
8.8333,19.6667,153.211526
9.0000,19.6667,154.793873
9.1667,19.6667,156.385987
9.3333,19.6667,157.977488
9.5000,19.6667,159.527819
9.6667,19.6667,160.982258
9.8333,19.6667,162.288575
10.0000,19.6667,163.406202
10.1667,19.6667,164.303784
10.3333,19.6667,164.947269
10.5000,19.6667,165.285938
10.6667,19.6667,165.245125
10.8333,19.6667,164.730759
11.0000,19.6667,163.644104
11.1667,19.6667,161.899225
11.3333,19.6667,159.434572
11.5000,19.6667,156.214509
11.6667,19.6667,152.223181
11.8333,19.6667,147.457075
12.0000,19.6667,141.921357
12.1667,19.6667,135.630480
12.3333,19.6667,128.609801
12.5000,19.6667,120.895012
12.6667,19.6667,112.529238
12.8333,19.6667,103.560519
13.0000,19.6667,94.042312
13.1667,19.6667,84.036729
13.3333,19.6667,73.617116
13.5000,19.6667,62.865833
13.6667,19.6667,51.865514
13.8333,19.6667,40.686018
14.0000,19.6667,29.372284
14.1667,19.6667,17.938317
14.3333,19.6667,6.369342
14.5000,19.6667,-5.370394
14.6667,19.6667,-17.329521
14.8333,19.6667,-29.565512
15.0000,19.6667,-42.144851
15.1667,19.6667,-55.143578
15.3333,19.6667,-68.644294
15.5000,19.6667,-82.729983
15.6667,19.6667,-97.479971
15.8333,19.6667,-112.974402
16.0000,19.6667,-129.309109
16.1667,19.6667,-146.616152
16.3333,19.6667,-165.081786
16.5000,19.6667,-184.955979
16.6667,19.6667,-206.553634
16.8333,19.6667,-230.252815
17.0000,19.6667,-256.496368
17.1667,19.6667,-285.800622
17.3333,19.6667,-318.770707
17.5000,19.6667,-356.118674
17.6667,19.6667,-398.679052
17.8333,19.6667,-447.416965
18.0000,19.6667,-503.426275
18.1667,19.6667,-567.919191
18.3333,19.6667,-642.213038
18.5000,19.6667,-727.722729
18.6667,19.6667,-825.966957
18.8333,19.6667,-938.592211
19.0000,19.6667,-1067.413642
19.1667,19.6667,-1214.469821
19.3333,19.6667,-1382.091285
19.5000,19.6667,-1572.986571
19.6667,19.6667,-1790.343579
19.8333,19.6667,-2037.918270
20.0000,19.6667,-2320.034801
20.1667,19.6667,-2641.364596
20.3333,19.6667,-3006.315087
20.5000,19.6667,-3417.879961
20.6667,19.6667,-3875.916752
20.8333,19.6667,-4375.034699
21.0000,19.6667,-4902.554145
21.1667,19.6667,-5437.234680
21.3333,19.6667,-5949.527565
21.5000,19.6667,-6403.887239
21.6667,19.6667,-6763.168501
21.8333,19.6667,-6994.450580
22.0000,19.6667,-7074.988619
22.1667,19.6667,-6996.687099
22.3333,19.6667,-6767.750937
22.5000,19.6667,-6410.991633
22.6667,19.6667,-5959.323154
22.8333,19.6667,-5449.800251
23.0000,19.6667,-4917.807085
23.1667,19.6667,-4392.691451
23.3333,19.6667,-3895.494353
23.5000,19.6667,-3438.737338
23.6667,19.6667,-3027.722952
23.8333,19.6667,-2662.586564
24.0000,19.6667,-2340.401266
24.1667,19.6667,-2056.878656
24.3333,19.6667,-1807.490457
24.5000,19.6667,-1588.053902
24.6667,19.6667,-1394.935439
24.8333,19.6667,-1225.043800
25.0000,19.6667,-1075.741957
25.1667,19.6667,-944.748741
25.3333,19.6667,-830.054750
25.5000,19.6667,-729.855514
25.6667,19.6667,-642.502261
25.8333,19.6667,-566.473172
26.0000,19.6667,-500.365548
26.1667,19.6667,-442.901830
26.3333,19.6667,-392.937185
26.5000,19.6667,-349.458879
26.6667,19.6667,-311.576306
26.8333,19.6667,-278.508069
27.0000,19.6667,-249.573364
27.1667,19.6667,-224.189532
27.3333,19.6667,-201.871619
27.5000,19.6667,-182.228050
27.6667,19.6667,-164.949411
27.8333,19.6667,-149.791562
28.0000,19.6667,-136.556565
28.1667,19.6667,-125.074613
28.3333,19.6667,-115.188858
28.5000,19.6667,-106.744264
28.6667,19.6667,-99.581334
28.8333,19.6667,-93.535147
29.0000,19.6667,-88.439096
29.1667,19.6667,-84.131537
29.3333,19.6667,-80.462968
29.5000,19.6667,-77.301685
29.6667,19.6667,-74.536859
29.8333,19.6667,-72.078957
30.0000,19.6667,-69.858151
0.0000,19.8333,-9.372911
0.1667,19.8333,-9.246564
0.3333,19.8333,-9.117002
0.5000,19.8333,-8.986012
0.6667,19.8333,-8.855452
0.8333,19.8333,-8.726773
1.0000,19.8333,-8.600197
1.1667,19.8333,-8.473509
1.3333,19.8333,-8.340567
1.5000,19.8333,-8.189918
1.6667,19.8333,-8.004194
1.8333,19.8333,-7.761070
2.0000,19.8333,-7.436284
2.1667,19.8333,-7.008278
2.3333,19.8333,-6.462877
2.5000,19.8333,-5.795605
2.6667,19.8333,-5.009490
2.8333,19.8333,-4.107920
3.0000,19.8333,-3.084468
3.1667,19.8333,-1.913725
3.3333,19.8333,-0.547502
3.5000,19.8333,1.080847
3.6667,19.8333,3.044486
3.8333,19.8333,5.407428
4.0000,19.8333,8.210963
4.1667,19.8333,11.467452
4.3333,19.8333,15.163726
4.5000,19.8333,19.271987
4.6667,19.8333,23.762793
4.8333,19.8333,28.614069
5.0000,19.8333,33.812563
5.1667,19.8333,39.348144
5.3333,19.8333,45.204439
5.5000,19.8333,51.350151
5.6667,19.8333,57.734127
5.8333,19.8333,64.285181
6.0000,19.8333,70.916085
6.1667,19.8333,77.530286
6.3333,19.8333,84.029737
6.5000,19.8333,90.322298
6.6667,19.8333,96.327512
6.8333,19.8333,101.980154
7.0000,19.8333,107.231597
7.1667,19.8333,112.049590
7.3333,19.8333,116.417182
7.5000,19.8333,120.331379
7.6667,19.8333,123.801857
7.8333,19.8333,126.849980
8.0000,19.8333,129.508297
8.1667,19.8333,131.820443
8.3333,19.8333,133.840773
8.5000,19.8333,135.632273
8.6667,19.8333,137.261248
8.8333,19.8333,138.788431
9.0000,19.8333,140.258377
9.1667,19.8333,141.690938
9.3333,19.8333,143.078735
9.5000,19.8333,144.392232
9.6667,19.8333,145.590314
9.8333,19.8333,146.631356
10.0000,19.8333,147.479473
10.1667,19.8333,148.103204
10.3333,19.8333,148.468023
10.5000,19.8333,148.527521
10.6667,19.8333,148.218882
10.8333,19.8333,147.465980
11.0000,19.8333,146.189156
11.1667,19.8333,144.317135
11.3333,19.8333,141.795762
11.5000,19.8333,138.590740
11.6667,19.8333,134.685332
11.8333,19.8333,130.076362
12.0000,19.8333,124.771420
12.1667,19.8333,118.787800
12.3333,19.8333,112.151812
12.5000,19.8333,104.897056
12.6667,19.8333,97.061879
12.8333,19.8333,88.687610
13.0000,19.8333,79.818924
13.1667,19.8333,70.505919
13.3333,19.8333,60.805672
13.5000,19.8333,50.780690
13.6667,19.8333,40.493146
13.8333,19.8333,29.996212
14.0000,19.8333,19.325618
14.1667,19.8333,8.494695
14.3333,19.8333,-2.505669
14.5000,19.8333,-13.703381
14.6667,19.8333,-25.140760
14.8333,19.8333,-36.871914
15.0000,19.8333,-48.962054
15.1667,19.8333,-61.486771
15.3333,19.8333,-74.529334
15.5000,19.8333,-88.176535
15.6667,19.8333,-102.516520
15.8333,19.8333,-117.642471
16.0000,19.8333,-133.663252
16.1667,19.8333,-150.717934
16.3333,19.8333,-168.988911
16.5000,19.8333,-188.709673
16.6667,19.8333,-210.167197
16.8333,19.8333,-233.702379
17.0000,19.8333,-259.712863
17.1667,19.8333,-288.660810
17.3333,19.8333,-321.085206
17.5000,19.8333,-357.615702
17.6667,19.8333,-398.983958
17.8333,19.8333,-446.028992
18.0000,19.8333,-499.695119
18.1667,19.8333,-561.023880
18.3333,19.8333,-631.144211
18.5000,19.8333,-711.266715
18.6667,19.8333,-802.687454
18.8333,19.8333,-906.804205
19.0000,19.8333,-1025.144898
19.1667,19.8333,-1159.406208
19.3333,19.8333,-1311.500808
19.5000,19.8333,-1483.611956
19.6667,19.8333,-1678.247802
19.8333,19.8333,-1898.268991
20.0000,19.8333,-2146.831618
20.1667,19.8333,-2427.152681
20.3333,19.8333,-2741.986651
20.5000,19.8333,-3092.725039
20.6667,19.8333,-3478.117880
20.8333,19.8333,-3892.770130
21.0000,19.8333,-4325.754961
21.1667,19.8333,-4759.837955
21.3333,19.8333,-5171.830883
21.5000,19.8333,-5534.424524
21.6667,19.8333,-5819.484585
21.8333,19.8333,-6002.314432
22.0000,19.8333,-6065.951594
22.1667,19.8333,-6004.370346
22.3333,19.8333,-5823.658847
22.5000,19.8333,-5540.811370
22.6667,19.8333,-5180.504127
22.8333,19.8333,-4770.792412
23.0000,19.8333,-4338.858393
23.1667,19.8333,-3907.739148
23.3333,19.8333,-3494.524267
23.5000,19.8333,-3110.030692
23.6667,19.8333,-2759.598351
23.8333,19.8333,-2444.483791
24.0000,19.8333,-2163.357466
24.1667,19.8333,-1913.565852
24.3333,19.8333,-1692.010978
24.5000,19.8333,-1495.654424
24.6667,19.8333,-1321.738199
24.8333,19.8333,-1167.835221
25.0000,19.8333,-1031.820678
25.1667,19.8333,-911.819504
25.3333,19.8333,-806.154535
25.5000,19.8333,-713.303206
25.6667,19.8333,-631.865692
25.8333,19.8333,-560.546499
26.0000,19.8333,-498.149120
26.1667,19.8333,-443.579066
26.3333,19.8333,-395.847955
26.5000,19.8333,-354.073054
26.6667,19.8333,-317.471578
26.8333,19.8333,-285.353225
27.0000,19.8333,-257.114749
27.1667,19.8333,-232.237387
27.3333,19.8333,-210.284664
27.5000,19.8333,-190.897238
27.6667,19.8333,-173.783254
27.8333,19.8333,-158.705140
28.0000,19.8333,-145.465111
28.1667,19.8333,-133.891456
28.3333,19.8333,-123.826926
28.5000,19.8333,-115.120071
28.6667,19.8333,-107.620135
28.8333,19.8333,-101.175806
29.0000,19.8333,-95.637414
29.1667,19.8333,-90.861338
29.3333,19.8333,-86.714973
29.5000,19.8333,-83.080795
29.6667,19.8333,-79.858666
29.8333,19.8333,-76.966251
30.0000,19.8333,-74.337898
0.0000,20.0000,-9.726821
0.1667,20.0000,-9.606126
0.3333,20.0000,-9.477749
0.5000,20.0000,-9.342228
0.6667,20.0000,-9.200003
0.8333,20.0000,-9.051047
1.0000,20.0000,-8.894268
1.1667,20.0000,-8.726683
1.3333,20.0000,-8.542469
1.5000,20.0000,-8.332131
1.6667,20.0000,-8.082241
1.8333,20.0000,-7.776159
2.0000,20.0000,-7.395982
2.1667,20.0000,-6.925352
2.3333,20.0000,-6.352100
2.5000,20.0000,-5.669285
2.6667,20.0000,-4.873471
2.8333,20.0000,-3.960123
3.0000,20.0000,-2.917476
3.1667,20.0000,-1.721373
3.3333,20.0000,-0.333679
3.5000,20.0000,1.294214
3.6667,20.0000,3.213330
3.8333,20.0000,5.467082
4.0000,20.0000,8.082937
4.1667,20.0000,11.068958
4.3333,20.0000,14.416392
4.5000,20.0000,18.106811
4.6667,20.0000,22.120261
4.8333,20.0000,26.440667
5.0000,20.0000,31.056312
5.1667,20.0000,35.955732
5.3333,20.0000,41.121372
5.5000,20.0000,46.523839
5.6667,20.0000,52.118821
5.8333,20.0000,57.847312
6.0000,20.0000,63.638688
6.1667,20.0000,69.415551
6.3333,20.0000,75.099224
6.5000,20.0000,80.614923
6.6667,20.0000,85.895966
6.8333,20.0000,90.886712
7.0000,20.0000,95.544244
7.1667,20.0000,99.838980
7.3333,20.0000,103.754446
7.5000,20.0000,107.286479
7.6667,20.0000,110.442101
7.8333,20.0000,113.238357
8.0000,20.0000,115.701365
8.1667,20.0000,117.865598
8.3333,20.0000,119.772933
8.5000,20.0000,121.470579
8.6667,20.0000,123.006989
8.8333,20.0000,124.425631
9.0000,20.0000,125.757882
9.1667,20.0000,127.017413
9.3333,20.0000,128.198504
9.5000,20.0000,129.279238
9.6667,20.0000,130.228249
9.8333,20.0000,131.011893
10.0000,20.0000,131.598469
10.1667,20.0000,131.957756
10.3333,20.0000,132.056685
10.5000,20.0000,131.854132
10.6667,20.0000,131.298291
10.8333,20.0000,130.328710
11.0000,20.0000,128.882511
11.1667,20.0000,126.902206
11.3333,20.0000,124.341992
11.5000,20.0000,121.170719
11.6667,20.0000,117.371740
11.8333,20.0000,112.941200
12.0000,20.0000,107.886219
12.1667,20.0000,102.223372
12.3333,20.0000,95.976993
12.5000,20.0000,89.176921
12.6667,20.0000,81.856126
12.8333,20.0000,74.049270
13.0000,20.0000,65.792890
13.1667,20.0000,57.126748
13.3333,20.0000,48.094819
13.5000,20.0000,38.744225
13.6667,20.0000,29.121372
13.8333,20.0000,19.266068
14.0000,20.0000,9.205496
14.1667,20.0000,-1.049903
14.3333,20.0000,-11.507619
14.5000,20.0000,-22.191815
14.6667,20.0000,-33.141110
14.8333,20.0000,-44.406823
15.0000,20.0000,-56.051871
15.1667,20.0000,-68.149514
15.3333,20.0000,-80.781142
15.5000,20.0000,-94.033711
15.6667,20.0000,-107.998908
15.8333,20.0000,-122.776275
16.0000,20.0000,-138.480845
16.1667,20.0000,-155.253341
16.3333,20.0000,-173.269680
16.5000,20.0000,-192.747289
16.6667,20.0000,-213.948117
16.8333,20.0000,-237.180427
17.0000,20.0000,-262.802115
17.1667,20.0000,-291.227185
17.3333,20.0000,-322.935009
17.5000,20.0000,-358.480249
17.6667,20.0000,-398.500629
17.8333,20.0000,-443.720257
18.0000,20.0000,-494.947736
18.1667,20.0000,-553.070202
18.3333,20.0000,-619.046220
18.5000,20.0000,-693.901377
18.6667,20.0000,-778.730101
18.8333,20.0000,-874.705676
19.0000,20.0000,-983.098357
19.1667,20.0000,-1105.299962
19.3333,20.0000,-1242.852564
19.5000,20.0000,-1397.477381
19.6667,20.0000,-1571.094119
19.8333,20.0000,-1765.807865
20.0000,20.0000,-1983.820680
20.1667,20.0000,-2227.204989
20.3333,20.0000,-2497.468969
20.5000,20.0000,-2794.866656
20.6667,20.0000,-3117.470393
20.8333,20.0000,-3460.129810
21.0000,20.0000,-3813.565694
21.1667,20.0000,-4163.940406
21.3333,20.0000,-4493.250063
21.5000,20.0000,-4780.756084
21.6667,20.0000,-5005.416809
21.8333,20.0000,-5148.952323
22.0000,20.0000,-5198.887325
22.1667,20.0000,-5150.798679
22.3333,20.0000,-5009.138004
22.5000,20.0000,-4786.388140
22.6667,20.0000,-4500.801125
22.8333,20.0000,-4173.351783
23.0000,20.0000,-3824.681264
23.1667,20.0000,-3472.683057
23.3333,20.0000,-3131.093154
23.5000,20.0000,-2809.117737
23.6667,20.0000,-2511.875918
23.8333,20.0000,-2241.309722
24.0000,20.0000,-1997.219741
24.1667,20.0000,-1778.180541
24.3333,20.0000,-1582.215483
24.5000,20.0000,-1407.217296
24.6667,20.0000,-1251.164416
24.8333,20.0000,-1112.203781
25.0000,20.0000,-988.662242
25.1667,20.0000,-879.028115
25.3333,20.0000,-781.924868
25.5000,20.0000,-696.086686
25.6667,20.0000,-620.340120
25.8333,20.0000,-553.593715
26.0000,20.0000,-494.835240
26.1667,20.0000,-443.133648
26.3333,20.0000,-397.641615
26.5000,20.0000,-357.595628
26.6667,20.0000,-322.313181
26.8333,20.0000,-291.188814
27.0000,20.0000,-263.690833
27.1667,20.0000,-239.358947
27.3333,20.0000,-217.801404
27.5000,20.0000,-198.689898
27.6667,20.0000,-181.751548
27.8333,20.0000,-166.758702
28.0000,20.0000,-153.518000
28.1667,20.0000,-141.860035
28.3333,20.0000,-131.630537
28.5000,20.0000,-122.683654
28.6667,20.0000,-114.877797
28.8333,20.0000,-108.074249
29.0000,20.0000,-102.138253
29.1667,20.0000,-96.941766
29.3333,20.0000,-92.366764
29.5000,20.0000,-88.308051
29.6667,20.0000,-84.674928
29.8333,20.0000,-81.391551
30.0000,20.0000,-78.396152
