# x_m,y_m,total_field_nT  (synthetic magnetometer survey - 2 known buried targets)
0.000,0.000,49995.739
0.000,0.500,49995.641
0.000,1.000,49995.675
0.000,1.500,49996.830
0.000,2.000,49995.516
0.000,2.500,49993.387
0.000,3.000,49996.050
0.000,3.500,49995.063
0.000,4.000,49995.045
0.000,4.500,49995.443
0.000,5.000,49995.510
0.000,5.500,49996.792
0.000,6.000,49995.909
0.000,6.500,49994.961
0.000,7.000,49993.553
0.000,7.500,49992.997
0.000,8.000,49994.744
0.000,8.500,49996.192
0.000,9.000,49994.138
0.000,9.500,49993.767
0.000,10.000,49994.579
0.000,10.500,49991.462
0.000,11.000,49993.044
0.000,11.500,49994.131
0.000,12.000,49994.604
0.000,12.500,49992.851
0.000,13.000,49993.716
0.000,13.500,49993.486
0.000,14.000,49994.275
0.000,14.500,49991.444
0.000,15.000,49994.004
0.000,15.500,49990.940
0.000,16.000,49989.364
0.000,16.500,49992.485
0.000,17.000,49992.139
0.000,17.500,49994.956
0.000,18.000,49994.778
0.000,18.500,49992.098
0.000,19.000,49995.347
0.000,19.500,49992.722
0.000,20.000,49994.245
0.250,0.000,49995.520
0.250,0.500,49996.076
0.250,1.000,49997.070
0.250,1.500,49996.732
0.250,2.000,49996.227
0.250,2.500,49996.598
0.250,3.000,49996.255
0.250,3.500,49994.505
0.250,4.000,49994.269
0.250,4.500,49994.533
0.250,5.000,49995.872
0.250,5.500,49994.624
0.250,6.000,49998.372
0.250,6.500,49993.501
0.250,7.000,49992.935
0.250,7.500,49995.583
0.250,8.000,49996.405
0.250,8.500,49994.868
0.250,9.000,49995.199
0.250,9.500,49995.921
0.250,10.000,49993.479
0.250,10.500,49991.332
0.250,11.000,49992.524
0.250,11.500,49994.620
0.250,12.000,49990.912
0.250,12.500,49993.036
0.250,13.000,49993.297
0.250,13.500,49992.402
0.250,14.000,49993.947
0.250,14.500,49993.747
0.250,15.000,49996.400
0.250,15.500,49993.916
0.250,16.000,49992.164
0.250,16.500,49992.348
0.250,17.000,49992.074
0.250,17.500,49994.895
0.250,18.000,49992.770
0.250,18.500,49993.676
0.250,19.000,49995.069
0.250,19.500,49993.025
0.250,20.000,49993.832
0.500,0.000,49993.202
0.500,0.500,49994.281
0.500,1.000,49994.988
0.500,1.500,49996.393
0.500,2.000,49997.483
0.500,2.500,49995.582
0.500,3.000,49995.911
0.500,3.500,49995.674
0.500,4.000,49996.943
0.500,4.500,49996.542
0.500,5.000,49995.489
0.500,5.500,49993.431
0.500,6.000,49996.161
0.500,6.500,49995.228
0.500,7.000,49996.338
0.500,7.500,49994.287
0.500,8.000,49997.089
0.500,8.500,49993.443
0.500,9.000,49996.191
0.500,9.500,49993.793
0.500,10.000,49992.668
0.500,10.500,49991.578
0.500,11.000,49992.883
0.500,11.500,49995.098
0.500,12.000,49994.061
0.500,12.500,49993.766
0.500,13.000,49989.092
0.500,13.500,49993.675
0.500,14.000,49993.427
0.500,14.500,49991.784
0.500,15.000,49991.715
0.500,15.500,49992.730
0.500,16.000,49995.424
0.500,16.500,49991.381
0.500,17.000,49992.468
0.500,17.500,49995.313
0.500,18.000,49992.773
0.500,18.500,49993.074
0.500,19.000,49993.948
0.500,19.500,49992.120
0.500,20.000,49994.489
0.750,0.000,49994.149
0.750,0.500,49997.229
0.750,1.000,49995.839
0.750,1.500,49999.185
0.750,2.000,49996.101
0.750,2.500,49997.641
0.750,3.000,49993.543
0.750,3.500,49995.211
0.750,4.000,49995.767
0.750,4.500,49997.779
0.750,5.000,49992.508
0.750,5.500,49996.374
0.750,6.000,49995.624
0.750,6.500,49996.876
0.750,7.000,49995.472
0.750,7.500,49994.302
0.750,8.000,49993.253
0.750,8.500,49991.968
0.750,9.000,49993.935
0.750,9.500,49993.154
0.750,10.000,49996.275
0.750,10.500,49992.137
0.750,11.000,49993.354
0.750,11.500,49990.357
0.750,12.000,49991.974
0.750,12.500,49992.843
0.750,13.000,49993.600
0.750,13.500,49994.483
0.750,14.000,49992.227
0.750,14.500,49990.635
0.750,15.000,49993.051
0.750,15.500,49993.226
0.750,16.000,49993.305
0.750,16.500,49991.660
0.750,17.000,49994.574
0.750,17.500,49993.185
0.750,18.000,49994.294
0.750,18.500,49995.353
0.750,19.000,49994.556
0.750,19.500,49994.270
0.750,20.000,49997.264
1.000,0.000,49996.326
1.000,0.500,49995.451
1.000,1.000,49995.993
1.000,1.500,49997.972
1.000,2.000,49995.842
1.000,2.500,49996.351
1.000,3.000,49997.265
1.000,3.500,49994.593
1.000,4.000,49992.654
1.000,4.500,49995.563
1.000,5.000,49995.319
1.000,5.500,49993.911
1.000,6.000,49995.967
1.000,6.500,49995.398
1.000,7.000,49992.808
1.000,7.500,49994.882
1.000,8.000,49993.605
1.000,8.500,49991.461
1.000,9.000,49994.146
1.000,9.500,49993.178
1.000,10.000,49991.908
1.000,10.500,49993.598
1.000,11.000,49993.344
1.000,11.500,49991.562
1.000,12.000,49992.869
1.000,12.500,49993.659
1.000,13.000,49990.969
1.000,13.500,49992.549
1.000,14.000,49991.962
1.000,14.500,49995.377
1.000,15.000,49989.245
1.000,15.500,49993.179
1.000,16.000,49991.809
1.000,16.500,49992.278
1.000,17.000,49995.465
1.000,17.500,49992.801
1.000,18.000,49996.388
1.000,18.500,49992.582
1.000,19.000,49993.992
1.000,19.500,49992.949
1.000,20.000,49992.863
1.250,0.000,49996.047
1.250,0.500,49995.462
1.250,1.000,49996.116
1.250,1.500,49992.574
1.250,2.000,49998.647
1.250,2.500,49995.296
1.250,3.000,49998.056
1.250,3.500,49993.815
1.250,4.000,49995.639
1.250,4.500,49999.810
1.250,5.000,49993.609
1.250,5.500,49992.509
1.250,6.000,49993.757
1.250,6.500,49995.097
1.250,7.000,49995.228
1.250,7.500,49995.910
1.250,8.000,49993.364
1.250,8.500,49991.112
1.250,9.000,49992.621
1.250,9.500,49994.890
1.250,10.000,49993.484
1.250,10.500,49989.612
1.250,11.000,49992.270
1.250,11.500,49994.213
1.250,12.000,49995.124
1.250,12.500,49992.628
1.250,13.000,49992.138
1.250,13.500,49989.745
1.250,14.000,49990.318
1.250,14.500,49991.676
1.250,15.000,49992.429
1.250,15.500,49992.656
1.250,16.000,49991.217
1.250,16.500,49990.388
1.250,17.000,49991.156
1.250,17.500,49990.812
1.250,18.000,49993.751
1.250,18.500,49989.561
1.250,19.000,49992.774
1.250,19.500,49994.190
1.250,20.000,49996.032
1.500,0.000,49996.050
1.500,0.500,49997.375
1.500,1.000,49995.198
1.500,1.500,49994.595
1.500,2.000,49994.608
1.500,2.500,49997.809
1.500,3.000,49996.898
1.500,3.500,49996.016
1.500,4.000,50000.147
1.500,4.500,49994.957
1.500,5.000,49995.777
1.500,5.500,49995.135
1.500,6.000,49994.153
1.500,6.500,49997.757
1.500,7.000,49996.325
1.500,7.500,49991.733
1.500,8.000,49992.987
1.500,8.500,49993.972
1.500,9.000,49994.238
1.500,9.500,49990.769
1.500,10.000,49989.137
1.500,10.500,49989.395
1.500,11.000,49991.895
1.500,11.500,49991.613
1.500,12.000,49992.081
1.500,12.500,49990.240
1.500,13.000,49989.431
1.500,13.500,49988.155
1.500,14.000,49991.657
1.500,14.500,49991.744
1.500,15.000,49992.757
1.500,15.500,49992.580
1.500,16.000,49991.277
1.500,16.500,49993.792
1.500,17.000,49991.797
1.500,17.500,49991.263
1.500,18.000,49991.739
1.500,18.500,49991.915
1.500,19.000,49989.814
1.500,19.500,49993.564
1.500,20.000,49993.961
1.750,0.000,49995.386
1.750,0.500,49994.786
1.750,1.000,49996.334
1.750,1.500,49998.264
1.750,2.000,49995.649
1.750,2.500,49994.724
1.750,3.000,49994.481
1.750,3.500,49995.135
1.750,4.000,49993.201
1.750,4.500,49994.755
1.750,5.000,49994.865
1.750,5.500,49997.355
1.750,6.000,49995.801
1.750,6.500,49995.718
1.750,7.000,49992.862
1.750,7.500,49994.683
1.750,8.000,49991.700
1.750,8.500,49993.594
1.750,9.000,49993.460
1.750,9.500,49991.382
1.750,10.000,49995.227
1.750,10.500,49992.782
1.750,11.000,49988.791
1.750,11.500,49992.211
1.750,12.000,49990.539
1.750,12.500,49990.959
1.750,13.000,49991.512
1.750,13.500,49991.310
1.750,14.000,49987.635
1.750,14.500,49988.986
1.750,15.000,49991.972
1.750,15.500,49992.909
1.750,16.000,49994.004
1.750,16.500,49994.087
1.750,17.000,49988.562
1.750,17.500,49993.085
1.750,18.000,49989.354
1.750,18.500,49994.952
1.750,19.000,49993.212
1.750,19.500,49991.415
1.750,20.000,49996.424
2.000,0.000,49996.878
2.000,0.500,49993.000
2.000,1.000,49996.193
2.000,1.500,49994.565
2.000,2.000,49995.727
2.000,2.500,49994.750
2.000,3.000,49997.385
2.000,3.500,49993.054
2.000,4.000,49995.516
2.000,4.500,49997.596
2.000,5.000,49993.453
2.000,5.500,49994.811
2.000,6.000,49994.581
2.000,6.500,49993.008
2.000,7.000,49994.758
2.000,7.500,49993.656
2.000,8.000,49991.801
2.000,8.500,49995.548
2.000,9.000,49993.768
2.000,9.500,49991.995
2.000,10.000,49990.953
2.000,10.500,49990.397
2.000,11.000,49993.098
2.000,11.500,49990.734
2.000,12.000,49991.378
2.000,12.500,49990.193
2.000,13.000,49991.229
2.000,13.500,49990.028
2.000,14.000,49991.314
2.000,14.500,49989.928
2.000,15.000,49991.549
2.000,15.500,49991.478
2.000,16.000,49990.514
2.000,16.500,49989.664
2.000,17.000,49989.842
2.000,17.500,49990.462
2.000,18.000,49990.431
2.000,18.500,49993.545
2.000,19.000,49992.511
2.000,19.500,49995.261
2.000,20.000,49996.636
2.250,0.000,49995.928
2.250,0.500,49993.490
2.250,1.000,49995.154
2.250,1.500,49995.517
2.250,2.000,49993.291
2.250,2.500,49995.031
2.250,3.000,49995.708
2.250,3.500,49994.445
2.250,4.000,49993.823
2.250,4.500,49993.663
2.250,5.000,49997.288
2.250,5.500,49994.156
2.250,6.000,49992.918
2.250,6.500,49993.348
2.250,7.000,49995.062
2.250,7.500,49992.303
2.250,8.000,49993.731
2.250,8.500,49993.757
2.250,9.000,49993.429
2.250,9.500,49994.033
2.250,10.000,49990.729
2.250,10.500,49992.878
2.250,11.000,49989.627
2.250,11.500,49989.883
2.250,12.000,49991.970
2.250,12.500,49991.159
2.250,13.000,49989.739
2.250,13.500,49987.831
2.250,14.000,49990.421
2.250,14.500,49988.673
2.250,15.000,49988.350
2.250,15.500,49988.953
2.250,16.000,49990.546
2.250,16.500,49987.296
2.250,17.000,49991.357
2.250,17.500,49991.440
2.250,18.000,49990.678
2.250,18.500,49993.489
2.250,19.000,49993.223
2.250,19.500,49991.756
2.250,20.000,49992.003
2.500,0.000,49996.909
2.500,0.500,49993.510
2.500,1.000,49995.195
2.500,1.500,49994.648
2.500,2.000,49995.588
2.500,2.500,49995.677
2.500,3.000,49995.280
2.500,3.500,49996.776
2.500,4.000,49995.248
2.500,4.500,49994.248
2.500,5.000,49992.699
2.500,5.500,49995.371
2.500,6.000,49994.830
2.500,6.500,49995.939
2.500,7.000,49992.341
2.500,7.500,49993.175
2.500,8.000,49992.694
2.500,8.500,49992.274
2.500,9.000,49992.022
2.500,9.500,49989.020
2.500,10.000,49992.406
2.500,10.500,49991.725
2.500,11.000,49992.029
2.500,11.500,49993.323
2.500,12.000,49989.126
2.500,12.500,49989.262
2.500,13.000,49989.113
2.500,13.500,49991.876
2.500,14.000,49986.320
2.500,14.500,49989.692
2.500,15.000,49986.892
2.500,15.500,49985.444
2.500,16.000,49986.573
2.500,16.500,49987.876
2.500,17.000,49991.937
2.500,17.500,49989.442
2.500,18.000,49990.827
2.500,18.500,49989.847
2.500,19.000,49992.923
2.500,19.500,49990.752
2.500,20.000,49994.759
2.750,0.000,49994.347
2.750,0.500,49994.605
2.750,1.000,49995.843
2.750,1.500,49995.591
2.750,2.000,49997.576
2.750,2.500,49995.491
2.750,3.000,49993.355
2.750,3.500,49994.167
2.750,4.000,49993.972
2.750,4.500,49995.722
2.750,5.000,49994.991
2.750,5.500,49993.994
2.750,6.000,49995.208
2.750,6.500,49992.814
2.750,7.000,49993.077
2.750,7.500,49993.196
2.750,8.000,49994.831
2.750,8.500,49991.975
2.750,9.000,49991.155
2.750,9.500,49989.651
2.750,10.000,49991.773
2.750,10.500,49989.385
2.750,11.000,49990.316
2.750,11.500,49986.508
2.750,12.000,49990.531
2.750,12.500,49986.637
2.750,13.000,49987.218
2.750,13.500,49989.815
2.750,14.000,49986.172
2.750,14.500,49988.108
2.750,15.000,49988.495
2.750,15.500,49987.137
2.750,16.000,49990.981
2.750,16.500,49991.609
2.750,17.000,49986.843
2.750,17.500,49988.093
2.750,18.000,49991.957
2.750,18.500,49989.265
2.750,19.000,49991.099
2.750,19.500,49992.317
2.750,20.000,49993.576
3.000,0.000,49995.469
3.000,0.500,49995.859
3.000,1.000,49994.453
3.000,1.500,49997.448
3.000,2.000,49994.646
3.000,2.500,49995.764
3.000,3.000,49994.337
3.000,3.500,49995.097
3.000,4.000,49994.498
3.000,4.500,49994.298
3.000,5.000,49992.788
3.000,5.500,49995.244
3.000,6.000,49995.882
3.000,6.500,49993.806
3.000,7.000,49994.186
3.000,7.500,49993.957
3.000,8.000,49993.668
3.000,8.500,49992.273
3.000,9.000,49991.647
3.000,9.500,49992.109
3.000,10.000,49990.383
3.000,10.500,49988.279
3.000,11.000,49989.245
3.000,11.500,49985.875
3.000,12.000,49988.246
3.000,12.500,49988.492
3.000,13.000,49989.436
3.000,13.500,49987.627
3.000,14.000,49988.730
3.000,14.500,49987.399
3.000,15.000,49986.047
3.000,15.500,49985.755
3.000,16.000,49986.800
3.000,16.500,49986.658
3.000,17.000,49990.160
3.000,17.500,49989.428
3.000,18.000,49991.135
3.000,18.500,49990.923
3.000,19.000,49992.895
3.000,19.500,49993.409
3.000,20.000,49991.308
3.250,0.000,49995.354
3.250,0.500,49994.876
3.250,1.000,49993.142
3.250,1.500,49996.474
3.250,2.000,49997.118
3.250,2.500,49995.184
3.250,3.000,49994.297
3.250,3.500,49996.497
3.250,4.000,49991.146
3.250,4.500,49994.709
3.250,5.000,49994.410
3.250,5.500,49993.062
3.250,6.000,49995.696
3.250,6.500,49994.720
3.250,7.000,49992.489
3.250,7.500,49992.328
3.250,8.000,49991.412
3.250,8.500,49990.721
3.250,9.000,49988.984
3.250,9.500,49992.440
3.250,10.000,49991.313
3.250,10.500,49990.357
3.250,11.000,49986.915
3.250,11.500,49991.102
3.250,12.000,49990.430
3.250,12.500,49987.300
3.250,13.000,49985.324
3.250,13.500,49985.169
3.250,14.000,49987.024
3.250,14.500,49985.099
3.250,15.000,49986.629
3.250,15.500,49988.651
3.250,16.000,49985.199
3.250,16.500,49990.990
3.250,17.000,49990.906
3.250,17.500,49987.304
3.250,18.000,49987.650
3.250,18.500,49989.945
3.250,19.000,49989.400
3.250,19.500,49991.094
3.250,20.000,49988.123
3.500,0.000,49995.380
3.500,0.500,49998.334
3.500,1.000,49993.849
3.500,1.500,49994.997
3.500,2.000,49993.041
3.500,2.500,49996.086
3.500,3.000,49994.626
3.500,3.500,49997.690
3.500,4.000,49994.881
3.500,4.500,49993.778
3.500,5.000,49994.899
3.500,5.500,49993.019
3.500,6.000,49991.438
3.500,6.500,49993.528
3.500,7.000,49992.399
3.500,7.500,49992.450
3.500,8.000,49992.255
3.500,8.500,49990.370
3.500,9.000,49991.165
3.500,9.500,49992.496
3.500,10.000,49987.552
3.500,10.500,49991.128
3.500,11.000,49987.469
3.500,11.500,49986.024
3.500,12.000,49990.212
3.500,12.500,49986.291
3.500,13.000,49987.722
3.500,13.500,49986.646
3.500,14.000,49982.814
3.500,14.500,49985.601
3.500,15.000,49984.878
3.500,15.500,49984.046
3.500,16.000,49983.914
3.500,16.500,49987.327
3.500,17.000,49988.719
3.500,17.500,49989.108
3.500,18.000,49988.755
3.500,18.500,49988.691
3.500,19.000,49989.052
3.500,19.500,49990.303
3.500,20.000,49990.142
3.750,0.000,49995.371
3.750,0.500,49995.544
3.750,1.000,49994.126
3.750,1.500,49995.000
3.750,2.000,49994.071
3.750,2.500,49995.051
3.750,3.000,49995.646
3.750,3.500,49994.958
3.750,4.000,49995.180
3.750,4.500,49991.746
3.750,5.000,49993.377
3.750,5.500,49994.045
3.750,6.000,49994.237
3.750,6.500,49990.478
3.750,7.000,49992.666
3.750,7.500,49993.735
3.750,8.000,49991.101
3.750,8.500,49990.613
3.750,9.000,49990.761
3.750,9.500,49989.737
3.750,10.000,49989.618
3.750,10.500,49987.930
3.750,11.000,49987.263
3.750,11.500,49985.102
3.750,12.000,49985.323
3.750,12.500,49986.862
3.750,13.000,49984.218
3.750,13.500,49983.983
3.750,14.000,49983.399
3.750,14.500,49985.416
3.750,15.000,49983.242
3.750,15.500,49986.349
3.750,16.000,49984.173
3.750,16.500,49984.689
3.750,17.000,49987.343
3.750,17.500,49988.016
3.750,18.000,49989.052
3.750,18.500,49990.960
3.750,19.000,49989.467
3.750,19.500,49991.419
3.750,20.000,49990.004
4.000,0.000,49997.512
4.000,0.500,49996.472
4.000,1.000,49996.215
4.000,1.500,49995.566
4.000,2.000,49993.963
4.000,2.500,49994.491
4.000,3.000,49995.554
4.000,3.500,49994.569
4.000,4.000,49994.552
4.000,4.500,49992.066
4.000,5.000,49994.081
4.000,5.500,49992.436
4.000,6.000,49991.469
4.000,6.500,49992.432
4.000,7.000,49989.394
4.000,7.500,49992.681
4.000,8.000,49992.302
4.000,8.500,49990.267
4.000,9.000,49988.113
4.000,9.500,49987.381
4.000,10.000,49987.715
4.000,10.500,49983.415
4.000,11.000,49986.422
4.000,11.500,49986.273
4.000,12.000,49984.001
4.000,12.500,49983.033
4.000,13.000,49983.511
4.000,13.500,49983.425
4.000,14.000,49984.424
4.000,14.500,49982.926
4.000,15.000,49982.203
4.000,15.500,49983.082
4.000,16.000,49984.742
4.000,16.500,49987.611
4.000,17.000,49985.671
4.000,17.500,49985.472
4.000,18.000,49986.637
4.000,18.500,49985.654
4.000,19.000,49990.099
4.000,19.500,49988.305
4.000,20.000,49989.173
4.250,0.000,49992.602
4.250,0.500,49993.785
4.250,1.000,49996.198
4.250,1.500,49993.247
4.250,2.000,49992.442
4.250,2.500,49995.167
4.250,3.000,49994.200
4.250,3.500,49995.146
4.250,4.000,49995.366
4.250,4.500,49993.967
4.250,5.000,49991.719
4.250,5.500,49993.123
4.250,6.000,49993.653
4.250,6.500,49991.566
4.250,7.000,49989.760
4.250,7.500,49992.978
4.250,8.000,49990.033
4.250,8.500,49989.297
4.250,9.000,49989.110
4.250,9.500,49989.731
4.250,10.000,49987.614
4.250,10.500,49985.706
4.250,11.000,49986.198
4.250,11.500,49987.387
4.250,12.000,49985.310
4.250,12.500,49983.426
4.250,13.000,49980.104
4.250,13.500,49987.017
4.250,14.000,49979.454
4.250,14.500,49980.831
4.250,15.000,49980.738
4.250,15.500,49984.857
4.250,16.000,49983.859
4.250,16.500,49982.025
4.250,17.000,49985.576
4.250,17.500,49987.026
4.250,18.000,49986.741
4.250,18.500,49986.355
4.250,19.000,49987.998
4.250,19.500,49989.255
4.250,20.000,49990.690
4.500,0.000,49994.723
4.500,0.500,49996.498
4.500,1.000,49993.850
4.500,1.500,49992.542
4.500,2.000,49993.877
4.500,2.500,49996.836
4.500,3.000,49993.756
4.500,3.500,49997.903
4.500,4.000,49994.875
4.500,4.500,49992.100
4.500,5.000,49992.264
4.500,5.500,49993.501
4.500,6.000,49990.936
4.500,6.500,49995.768
4.500,7.000,49990.154
4.500,7.500,49992.017
4.500,8.000,49992.456
4.500,8.500,49989.281
4.500,9.000,49987.036
4.500,9.500,49987.112
4.500,10.000,49986.975
4.500,10.500,49986.594
4.500,11.000,49984.183
4.500,11.500,49980.832
4.500,12.000,49981.905
4.500,12.500,49979.883
4.500,13.000,49976.879
4.500,13.500,49978.636
4.500,14.000,49977.373
4.500,14.500,49980.563
4.500,15.000,49983.070
4.500,15.500,49983.681
4.500,16.000,49980.982
4.500,16.500,49982.231
4.500,17.000,49985.131
4.500,17.500,49986.872
4.500,18.000,49985.804
4.500,18.500,49987.308
4.500,19.000,49991.840
4.500,19.500,49989.284
4.500,20.000,49989.538
4.750,0.000,49995.613
4.750,0.500,49996.192
4.750,1.000,49993.666
4.750,1.500,49994.685
4.750,2.000,49993.150
4.750,2.500,49994.301
4.750,3.000,49997.329
4.750,3.500,49995.393
4.750,4.000,49993.874
4.750,4.500,49992.308
4.750,5.000,49992.890
4.750,5.500,49994.530
4.750,6.000,49991.649
4.750,6.500,49994.135
4.750,7.000,49989.289
4.750,7.500,49990.216
4.750,8.000,49992.467
4.750,8.500,49985.938
4.750,9.000,49989.716
4.750,9.500,49984.030
4.750,10.000,49985.443
4.750,10.500,49984.008
4.750,11.000,49984.148
4.750,11.500,49976.832
4.750,12.000,49977.417
4.750,12.500,49978.334
4.750,13.000,49978.369
4.750,13.500,49976.419
4.750,14.000,49977.236
4.750,14.500,49975.979
4.750,15.000,49977.712
4.750,15.500,49977.913
4.750,16.000,49980.660
4.750,16.500,49982.436
4.750,17.000,49985.061
4.750,17.500,49983.282
4.750,18.000,49985.101
4.750,18.500,49986.879
4.750,19.000,49987.491
4.750,19.500,49988.871
4.750,20.000,49987.510
5.000,0.000,49995.916
5.000,0.500,49993.871
5.000,1.000,49993.680
5.000,1.500,49992.589
5.000,2.000,49996.548
5.000,2.500,49994.408
5.000,3.000,49996.130
5.000,3.500,49994.570
5.000,4.000,49991.327
5.000,4.500,49991.935
5.000,5.000,49994.328
5.000,5.500,49991.616
5.000,6.000,49990.636
5.000,6.500,49991.433
5.000,7.000,49990.780
5.000,7.500,49988.770
5.000,8.000,49988.928
5.000,8.500,49987.706
5.000,9.000,49983.413
5.000,9.500,49986.793
5.000,10.000,49983.435
5.000,10.500,49985.118
5.000,11.000,49979.881
5.000,11.500,49977.678
5.000,12.000,49980.351
5.000,12.500,49974.891
5.000,13.000,49975.292
5.000,13.500,49976.488
5.000,14.000,49974.872
5.000,14.500,49973.109
5.000,15.000,49976.528
5.000,15.500,49976.977
5.000,16.000,49980.495
5.000,16.500,49980.931
5.000,17.000,49986.160
5.000,17.500,49980.693
5.000,18.000,49984.620
5.000,18.500,49984.439
5.000,19.000,49989.030
5.000,19.500,49989.657
5.000,20.000,49990.549
5.250,0.000,49994.110
5.250,0.500,49994.041
5.250,1.000,49991.982
5.250,1.500,49997.441
5.250,2.000,49995.469
5.250,2.500,49994.122
5.250,3.000,49995.691
5.250,3.500,49995.163
5.250,4.000,49995.207
5.250,4.500,49990.972
5.250,5.000,49991.946
5.250,5.500,49992.859
5.250,6.000,49992.575
5.250,6.500,49992.869
5.250,7.000,49989.214
5.250,7.500,49990.098
5.250,8.000,49992.267
5.250,8.500,49988.906
5.250,9.000,49987.928
5.250,9.500,49985.187
5.250,10.000,49984.805
5.250,10.500,49984.665
5.250,11.000,49980.335
5.250,11.500,49980.210
5.250,12.000,49975.341
5.250,12.500,49976.017
5.250,13.000,49975.289
5.250,13.500,49972.036
5.250,14.000,49974.546
5.250,14.500,49972.151
5.250,15.000,49972.725
5.250,15.500,49975.130
5.250,16.000,49979.551
5.250,16.500,49978.837
5.250,17.000,49981.578
5.250,17.500,49980.861
5.250,18.000,49983.770
5.250,18.500,49983.450
5.250,19.000,49985.765
5.250,19.500,49989.122
5.250,20.000,49988.902
5.500,0.000,49997.364
5.500,0.500,49994.764
5.500,1.000,49994.634
5.500,1.500,49996.692
5.500,2.000,49993.628
5.500,2.500,49992.121
5.500,3.000,49996.122
5.500,3.500,49994.526
5.500,4.000,49990.352
5.500,4.500,49993.313
5.500,5.000,49992.231
5.500,5.500,49994.977
5.500,6.000,49990.710
5.500,6.500,49990.283
5.500,7.000,49989.030
5.500,7.500,49987.929
5.500,8.000,49987.428
5.500,8.500,49985.129
5.500,9.000,49984.358
5.500,9.500,49981.927
5.500,10.000,49980.333
5.500,10.500,49978.314
5.500,11.000,49977.829
5.500,11.500,49975.506
5.500,12.000,49972.695
5.500,12.500,49973.479
5.500,13.000,49971.289
5.500,13.500,49969.814
5.500,14.000,49969.456
5.500,14.500,49972.851
5.500,15.000,49971.720
5.500,15.500,49973.474
5.500,16.000,49970.655
5.500,16.500,49975.551
5.500,17.000,49975.354
5.500,17.500,49980.014
5.500,18.000,49983.139
5.500,18.500,49983.325
5.500,19.000,49986.683
5.500,19.500,49985.749
5.500,20.000,49989.343
5.750,0.000,49992.761
5.750,0.500,49994.575
5.750,1.000,49995.458
5.750,1.500,49995.473
5.750,2.000,49994.297
5.750,2.500,49997.190
5.750,3.000,49993.420
5.750,3.500,49993.090
5.750,4.000,49989.309
5.750,4.500,49995.732
5.750,5.000,49992.095
5.750,5.500,49990.381
5.750,6.000,49993.537
5.750,6.500,49992.718
5.750,7.000,49990.215
5.750,7.500,49986.946
5.750,8.000,49988.607
5.750,8.500,49985.737
5.750,9.000,49983.393
5.750,9.500,49984.967
5.750,10.000,49978.228
5.750,10.500,49980.095
5.750,11.000,49977.598
5.750,11.500,49977.592
5.750,12.000,49972.694
5.750,12.500,49967.064
5.750,13.000,49967.276
5.750,13.500,49967.590
5.750,14.000,49967.669
5.750,14.500,49968.964
5.750,15.000,49965.591
5.750,15.500,49969.657
5.750,16.000,49973.661
5.750,16.500,49976.832
5.750,17.000,49979.700
5.750,17.500,49978.659
5.750,18.000,49983.074
5.750,18.500,49985.970
5.750,19.000,49986.946
5.750,19.500,49987.755
5.750,20.000,49989.220
6.000,0.000,49993.803
6.000,0.500,49992.690
6.000,1.000,49996.192
6.000,1.500,49994.034
6.000,2.000,49994.326
6.000,2.500,49993.285
6.000,3.000,49993.317
6.000,3.500,49993.970
6.000,4.000,49991.757
6.000,4.500,49993.006
6.000,5.000,49992.822
6.000,5.500,49991.807
6.000,6.000,49990.185
6.000,6.500,49991.746
6.000,7.000,49992.507
6.000,7.500,49987.769
6.000,8.000,49989.309
6.000,8.500,49987.362
6.000,9.000,49980.375
6.000,9.500,49981.272
6.000,10.000,49979.246
6.000,10.500,49978.904
6.000,11.000,49975.351
6.000,11.500,49973.037
6.000,12.000,49970.627
6.000,12.500,49965.969
6.000,13.000,49964.350
6.000,13.500,49962.461
6.000,14.000,49963.638
6.000,14.500,49964.116
6.000,15.000,49965.726
6.000,15.500,49966.226
6.000,16.000,49971.032
6.000,16.500,49973.701
6.000,17.000,49977.388
6.000,17.500,49978.798
6.000,18.000,49980.478
6.000,18.500,49983.423
6.000,19.000,49985.269
6.000,19.500,49985.051
6.000,20.000,49989.392
6.250,0.000,49997.453
6.250,0.500,49997.712
6.250,1.000,49994.652
6.250,1.500,49994.918
6.250,2.000,49994.864
6.250,2.500,49994.015
6.250,3.000,49994.693
6.250,3.500,49993.286
6.250,4.000,49992.833
6.250,4.500,49995.360
6.250,5.000,49992.497
6.250,5.500,49991.794
6.250,6.000,49992.360
6.250,6.500,49990.484
6.250,7.000,49989.770
6.250,7.500,49988.135
6.250,8.000,49985.089
6.250,8.500,49985.317
6.250,9.000,49981.820
6.250,9.500,49981.690
6.250,10.000,49977.127
6.250,10.500,49977.491
6.250,11.000,49974.218
6.250,11.500,49970.391
6.250,12.000,49966.804
6.250,12.500,49964.924
6.250,13.000,49959.301
6.250,13.500,49959.324
6.250,14.000,49960.314
6.250,14.500,49961.487
6.250,15.000,49962.130
6.250,15.500,49962.792
6.250,16.000,49967.154
6.250,16.500,49969.290
6.250,17.000,49971.491
6.250,17.500,49976.610
6.250,18.000,49978.584
6.250,18.500,49983.170
6.250,19.000,49984.523
6.250,19.500,49986.465
6.250,20.000,49987.402
6.500,0.000,49993.487
6.500,0.500,49993.220
6.500,1.000,49992.266
6.500,1.500,49998.619
6.500,2.000,49992.485
6.500,2.500,49993.562
6.500,3.000,49993.073
6.500,3.500,49992.886
6.500,4.000,49992.074
6.500,4.500,49989.730
6.500,5.000,49990.542
6.500,5.500,49989.371
6.500,6.000,49990.576
6.500,6.500,49988.916
6.500,7.000,49987.927
6.500,7.500,49988.103
6.500,8.000,49985.492
6.500,8.500,49986.075
6.500,9.000,49982.084
6.500,9.500,49980.627
6.500,10.000,49975.543
6.500,10.500,49975.392
6.500,11.000,49970.388
6.500,11.500,49968.084
6.500,12.000,49964.590
6.500,12.500,49960.927
6.500,13.000,49959.346
6.500,13.500,49957.147
6.500,14.000,49959.321
6.500,14.500,49959.127
6.500,15.000,49959.743
6.500,15.500,49959.417
6.500,16.000,49962.446
6.500,16.500,49966.475
6.500,17.000,49970.629
6.500,17.500,49975.079
6.500,18.000,49976.186
6.500,18.500,49982.055
6.500,19.000,49982.669
6.500,19.500,49981.657
6.500,20.000,49985.654
6.750,0.000,49990.748
6.750,0.500,49993.363
6.750,1.000,49993.513
6.750,1.500,49993.246
6.750,2.000,49993.471
6.750,2.500,49993.134
6.750,3.000,49992.564
6.750,3.500,49995.393
6.750,4.000,49994.592
6.750,4.500,49990.623
6.750,5.000,49993.704
6.750,5.500,49988.782
6.750,6.000,49989.267
6.750,6.500,49991.908
6.750,7.000,49985.217
6.750,7.500,49988.181
6.750,8.000,49983.921
6.750,8.500,49983.756
6.750,9.000,49981.506
6.750,9.500,49981.709
6.750,10.000,49974.888
6.750,10.500,49972.511
6.750,11.000,49969.735
6.750,11.500,49964.488
6.750,12.000,49959.947
6.750,12.500,49958.058
6.750,13.000,49956.207
6.750,13.500,49956.290
6.750,14.000,49953.224
6.750,14.500,49954.290
6.750,15.000,49956.551
6.750,15.500,49957.896
6.750,16.000,49960.902
6.750,16.500,49964.840
6.750,17.000,49967.750
6.750,17.500,49971.415
6.750,18.000,49976.765
6.750,18.500,49977.521
6.750,19.000,49983.524
6.750,19.500,49984.298
6.750,20.000,49983.886
7.000,0.000,49994.911
7.000,0.500,49994.600
7.000,1.000,49995.335
7.000,1.500,49995.750
7.000,2.000,49993.255
7.000,2.500,49992.504
7.000,3.000,49992.378
7.000,3.500,49991.491
7.000,4.000,49991.461
7.000,4.500,49992.558
7.000,5.000,49991.622
7.000,5.500,49990.227
7.000,6.000,49989.098
7.000,6.500,49989.813
7.000,7.000,49987.436
7.000,7.500,49985.291
7.000,8.000,49984.999
7.000,8.500,49982.858
7.000,9.000,49979.263
7.000,9.500,49979.247
7.000,10.000,49975.898
7.000,10.500,49970.818
7.000,11.000,49966.716
7.000,11.500,49963.010
7.000,12.000,49958.299
7.000,12.500,49956.799
7.000,13.000,49956.380
7.000,13.500,49953.539
7.000,14.000,49954.041
7.000,14.500,49954.728
7.000,15.000,49953.389
7.000,15.500,49953.770
7.000,16.000,49959.705
7.000,16.500,49959.866
7.000,17.000,49969.202
7.000,17.500,49972.062
7.000,18.000,49974.910
7.000,18.500,49978.083
7.000,19.000,49983.495
7.000,19.500,49981.835
7.000,20.000,49983.486
7.250,0.000,49993.439
7.250,0.500,49993.804
7.250,1.000,49992.527
7.250,1.500,49994.084
7.250,2.000,49993.845
7.250,2.500,49992.176
7.250,3.000,49995.515
7.250,3.500,49990.689
7.250,4.000,49990.469
7.250,4.500,49992.484
7.250,5.000,49991.057
7.250,5.500,49991.335
7.250,6.000,49988.987
7.250,6.500,49987.408
7.250,7.000,49986.827
7.250,7.500,49985.353
7.250,8.000,49985.435
7.250,8.500,49981.810
7.250,9.000,49981.090
7.250,9.500,49977.710
7.250,10.000,49974.682
7.250,10.500,49970.208
7.250,11.000,49965.390
7.250,11.500,49960.777
7.250,12.000,49955.030
7.250,12.500,49953.204
7.250,13.000,49950.631
7.250,13.500,49954.831
7.250,14.000,49954.021
7.250,14.500,49954.996
7.250,15.000,49954.167
7.250,15.500,49951.568
7.250,16.000,49954.284
7.250,16.500,49959.098
7.250,17.000,49963.437
7.250,17.500,49969.107
7.250,18.000,49971.388
7.250,18.500,49976.899
7.250,19.000,49977.416
7.250,19.500,49979.297
7.250,20.000,49985.722
7.500,0.000,49992.217
7.500,0.500,49993.193
7.500,1.000,49991.745
7.500,1.500,49991.570
7.500,2.000,49992.869
7.500,2.500,49992.602
7.500,3.000,49994.399
7.500,3.500,49993.257
7.500,4.000,49991.787
7.500,4.500,49992.837
7.500,5.000,49992.805
7.500,5.500,49991.063
7.500,6.000,49989.012
7.500,6.500,49990.149
7.500,7.000,49990.053
7.500,7.500,49986.896
7.500,8.000,49986.723
7.500,8.500,49983.194
7.500,9.000,49980.298
7.500,9.500,49974.007
7.500,10.000,49969.930
7.500,10.500,49966.871
7.500,11.000,49959.430
7.500,11.500,49956.311
7.500,12.000,49955.164
7.500,12.500,49952.272
7.500,13.000,49956.753
7.500,13.500,49958.147
7.500,14.000,49961.526
7.500,14.500,49961.709
7.500,15.000,49956.266
7.500,15.500,49953.705
7.500,16.000,49956.420
7.500,16.500,49959.145
7.500,17.000,49960.618
7.500,17.500,49968.922
7.500,18.000,49970.678
7.500,18.500,49975.616
7.500,19.000,49979.048
7.500,19.500,49983.413
7.500,20.000,49982.373
7.750,0.000,49994.680
7.750,0.500,49994.644
7.750,1.000,49994.910
7.750,1.500,49993.187
7.750,2.000,49994.788
7.750,2.500,49991.960
7.750,3.000,49994.449
7.750,3.500,49992.907
7.750,4.000,49989.864
7.750,4.500,49992.084
7.750,5.000,49991.154
7.750,5.500,49989.644
7.750,6.000,49988.218
7.750,6.500,49987.921
7.750,7.000,49984.842
7.750,7.500,49987.970
7.750,8.000,49981.798
7.750,8.500,49980.091
7.750,9.000,49979.825
7.750,9.500,49975.341
7.750,10.000,49971.169
7.750,10.500,49967.333
7.750,11.000,49959.278
7.750,11.500,49953.539
7.750,12.000,49954.202
7.750,12.500,49956.745
7.750,13.000,49963.473
7.750,13.500,49972.773
7.750,14.000,49981.635
7.750,14.500,49975.536
7.750,15.000,49961.903
7.750,15.500,49956.721
7.750,16.000,49950.775
7.750,16.500,49954.385
7.750,17.000,49958.061
7.750,17.500,49964.101
7.750,18.000,49968.839
7.750,18.500,49973.543
7.750,19.000,49979.194
7.750,19.500,49981.525
7.750,20.000,49984.433
8.000,0.000,49995.455
8.000,0.500,49993.111
8.000,1.000,49993.623
8.000,1.500,49994.117
8.000,2.000,49995.646
8.000,2.500,49994.175
8.000,3.000,49994.594
8.000,3.500,49993.692
8.000,4.000,49993.326
8.000,4.500,49988.559
8.000,5.000,49991.954
8.000,5.500,49990.223
8.000,6.000,49989.101
8.000,6.500,49987.149
8.000,7.000,49985.973
8.000,7.500,49985.590
8.000,8.000,49984.182
8.000,8.500,49978.129
8.000,9.000,49977.536
8.000,9.500,49972.467
8.000,10.000,49967.184
8.000,10.500,49963.822
8.000,11.000,49957.230
8.000,11.500,49952.538
8.000,12.000,49952.385
8.000,12.500,49962.351
8.000,13.000,49981.014
8.000,13.500,50002.807
8.000,14.000,50014.379
8.000,14.500,50004.170
8.000,15.000,49981.637
8.000,15.500,49960.354
8.000,16.000,49954.271
8.000,16.500,49952.290
8.000,17.000,49961.815
8.000,17.500,49961.821
8.000,18.000,49967.425
8.000,18.500,49973.599
8.000,19.000,49975.856
8.000,19.500,49981.617
8.000,20.000,49985.624
8.250,0.000,49993.035
8.250,0.500,49993.728
8.250,1.000,49992.523
8.250,1.500,49993.104
8.250,2.000,49995.025
8.250,2.500,49993.954
8.250,3.000,49990.947
8.250,3.500,49994.257
8.250,4.000,49993.249
8.250,4.500,49991.720
8.250,5.000,49989.383
8.250,5.500,49989.723
8.250,6.000,49987.520
8.250,6.500,49988.299
8.250,7.000,49985.744
8.250,7.500,49981.154
8.250,8.000,49983.757
8.250,8.500,49979.976
8.250,9.000,49977.957
8.250,9.500,49971.989
8.250,10.000,49967.474
8.250,10.500,49963.184
8.250,11.000,49956.519
8.250,11.500,49953.057
8.250,12.000,49961.061
8.250,12.500,49974.053
8.250,13.000,50012.704
8.250,13.500,50062.662
8.250,14.000,50082.156
8.250,14.500,50058.499
8.250,15.000,50010.302
8.250,15.500,49975.107
8.250,16.000,49957.178
8.250,16.500,49953.738
8.250,17.000,49953.907
8.250,17.500,49963.020
8.250,18.000,49968.988
8.250,18.500,49972.047
8.250,19.000,49976.389
8.250,19.500,49980.702
8.250,20.000,49982.918
8.500,0.000,49994.366
8.500,0.500,49991.624
8.500,1.000,49992.820
8.500,1.500,49991.065
8.500,2.000,49993.601
8.500,2.500,49993.182
8.500,3.000,49991.924
8.500,3.500,49992.147
8.500,4.000,49988.927
8.500,4.500,49992.023
8.500,5.000,49989.403
8.500,5.500,49989.532
8.500,6.000,49990.077
8.500,6.500,49986.120
8.500,7.000,49987.628
8.500,7.500,49984.243
8.500,8.000,49981.873
8.500,8.500,49979.864
8.500,9.000,49973.641
8.500,9.500,49972.029
8.500,10.000,49965.951
8.500,10.500,49961.483
8.500,11.000,49954.118
8.500,11.500,49951.991
8.500,12.000,49962.087
8.500,12.500,49994.675
8.500,13.000,50063.483
8.500,13.500,50157.161
8.500,14.000,50206.179
8.500,14.500,50157.313
8.500,15.000,50063.938
8.500,15.500,49995.838
8.500,16.000,49958.752
8.500,16.500,49949.356
8.500,17.000,49954.437
8.500,17.500,49960.200
8.500,18.000,49966.189
8.500,18.500,49969.799
8.500,19.000,49975.286
8.500,19.500,49976.932
8.500,20.000,49982.160
8.750,0.000,49990.749
8.750,0.500,49992.798
8.750,1.000,49993.241
8.750,1.500,49990.014
8.750,2.000,49991.633
8.750,2.500,49993.328
8.750,3.000,49994.151
8.750,3.500,49989.196
8.750,4.000,49991.515
8.750,4.500,49988.617
8.750,5.000,49987.809
8.750,5.500,49991.440
8.750,6.000,49989.093
8.750,6.500,49985.707
8.750,7.000,49985.779
8.750,7.500,49984.584
8.750,8.000,49981.589
8.750,8.500,49981.778
8.750,9.000,49975.645
8.750,9.500,49965.669
8.750,10.000,49964.201
8.750,10.500,49957.412
8.750,11.000,49952.965
8.750,11.500,49953.308
8.750,12.000,49968.652
8.750,12.500,50023.301
8.750,13.000,50149.123
8.750,13.500,50318.602
8.750,14.000,50407.547
8.750,14.500,50318.726
8.750,15.000,50148.090
8.750,15.500,50026.830
8.750,16.000,49968.045
8.750,16.500,49954.458
8.750,17.000,49952.360
8.750,17.500,49960.249
8.750,18.000,49964.347
8.750,18.500,49966.751
8.750,19.000,49974.789
8.750,19.500,49975.731
8.750,20.000,49980.991
9.000,0.000,49992.838
9.000,0.500,49992.171
9.000,1.000,49990.369
9.000,1.500,49990.724
9.000,2.000,49990.896
9.000,2.500,49991.517
9.000,3.000,49993.500
9.000,3.500,49992.251
9.000,4.000,49990.027
9.000,4.500,49992.105
9.000,5.000,49987.489
9.000,5.500,49989.774
9.000,6.000,49987.511
9.000,6.500,49986.927
9.000,7.000,49986.034
9.000,7.500,49982.180
9.000,8.000,49982.031
9.000,8.500,49977.812
9.000,9.000,49977.642
9.000,9.500,49968.816
9.000,10.000,49965.449
9.000,10.500,49958.266
9.000,11.000,49950.650
9.000,11.500,49956.796
9.000,12.000,49978.577
9.000,12.500,50061.431
9.000,13.000,50264.130
9.000,13.500,50563.151
9.000,14.000,50729.601
9.000,14.500,50561.156
9.000,15.000,50265.226
9.000,15.500,50065.846
9.000,16.000,49979.184
9.000,16.500,49955.852
9.000,17.000,49950.547
9.000,17.500,49956.457
9.000,18.000,49961.969
9.000,18.500,49965.972
9.000,19.000,49972.258
9.000,19.500,49979.659
9.000,20.000,49979.183
9.250,0.000,49991.834
9.250,0.500,49990.765
9.250,1.000,49993.629
9.250,1.500,49992.130
9.250,2.000,49992.628
9.250,2.500,49991.458
9.250,3.000,49989.536
9.250,3.500,49989.448
9.250,4.000,49991.708
9.250,4.500,49989.819
9.250,5.000,49990.406
9.250,5.500,49983.696
9.250,6.000,49989.118
9.250,6.500,49985.491
9.250,7.000,49987.969
9.250,7.500,49982.029
9.250,8.000,49980.414
9.250,8.500,49978.283
9.250,9.000,49972.071
9.250,9.500,49969.801
9.250,10.000,49961.637
9.250,10.500,49958.210
9.250,11.000,49953.002
9.250,11.500,49957.368
9.250,12.000,49990.887
9.250,12.500,50110.777
9.250,13.000,50408.500
9.250,13.500,50889.661
9.250,14.000,51180.479
9.250,14.500,50894.118
9.250,15.000,50406.147
9.250,15.500,50113.011
9.250,16.000,49991.031
9.250,16.500,49957.109
9.250,17.000,49950.091
9.250,17.500,49957.003
9.250,18.000,49963.299
9.250,18.500,49970.196
9.250,19.000,49975.416
9.250,19.500,49979.173
9.250,20.000,49980.685
9.500,0.000,49990.534
9.500,0.500,49994.205
9.500,1.000,49990.087
9.500,1.500,49991.182
9.500,2.000,49992.708
9.500,2.500,49991.991
9.500,3.000,49993.389
9.500,3.500,49990.607
9.500,4.000,49987.619
9.500,4.500,49989.189
9.500,5.000,49989.197
9.500,5.500,49987.598
9.500,6.000,49989.246
9.500,6.500,49985.521
9.500,7.000,49982.196
9.500,7.500,49983.108
9.500,8.000,49978.224
9.500,8.500,49979.361
9.500,9.000,49973.231
9.500,9.500,49965.724
9.500,10.000,49963.446
9.500,10.500,49959.011
9.500,11.000,49948.383
9.500,11.500,49959.785
9.500,12.000,50003.764
9.500,12.500,50156.706
9.500,13.000,50561.518
9.500,13.500,51270.309
9.500,14.000,51712.994
9.500,14.500,51271.688
9.500,15.000,50558.979
9.500,15.500,50159.381
9.500,16.000,50005.330
9.500,16.500,49956.651
9.500,17.000,49951.381
9.500,17.500,49957.587
9.500,18.000,49961.090
9.500,18.500,49967.585
9.500,19.000,49972.222
9.500,19.500,49978.562
9.500,20.000,49979.034
9.750,0.000,49992.050
9.750,0.500,49992.722
9.750,1.000,49991.424
9.750,1.500,49990.231
9.750,2.000,49989.280
9.750,2.500,49988.737
9.750,3.000,49988.918
9.750,3.500,49987.719
9.750,4.000,49988.748
9.750,4.500,49989.735
9.750,5.000,49988.696
9.750,5.500,49986.558
9.750,6.000,49985.268
9.750,6.500,49984.062
9.750,7.000,49981.916
9.750,7.500,49980.185
9.750,8.000,49980.624
9.750,8.500,49974.277
9.750,9.000,49972.377
9.750,9.500,49966.364
9.750,10.000,49964.862
9.750,10.500,49952.138
9.750,11.000,49951.338
9.750,11.500,49959.154
9.750,12.000,50009.772
9.750,12.500,50190.710
9.750,13.000,50682.196
9.750,13.500,51585.356
9.750,14.000,52176.788
9.750,14.500,51587.544
9.750,15.000,50683.927
9.750,15.500,50189.323
9.750,16.000,50013.134
9.750,16.500,49959.360
9.750,17.000,49948.085
9.750,17.500,49955.618
9.750,18.000,49961.098
9.750,18.500,49965.968
9.750,19.000,49973.751
9.750,19.500,49975.677
9.750,20.000,49981.078
10.000,0.000,49991.609
10.000,0.500,49992.705
10.000,1.000,49992.422
10.000,1.500,49991.908
10.000,2.000,49989.412
10.000,2.500,49992.062
10.000,3.000,49990.387
10.000,3.500,49992.970
10.000,4.000,49990.222
10.000,4.500,49990.076
10.000,5.000,49987.131
10.000,5.500,49986.852
10.000,6.000,49986.601
10.000,6.500,49983.454
10.000,7.000,49981.896
10.000,7.500,49981.524
10.000,8.000,49979.076
10.000,8.500,49976.316
10.000,9.000,49973.639
10.000,9.500,49966.282
10.000,10.000,49961.809
10.000,10.500,49954.180
10.000,11.000,49950.424
10.000,11.500,49960.272
10.000,12.000,50010.496
10.000,12.500,50202.730
10.000,13.000,50727.384
10.000,13.500,51712.002
10.000,14.000,52360.658
10.000,14.500,51712.732
10.000,15.000,50725.525
10.000,15.500,50203.936
10.000,16.000,50013.239
10.000,16.500,49957.363
10.000,17.000,49949.705
10.000,17.500,49955.530
10.000,18.000,49959.896
10.000,18.500,49966.461
10.000,19.000,49971.410
10.000,19.500,49975.820
10.000,20.000,49976.643
10.250,0.000,49991.308
10.250,0.500,49990.386
10.250,1.000,49995.477
10.250,1.500,49990.522
10.250,2.000,49989.921
10.250,2.500,49991.809
10.250,3.000,49989.765
10.250,3.500,49989.991
10.250,4.000,49987.839
10.250,4.500,49990.929
10.250,5.000,49986.984
10.250,5.500,49987.673
10.250,6.000,49987.805
10.250,6.500,49984.406
10.250,7.000,49983.309
10.250,7.500,49982.230
10.250,8.000,49979.888
10.250,8.500,49974.060
10.250,9.000,49971.935
10.250,9.500,49965.185
10.250,10.000,49959.413
10.250,10.500,49953.172
10.250,11.000,49952.184
10.250,11.500,49961.361
10.250,12.000,50014.148
10.250,12.500,50189.464
10.250,13.000,50680.012
10.250,13.500,51584.817
10.250,14.000,52177.871
10.250,14.500,51583.964
10.250,15.000,50680.799
10.250,15.500,50188.700
10.250,16.000,50012.865
10.250,16.500,49957.446
10.250,17.000,49952.012
10.250,17.500,49956.115
10.250,18.000,49960.281
10.250,18.500,49967.301
10.250,19.000,49969.354
10.250,19.500,49975.563
10.250,20.000,49978.542
10.500,0.000,49987.122
10.500,0.500,49991.461
10.500,1.000,49991.195
10.500,1.500,49987.918
10.500,2.000,49988.102
10.500,2.500,49988.820
10.500,3.000,49988.824
10.500,3.500,49988.772
10.500,4.000,49987.335
10.500,4.500,49986.709
10.500,5.000,49988.014
10.500,5.500,49986.029
10.500,6.000,49985.585
10.500,6.500,49984.166
10.500,7.000,49983.654
10.500,7.500,49980.795
10.500,8.000,49979.856
10.500,8.500,49975.584
10.500,9.000,49972.777
10.500,9.500,49968.318
10.500,10.000,49958.254
10.500,10.500,49955.458
10.500,11.000,49952.682
10.500,11.500,49955.590
10.500,12.000,50001.609
10.500,12.500,50154.525
10.500,13.000,50560.282
10.500,13.500,51268.969
10.500,14.000,51711.648
10.500,14.500,51270.158
10.500,15.000,50558.336
10.500,15.500,50154.853
10.500,16.000,50003.192
10.500,16.500,49959.979
10.500,17.000,49949.239
10.500,17.500,49955.249
10.500,18.000,49960.775
10.500,18.500,49964.074
10.500,19.000,49970.011
10.500,19.500,49973.622
10.500,20.000,49977.809
10.750,0.000,49989.950
10.750,0.500,49990.465
10.750,1.000,49992.164
10.750,1.500,49990.678
10.750,2.000,49993.788
10.750,2.500,49989.168
10.750,3.000,49990.393
10.750,3.500,49989.447
10.750,4.000,49990.629
10.750,4.500,49987.253
10.750,5.000,49988.428
10.750,5.500,49988.800
10.750,6.000,49984.288
10.750,6.500,49984.036
10.750,7.000,49983.382
10.750,7.500,49980.059
10.750,8.000,49976.975
10.750,8.500,49977.958
10.750,9.000,49970.957
10.750,9.500,49969.009
10.750,10.000,49959.758
10.750,10.500,49953.882
10.750,11.000,49950.924
10.750,11.500,49954.232
10.750,12.000,49988.542
10.750,12.500,50107.929
10.750,13.000,50406.375
10.750,13.500,50889.628
10.750,14.000,51179.355
10.750,14.500,50887.241
10.750,15.000,50405.129
10.750,15.500,50108.739
10.750,16.000,49989.121
10.750,16.500,49953.050
10.750,17.000,49948.403
10.750,17.500,49954.298
10.750,18.000,49962.752
10.750,18.500,49964.311
10.750,19.000,49970.887
10.750,19.500,49976.674
10.750,20.000,49978.790
11.000,0.000,49989.986
11.000,0.500,49989.299
11.000,1.000,49989.820
11.000,1.500,49989.447
11.000,2.000,49986.085
11.000,2.500,49988.017
11.000,3.000,49985.845
11.000,3.500,49990.326
11.000,4.000,49989.171
11.000,4.500,49986.213
11.000,5.000,49987.949
11.000,5.500,49989.621
11.000,6.000,49984.041
11.000,6.500,49985.723
11.000,7.000,49982.821
11.000,7.500,49980.046
11.000,8.000,49976.372
11.000,8.500,49974.193
11.000,9.000,49970.633
11.000,9.500,49963.000
11.000,10.000,49961.543
11.000,10.500,49954.014
11.000,11.000,49950.302
11.000,11.500,49951.327
11.000,12.000,49981.866
11.000,12.500,50059.494
11.000,13.000,50258.652
11.000,13.500,50559.806
11.000,14.000,50730.262
11.000,14.500,50557.260
11.000,15.000,50262.796
11.000,15.500,50060.604
11.000,16.000,49979.309
11.000,16.500,49952.069
11.000,17.000,49952.958
11.000,17.500,49957.170
11.000,18.000,49959.775
11.000,18.500,49970.877
11.000,19.000,49969.539
11.000,19.500,49974.557
11.000,20.000,49980.743
11.250,0.000,49988.538
11.250,0.500,49988.528
11.250,1.000,49989.513
11.250,1.500,49989.796
11.250,2.000,49989.466
11.250,2.500,49987.495
11.250,3.000,49988.591
11.250,3.500,49988.876
11.250,4.000,49989.729
11.250,4.500,49987.431
11.250,5.000,49984.416
11.250,5.500,49985.557
11.250,6.000,49983.628
11.250,6.500,49985.360
11.250,7.000,49979.406
11.250,7.500,49980.929
11.250,8.000,49976.187
11.250,8.500,49976.784
11.250,9.000,49972.361
11.250,9.500,49966.956
11.250,10.000,49961.862
11.250,10.500,49954.480
11.250,11.000,49950.753
11.250,11.500,49949.682
11.250,12.000,49967.193
11.250,12.500,50021.485
11.250,13.000,50139.824
11.250,13.500,50313.404
11.250,14.000,50407.298
11.250,14.500,50316.353
11.250,15.000,50143.703
11.250,15.500,50021.208
11.250,16.000,49965.594
11.250,16.500,49950.702
11.250,17.000,49950.608
11.250,17.500,49953.516
11.250,18.000,49962.097
11.250,18.500,49968.476
11.250,19.000,49969.772
11.250,19.500,49974.595
11.250,20.000,49978.481
11.500,0.000,49990.199
11.500,0.500,49988.335
11.500,1.000,49988.001
11.500,1.500,49987.901
11.500,2.000,49988.944
11.500,2.500,49988.742
11.500,3.000,49987.755
11.500,3.500,49985.368
11.500,4.000,49985.339
11.500,4.500,49987.404
11.500,5.000,49983.985
11.500,5.500,49985.390
11.500,6.000,49983.575
11.500,6.500,49982.064
11.500,7.000,49981.584
11.500,7.500,49982.284
11.500,8.000,49977.977
11.500,8.500,49974.299
11.500,9.000,49969.014
11.500,9.500,49967.619
11.500,10.000,49963.276
11.500,10.500,49956.552
11.500,11.000,49951.905
11.500,11.500,49948.964
11.500,12.000,49955.290
11.500,12.500,49990.409
11.500,13.000,50061.743
11.500,13.500,50154.246
11.500,14.000,50199.250
11.500,14.500,50153.070
11.500,15.000,50061.505
11.500,15.500,49992.383
11.500,16.000,49958.753
11.500,16.500,49949.218
11.500,17.000,49950.750
11.500,17.500,49954.103
11.500,18.000,49959.920
11.500,18.500,49966.713
11.500,19.000,49972.786
11.500,19.500,49975.336
11.500,20.000,49978.385
11.750,0.000,49986.293
11.750,0.500,49986.205
11.750,1.000,49989.908
11.750,1.500,49987.981
11.750,2.000,49985.835
11.750,2.500,49988.865
11.750,3.000,49987.619
11.750,3.500,49991.294
11.750,4.000,49988.310
11.750,4.500,49986.440
11.750,5.000,49985.074
11.750,5.500,49984.901
11.750,6.000,49983.488
11.750,6.500,49980.368
11.750,7.000,49982.539
11.750,7.500,49979.847
11.750,8.000,49973.164
11.750,8.500,49973.664
11.750,9.000,49970.025
11.750,9.500,49968.593
11.750,10.000,49962.054
11.750,10.500,49958.671
11.750,11.000,49948.478
11.750,11.500,49945.940
11.750,12.000,49952.769
11.750,12.500,49968.252
11.750,13.000,50005.791
11.750,13.500,50054.200
11.750,14.000,50077.153
11.750,14.500,50055.799
11.750,15.000,50009.056
11.750,15.500,49966.854
11.750,16.000,49950.732
11.750,16.500,49947.575
11.750,17.000,49950.989
11.750,17.500,49957.689
11.750,18.000,49962.300
11.750,18.500,49966.252
11.750,19.000,49969.601
11.750,19.500,49971.881
11.750,20.000,49976.740
12.000,0.000,49987.949
12.000,0.500,49989.164
12.000,1.000,49987.048
12.000,1.500,49990.907
12.000,2.000,49987.083
12.000,2.500,49986.213
12.000,3.000,49987.204
12.000,3.500,49984.820
12.000,4.000,49986.165
12.000,4.500,49982.252
12.000,5.000,49985.758
12.000,5.500,49984.115
12.000,6.000,49983.447
12.000,6.500,49982.283
12.000,7.000,49978.811
12.000,7.500,49977.730
12.000,8.000,49979.383
12.000,8.500,49975.229
12.000,9.000,49970.425
12.000,9.500,49968.051
12.000,10.000,49963.334
12.000,10.500,49960.276
12.000,11.000,49953.500
12.000,11.500,49948.254
12.000,12.000,49946.977
12.000,12.500,49958.716
12.000,13.000,49974.988
12.000,13.500,49997.250
12.000,14.000,50007.922
12.000,14.500,49997.262
12.000,15.000,49974.595
12.000,15.500,49957.189
12.000,16.000,49949.020
12.000,16.500,49949.364
12.000,17.000,49952.064
12.000,17.500,49958.592
12.000,18.000,49966.111
12.000,18.500,49968.784
12.000,19.000,49973.725
12.000,19.500,49972.221
12.000,20.000,49975.921
12.250,0.000,49986.130
12.250,0.500,49983.097
12.250,1.000,49987.058
12.250,1.500,49988.846
12.250,2.000,49985.735
12.250,2.500,49986.575
12.250,3.000,49984.703
12.250,3.500,49984.896
12.250,4.000,49985.647
12.250,4.500,49982.934
12.250,5.000,49985.901
12.250,5.500,49980.555
12.250,6.000,49983.061
12.250,6.500,49980.799
12.250,7.000,49982.494
12.250,7.500,49979.831
12.250,8.000,49973.619
12.250,8.500,49970.705
12.250,9.000,49969.861
12.250,9.500,49966.964
12.250,10.000,49963.060
12.250,10.500,49958.358
12.250,11.000,49954.011
12.250,11.500,49946.315
12.250,12.000,49943.490
12.250,12.500,49949.184
12.250,13.000,49956.677
12.250,13.500,49967.772
12.250,14.000,49972.068
12.250,14.500,49967.667
12.250,15.000,49959.448
12.250,15.500,49946.371
12.250,16.000,49944.353
12.250,16.500,49949.326
12.250,17.000,49955.352
12.250,17.500,49958.004
12.250,18.000,49961.450
12.250,18.500,49964.716
12.250,19.000,49971.754
12.250,19.500,49972.464
12.250,20.000,49980.009
12.500,0.000,49990.040
12.500,0.500,49986.725
12.500,1.000,49986.951
12.500,1.500,49985.859
12.500,2.000,49987.533
12.500,2.500,49985.565
12.500,3.000,49985.372
12.500,3.500,49986.975
12.500,4.000,49985.470
12.500,4.500,49987.249
12.500,5.000,49981.027
12.500,5.500,49981.965
12.500,6.000,49980.618
12.500,6.500,49982.236
12.500,7.000,49979.013
12.500,7.500,49979.161
12.500,8.000,49974.666
12.500,8.500,49974.015
12.500,9.000,49974.823
12.500,9.500,49970.452
12.500,10.000,49961.135
12.500,10.500,49959.845
12.500,11.000,49955.526
12.500,11.500,49948.812
12.500,12.000,49944.562
12.500,12.500,49946.615
12.500,13.000,49948.457
12.500,13.500,49953.355
12.500,14.000,49954.381
12.500,14.500,49956.023
12.500,15.000,49946.935
12.500,15.500,49944.878
12.500,16.000,49946.988
12.500,16.500,49950.650
12.500,17.000,49952.218
12.500,17.500,49961.244
12.500,18.000,49961.766
12.500,18.500,49968.004
12.500,19.000,49970.917
12.500,19.500,49973.095
12.500,20.000,49978.119
12.750,0.000,49982.212
12.750,0.500,49984.497
12.750,1.000,49984.079
12.750,1.500,49986.562
12.750,2.000,49987.364
12.750,2.500,49985.956
12.750,3.000,49986.601
12.750,3.500,49980.837
12.750,4.000,49984.026
12.750,4.500,49981.242
12.750,5.000,49982.202
12.750,5.500,49982.472
12.750,6.000,49981.454
12.750,6.500,49982.419
12.750,7.000,49976.225
12.750,7.500,49976.522
12.750,8.000,49973.823
12.750,8.500,49971.468
12.750,9.000,49972.854
12.750,9.500,49968.498
12.750,10.000,49966.853
12.750,10.500,49962.031
12.750,11.000,49955.713
12.750,11.500,49949.565
12.750,12.000,49948.689
12.750,12.500,49943.956
12.750,13.000,49942.974
12.750,13.500,49944.065
12.750,14.000,49946.611
12.750,14.500,49947.689
12.750,15.000,49944.852
12.750,15.500,49946.830
12.750,16.000,49947.339
12.750,16.500,49950.380
12.750,17.000,49959.692
12.750,17.500,49962.985
12.750,18.000,49964.814
12.750,18.500,49966.976
12.750,19.000,49968.932
12.750,19.500,49974.529
12.750,20.000,49975.661
13.000,0.000,49985.567
13.000,0.500,49985.214
13.000,1.000,49985.227
13.000,1.500,49986.106
13.000,2.000,49984.657
13.000,2.500,49982.861
13.000,3.000,49982.512
13.000,3.500,49984.218
13.000,4.000,49981.354
13.000,4.500,49983.590
13.000,5.000,49983.051
13.000,5.500,49981.279
13.000,6.000,49979.414
13.000,6.500,49977.008
13.000,7.000,49976.883
13.000,7.500,49974.793
13.000,8.000,49975.647
13.000,8.500,49972.972
13.000,9.000,49969.868
13.000,9.500,49969.696
13.000,10.000,49965.203
13.000,10.500,49961.208
13.000,11.000,49957.737
13.000,11.500,49954.154
13.000,12.000,49946.322
13.000,12.500,49946.903
13.000,13.000,49941.563
13.000,13.500,49942.607
13.000,14.000,49945.279
13.000,14.500,49944.835
13.000,15.000,49945.274
13.000,15.500,49946.116
13.000,16.000,49950.846
13.000,16.500,49950.289
13.000,17.000,49956.442
13.000,17.500,49961.208
13.000,18.000,49968.062
13.000,18.500,49969.927
13.000,19.000,49972.807
13.000,19.500,49972.493
13.000,20.000,49978.982
13.250,0.000,49984.628
13.250,0.500,49982.277
13.250,1.000,49987.150
13.250,1.500,49981.316
13.250,2.000,49981.951
13.250,2.500,49982.669
13.250,3.000,49981.279
13.250,3.500,49983.225
13.250,4.000,49982.480
13.250,4.500,49981.801
13.250,5.000,49983.959
13.250,5.500,49978.058
13.250,6.000,49981.833
13.250,6.500,49977.678
13.250,7.000,49980.065
13.250,7.500,49979.471
13.250,8.000,49978.549
13.250,8.500,49972.981
13.250,9.000,49969.326
13.250,9.500,49968.950
13.250,10.000,49965.319
13.250,10.500,49959.265
13.250,11.000,49959.193
13.250,11.500,49952.777
13.250,12.000,49952.638
13.250,12.500,49948.890
13.250,13.000,49944.940
13.250,13.500,49944.313
13.250,14.000,49943.570
13.250,14.500,49943.573
13.250,15.000,49950.009
13.250,15.500,49946.038
13.250,16.000,49950.558
13.250,16.500,49955.648
13.250,17.000,49957.513
13.250,17.500,49960.966
13.250,18.000,49963.405
13.250,18.500,49970.247
13.250,19.000,49972.139
13.250,19.500,49973.972
13.250,20.000,49972.833
13.500,0.000,49983.641
13.500,0.500,49983.182
13.500,1.000,49982.096
13.500,1.500,49980.366
13.500,2.000,49982.149
13.500,2.500,49980.701
13.500,3.000,49981.864
13.500,3.500,49981.533
13.500,4.000,49980.574
13.500,4.500,49981.986
13.500,5.000,49980.071
13.500,5.500,49980.382
13.500,6.000,49979.524
13.500,6.500,49979.585
13.500,7.000,49975.643
13.500,7.500,49975.392
13.500,8.000,49975.880
13.500,8.500,49973.037
13.500,9.000,49972.483
13.500,9.500,49969.538
13.500,10.000,49964.995
13.500,10.500,49963.858
13.500,11.000,49958.740
13.500,11.500,49957.036
13.500,12.000,49955.006
13.500,12.500,49950.955
13.500,13.000,49950.584
13.500,13.500,49943.529
13.500,14.000,49944.610
13.500,14.500,49945.456
13.500,15.000,49946.550
13.500,15.500,49949.876
13.500,16.000,49951.673
13.500,16.500,49957.260
13.500,17.000,49960.604
13.500,17.500,49963.157
13.500,18.000,49964.143
13.500,18.500,49969.241
13.500,19.000,49971.806
13.500,19.500,49973.338
13.500,20.000,49974.542
13.750,0.000,49983.852
13.750,0.500,49980.800
13.750,1.000,49980.926
13.750,1.500,49982.309
13.750,2.000,49981.912
13.750,2.500,49982.174
13.750,3.000,49980.214
13.750,3.500,49978.372
13.750,4.000,49978.143
13.750,4.500,49978.949
13.750,5.000,49980.314
13.750,5.500,49979.758
13.750,6.000,49975.189
13.750,6.500,49977.935
13.750,7.000,49976.078
13.750,7.500,49973.544
13.750,8.000,49977.082
13.750,8.500,49972.635
13.750,9.000,49971.642
13.750,9.500,49972.102
13.750,10.000,49964.904
13.750,10.500,49962.397
13.750,11.000,49962.204
13.750,11.500,49954.885
13.750,12.000,49953.941
13.750,12.500,49951.245
13.750,13.000,49950.580
13.750,13.500,49948.454
13.750,14.000,49946.044
13.750,14.500,49949.304
13.750,15.000,49950.392
13.750,15.500,49949.599
13.750,16.000,49952.798
13.750,16.500,49956.058
13.750,17.000,49958.246
13.750,17.500,49964.589
13.750,18.000,49965.290
13.750,18.500,49967.834
13.750,19.000,49968.844
13.750,19.500,49971.647
13.750,20.000,49976.023
14.000,0.000,49981.629
14.000,0.500,49977.954
14.000,1.000,49978.753
14.000,1.500,49981.027
14.000,2.000,49979.140
14.000,2.500,49978.843
14.000,3.000,49978.135
14.000,3.500,49977.144
14.000,4.000,49978.952
14.000,4.500,49977.853
14.000,5.000,49979.682
14.000,5.500,49977.342
14.000,6.000,49975.372
14.000,6.500,49977.126
14.000,7.000,49977.236
14.000,7.500,49973.087
14.000,8.000,49970.423
14.000,8.500,49970.829
14.000,9.000,49967.849
14.000,9.500,49970.396
14.000,10.000,49963.637
14.000,10.500,49962.759
14.000,11.000,49962.798
14.000,11.500,49959.152
14.000,12.000,49954.421
14.000,12.500,49951.662
14.000,13.000,49950.716
14.000,13.500,49949.454
14.000,14.000,49951.657
14.000,14.500,49949.582
14.000,15.000,49948.964
14.000,15.500,49954.315
14.000,16.000,49956.747
14.000,16.500,49957.505
14.000,17.000,49961.746
14.000,17.500,49963.327
14.000,18.000,49963.909
14.000,18.500,49967.812
14.000,19.000,49968.157
14.000,19.500,49970.596
14.000,20.000,49971.569
14.250,0.000,49979.637
14.250,0.500,49979.294
14.250,1.000,49976.895
14.250,1.500,49977.336
14.250,2.000,49978.530
14.250,2.500,49979.023
14.250,3.000,49978.197
14.250,3.500,49974.503
14.250,4.000,49979.425
14.250,4.500,49979.783
14.250,5.000,49979.070
14.250,5.500,49977.008
14.250,6.000,49976.610
14.250,6.500,49973.930
14.250,7.000,49974.382
14.250,7.500,49971.448
14.250,8.000,49972.207
14.250,8.500,49968.571
14.250,9.000,49970.073
14.250,9.500,49966.917
14.250,10.000,49966.624
14.250,10.500,49963.565
14.250,11.000,49960.266
14.250,11.500,49959.827
14.250,12.000,49954.492
14.250,12.500,49953.801
14.250,13.000,49951.771
14.250,13.500,49952.655
14.250,14.000,49951.069
14.250,14.500,49951.944
14.250,15.000,49953.365
14.250,15.500,49950.679
14.250,16.000,49954.863
14.250,16.500,49958.736
14.250,17.000,49962.474
14.250,17.500,49964.150
14.250,18.000,49967.440
14.250,18.500,49967.116
14.250,19.000,49969.346
14.250,19.500,49969.966
14.250,20.000,49971.371
14.500,0.000,49976.383
14.500,0.500,49976.694
14.500,1.000,49977.087
14.500,1.500,49976.241
14.500,2.000,49977.082
14.500,2.500,49974.114
14.500,3.000,49977.253
14.500,3.500,49976.613
14.500,4.000,49976.710
14.500,4.500,49974.992
14.500,5.000,49974.515
14.500,5.500,49976.274
14.500,6.000,49974.013
14.500,6.500,49976.575
14.500,7.000,49970.728
14.500,7.500,49971.581
14.500,8.000,49969.229
14.500,8.500,49968.544
14.500,9.000,49967.162
14.500,9.500,49966.057
14.500,10.000,49966.194
14.500,10.500,49961.379
14.500,11.000,49961.967
14.500,11.500,49956.812
14.500,12.000,49956.367
14.500,12.500,49957.182
14.500,13.000,49954.495
14.500,13.500,49953.312
14.500,14.000,49953.539
14.500,14.500,49953.767
14.500,15.000,49954.744
14.500,15.500,49957.308
14.500,16.000,49955.418
14.500,16.500,49958.867
14.500,17.000,49962.008
14.500,17.500,49964.219
14.500,18.000,49965.857
14.500,18.500,49968.738
14.500,19.000,49967.595
14.500,19.500,49967.700
14.500,20.000,49972.829
14.750,0.000,49975.961
14.750,0.500,49975.022
14.750,1.000,49975.767
14.750,1.500,49974.915
14.750,2.000,49976.902
14.750,2.500,49976.534
14.750,3.000,49975.445
14.750,3.500,49975.534
14.750,4.000,49974.479
14.750,4.500,49975.633
14.750,5.000,49970.158
14.750,5.500,49971.499
14.750,6.000,49972.668
14.750,6.500,49971.499
14.750,7.000,49969.987
14.750,7.500,49971.523
14.750,8.000,49968.178
14.750,8.500,49968.880
14.750,9.000,49967.494
14.750,9.500,49965.988
14.750,10.000,49963.096
14.750,10.500,49962.355
14.750,11.000,49962.701
14.750,11.500,49959.875
14.750,12.000,49958.784
14.750,12.500,49955.698
14.750,13.000,49952.065
14.750,13.500,49953.150
14.750,14.000,49953.358
14.750,14.500,49955.802
14.750,15.000,49956.323
14.750,15.500,49956.455
14.750,16.000,49956.055
14.750,16.500,49959.252
14.750,17.000,49960.468
14.750,17.500,49962.279
14.750,18.000,49962.489
14.750,18.500,49966.597
14.750,19.000,49967.263
14.750,19.500,49969.761
14.750,20.000,49967.453
15.000,0.000,49972.427
15.000,0.500,49979.473
15.000,1.000,49972.555
15.000,1.500,49974.161
15.000,2.000,49974.222
15.000,2.500,49971.905
15.000,3.000,49975.756
15.000,3.500,49972.822
15.000,4.000,49972.865
15.000,4.500,49975.047
15.000,5.000,49970.763
15.000,5.500,49970.792
15.000,6.000,49970.512
15.000,6.500,49968.402
15.000,7.000,49970.218
15.000,7.500,49969.756
15.000,8.000,49968.452
15.000,8.500,49968.167
15.000,9.000,49967.356
15.000,9.500,49965.306
15.000,10.000,49963.050
15.000,10.500,49963.751
15.000,11.000,49959.320
15.000,11.500,49960.902
15.000,12.000,49957.039
15.000,12.500,49957.175
15.000,13.000,49957.745
15.000,13.500,49950.954
15.000,14.000,49953.837
15.000,14.500,49953.745
15.000,15.000,49957.566
15.000,15.500,49955.417
15.000,16.000,49961.422
15.000,16.500,49956.515
15.000,17.000,49960.890
15.000,17.500,49961.341
15.000,18.000,49964.169
15.000,18.500,49963.950
15.000,19.000,49965.381
15.000,19.500,49964.449
15.000,20.000,49968.339
15.250,0.000,49969.823
15.250,0.500,49969.995
15.250,1.000,49971.965
15.250,1.500,49971.513
15.250,2.000,49973.076
15.250,2.500,49969.326
15.250,3.000,49971.782
15.250,3.500,49971.400
15.250,4.000,49970.196
15.250,4.500,49969.139
15.250,5.000,49969.875
15.250,5.500,49970.917
15.250,6.000,49968.567
15.250,6.500,49969.867
15.250,7.000,49967.575
15.250,7.500,49969.874
15.250,8.000,49966.530
15.250,8.500,49965.323
15.250,9.000,49962.154
15.250,9.500,49961.303
15.250,10.000,49962.786
15.250,10.500,49960.563
15.250,11.000,49959.970
15.250,11.500,49957.173
15.250,12.000,49956.705
15.250,12.500,49954.884
15.250,13.000,49955.393
15.250,13.500,49954.068
15.250,14.000,49957.001
15.250,14.500,49953.363
15.250,15.000,49956.628
15.250,15.500,49954.238
15.250,16.000,49956.233
15.250,16.500,49956.938
15.250,17.000,49961.437
15.250,17.500,49961.559
15.250,18.000,49962.420
15.250,18.500,49963.795
15.250,19.000,49962.944
15.250,19.500,49967.690
15.250,20.000,49968.574
15.500,0.000,49969.741
15.500,0.500,49969.705
15.500,1.000,49970.539
15.500,1.500,49969.166
15.500,2.000,49968.976
15.500,2.500,49968.363
15.500,3.000,49968.387
15.500,3.500,49967.968
15.500,4.000,49969.522
15.500,4.500,49967.645
15.500,5.000,49967.163
15.500,5.500,49966.486
15.500,6.000,49964.743
15.500,6.500,49968.836
15.500,7.000,49966.693
15.500,7.500,49966.586
15.500,8.000,49963.761
15.500,8.500,49965.921
15.500,9.000,49963.037
15.500,9.500,49963.991
15.500,10.000,49960.702
15.500,10.500,49959.503
15.500,11.000,49957.596
15.500,11.500,49957.339
15.500,12.000,49956.469
15.500,12.500,49957.422
15.500,13.000,49956.753
15.500,13.500,49954.108
15.500,14.000,49955.640
15.500,14.500,49949.896
15.500,15.000,49953.738
15.500,15.500,49955.557
15.500,16.000,49957.462
15.500,16.500,49957.857
15.500,17.000,49958.304
15.500,17.500,49958.878
15.500,18.000,49959.522
15.500,18.500,49964.665
15.500,19.000,49964.503
15.500,19.500,49965.697
15.500,20.000,49964.572
15.750,0.000,49966.451
15.750,0.500,49967.980
15.750,1.000,49966.995
15.750,1.500,49966.709
15.750,2.000,49966.716
15.750,2.500,49965.637
15.750,3.000,49965.091
15.750,3.500,49965.821
15.750,4.000,49963.864
15.750,4.500,49966.563
15.750,5.000,49966.610
15.750,5.500,49963.841
15.750,6.000,49961.848
15.750,6.500,49964.718
15.750,7.000,49963.961
15.750,7.500,49963.041
15.750,8.000,49960.341
15.750,8.500,49958.720
15.750,9.000,49963.339
15.750,9.500,49959.547
15.750,10.000,49959.662
15.750,10.500,49957.786
15.750,11.000,49957.482
15.750,11.500,49953.935
15.750,12.000,49954.246
15.750,12.500,49952.070
15.750,13.000,49951.843
15.750,13.500,49952.011
15.750,14.000,49950.228
15.750,14.500,49952.383
15.750,15.000,49952.408
15.750,15.500,49952.324
15.750,16.000,49954.715
15.750,16.500,49955.835
15.750,17.000,49955.606
15.750,17.500,49960.910
15.750,18.000,49959.983
15.750,18.500,49961.554
15.750,19.000,49960.280
15.750,19.500,49962.937
15.750,20.000,49963.491
16.000,0.000,49962.883
16.000,0.500,49963.287
16.000,1.000,49968.570
16.000,1.500,49963.454
16.000,2.000,49964.659
16.000,2.500,49963.447
16.000,3.000,49964.835
16.000,3.500,49961.892
16.000,4.000,49961.646
16.000,4.500,49964.594
16.000,5.000,49962.894
16.000,5.500,49958.545
16.000,6.000,49961.916
16.000,6.500,49961.178
16.000,7.000,49962.032
16.000,7.500,49960.902
16.000,8.000,49960.324
16.000,8.500,49959.265
16.000,9.000,49958.827
16.000,9.500,49955.857
16.000,10.000,49955.507
16.000,10.500,49954.559
16.000,11.000,49952.926
16.000,11.500,49955.246
16.000,12.000,49954.872
16.000,12.500,49953.482
16.000,13.000,49951.123
16.000,13.500,49950.880
16.000,14.000,49950.910
16.000,14.500,49953.355
16.000,15.000,49952.815
16.000,15.500,49955.170
16.000,16.000,49951.802
16.000,16.500,49953.725
16.000,17.000,49953.047
16.000,17.500,49953.712
16.000,18.000,49956.496
16.000,18.500,49957.082
16.000,19.000,49957.622
16.000,19.500,49956.832
16.000,20.000,49960.106
16.250,0.000,49960.797
16.250,0.500,49962.497
16.250,1.000,49961.842
16.250,1.500,49958.927
16.250,2.000,49961.351
16.250,2.500,49959.706
16.250,3.000,49962.730
16.250,3.500,49960.193
16.250,4.000,49959.263
16.250,4.500,49959.161
16.250,5.000,49957.240
16.250,5.500,49961.088
16.250,6.000,49962.001
16.250,6.500,49955.827
16.250,7.000,49957.596
16.250,7.500,49957.306
16.250,8.000,49956.024
16.250,8.500,49958.128
16.250,9.000,49957.503
16.250,9.500,49954.544
16.250,10.000,49957.259
16.250,10.500,49953.417
16.250,11.000,49952.218
16.250,11.500,49952.241
16.250,12.000,49950.006
16.250,12.500,49952.709
16.250,13.000,49950.996
16.250,13.500,49949.249
16.250,14.000,49949.405
16.250,14.500,49948.420
16.250,15.000,49950.465
16.250,15.500,49948.589
16.250,16.000,49951.130
16.250,16.500,49951.046
16.250,17.000,49953.431
16.250,17.500,49954.931
16.250,18.000,49955.333
16.250,18.500,49954.729
16.250,19.000,49954.568
16.250,19.500,49955.852
16.250,20.000,49956.890
16.500,0.000,49958.366
16.500,0.500,49956.688
16.500,1.000,49955.984
16.500,1.500,49957.578
16.500,2.000,49959.225
16.500,2.500,49959.848
16.500,3.000,49958.065
16.500,3.500,49955.204
16.500,4.000,49958.594
16.500,4.500,49954.979
16.500,5.000,49954.829
16.500,5.500,49956.331
16.500,6.000,49953.287
16.500,6.500,49956.189
16.500,7.000,49954.491
16.500,7.500,49954.710
16.500,8.000,49952.368
16.500,8.500,49954.316
16.500,9.000,49953.213
16.500,9.500,49951.255
16.500,10.000,49952.543
16.500,10.500,49946.443
16.500,11.000,49950.288
16.500,11.500,49948.923
16.500,12.000,49947.290
16.500,12.500,49948.236
16.500,13.000,49948.327
16.500,13.500,49946.225
16.500,14.000,49947.067
16.500,14.500,49947.268
16.500,15.000,49948.167
16.500,15.500,49949.810
16.500,16.000,49947.786
16.500,16.500,49951.060
16.500,17.000,49947.788
16.500,17.500,49950.884
16.500,18.000,49948.546
16.500,18.500,49951.908
16.500,19.000,49953.527
16.500,19.500,49956.081
16.500,20.000,49953.677
16.750,0.000,49952.461
16.750,0.500,49955.032
16.750,1.000,49953.453
16.750,1.500,49953.426
16.750,2.000,49954.528
16.750,2.500,49954.651
16.750,3.000,49950.256
16.750,3.500,49952.755
16.750,4.000,49952.456
16.750,4.500,49950.655
16.750,5.000,49949.576
16.750,5.500,49951.635
16.750,6.000,49950.730
16.750,6.500,49949.994
16.750,7.000,49950.493
16.750,7.500,49949.749
16.750,8.000,49949.838
16.750,8.500,49951.672
16.750,9.000,49948.719
16.750,9.500,49951.008
16.750,10.000,49949.454
16.750,10.500,49948.429
16.750,11.000,49945.281
16.750,11.500,49945.358
16.750,12.000,49943.897
16.750,12.500,49945.459
16.750,13.000,49944.397
16.750,13.500,49944.949
16.750,14.000,49944.668
16.750,14.500,49944.538
16.750,15.000,49943.962
16.750,15.500,49943.376
16.750,16.000,49944.614
16.750,16.500,49946.874
16.750,17.000,49946.128
16.750,17.500,49946.887
16.750,18.000,49948.890
16.750,18.500,49948.919
16.750,19.000,49946.552
16.750,19.500,49949.186
16.750,20.000,49948.505
17.000,0.000,49948.913
17.000,0.500,49949.492
17.000,1.000,49949.573
17.000,1.500,49951.196
17.000,2.000,49947.829
17.000,2.500,49948.003
17.000,3.000,49949.156
17.000,3.500,49949.571
17.000,4.000,49946.394
17.000,4.500,49948.762
17.000,5.000,49948.498
17.000,5.500,49947.015
17.000,6.000,49946.530
17.000,6.500,49947.731
17.000,7.000,49946.919
17.000,7.500,49946.491
17.000,8.000,49944.369
17.000,8.500,49942.426
17.000,9.000,49944.378
17.000,9.500,49943.597
17.000,10.000,49944.157
17.000,10.500,49941.784
17.000,11.000,49943.352
17.000,11.500,49942.513
17.000,12.000,49940.335
17.000,12.500,49942.481
17.000,13.000,49940.258
17.000,13.500,49939.546
17.000,14.000,49940.905
17.000,14.500,49940.569
17.000,15.000,49939.415
17.000,15.500,49941.993
17.000,16.000,49941.431
17.000,16.500,49940.761
17.000,17.000,49939.769
17.000,17.500,49943.570
17.000,18.000,49943.619
17.000,18.500,49944.183
17.000,19.000,49946.585
17.000,19.500,49941.273
17.000,20.000,49947.371
17.250,0.000,49945.825
17.250,0.500,49942.224
17.250,1.000,49945.123
17.250,1.500,49942.279
17.250,2.000,49941.817
17.250,2.500,49943.100
17.250,3.000,49945.851
17.250,3.500,49943.493
17.250,4.000,49942.848
17.250,4.500,49943.905
17.250,5.000,49941.424
17.250,5.500,49944.361
17.250,6.000,49944.202
17.250,6.500,49942.193
17.250,7.000,49940.041
17.250,7.500,49942.475
17.250,8.000,49940.923
17.250,8.500,49941.031
17.250,9.000,49941.329
17.250,9.500,49939.816
17.250,10.000,49937.333
17.250,10.500,49940.444
17.250,11.000,49938.161
17.250,11.500,49937.789
17.250,12.000,49937.831
17.250,12.500,49937.045
17.250,13.000,49937.448
17.250,13.500,49936.466
17.250,14.000,49935.850
17.250,14.500,49935.344
17.250,15.000,49935.559
17.250,15.500,49936.145
17.250,16.000,49938.393
17.250,16.500,49936.798
17.250,17.000,49937.576
17.250,17.500,49938.057
17.250,18.000,49939.487
17.250,18.500,49940.135
17.250,19.000,49942.586
17.250,19.500,49937.976
17.250,20.000,49940.139
17.500,0.000,49938.693
17.500,0.500,49935.224
17.500,1.000,49940.273
17.500,1.500,49937.387
17.500,2.000,49936.260
17.500,2.500,49938.784
17.500,3.000,49933.895
17.500,3.500,49937.359
17.500,4.000,49935.386
17.500,4.500,49936.665
17.500,5.000,49937.043
17.500,5.500,49937.444
17.500,6.000,49936.622
17.500,6.500,49938.859
17.500,7.000,49935.522
17.500,7.500,49934.589
17.500,8.000,49936.588
17.500,8.500,49934.274
17.500,9.000,49934.601
17.500,9.500,49927.653
17.500,10.000,49933.815
17.500,10.500,49932.600
17.500,11.000,49931.649
17.500,11.500,49930.931
17.500,12.000,49932.926
17.500,12.500,49928.221
17.500,13.000,49935.790
17.500,13.500,49932.661
17.500,14.000,49931.439
17.500,14.500,49933.781
17.500,15.000,49931.478
17.500,15.500,49929.941
17.500,16.000,49933.112
17.500,16.500,49929.461
17.500,17.000,49933.201
17.500,17.500,49934.509
17.500,18.000,49933.938
17.500,18.500,49931.382
17.500,19.000,49934.281
17.500,19.500,49934.187
17.500,20.000,49933.636
17.750,0.000,49927.566
17.750,0.500,49929.177
17.750,1.000,49930.117
17.750,1.500,49932.460
17.750,2.000,49934.796
17.750,2.500,49931.834
17.750,3.000,49929.237
17.750,3.500,49929.645
17.750,4.000,49931.741
17.750,4.500,49930.864
17.750,5.000,49930.337
17.750,5.500,49929.895
17.750,6.000,49931.104
17.750,6.500,49932.404
17.750,7.000,49928.787
17.750,7.500,49928.710
17.750,8.000,49928.907
17.750,8.500,49927.114
17.750,9.000,49924.159
17.750,9.500,49927.816
17.750,10.000,49925.597
17.750,10.500,49928.296
17.750,11.000,49926.232
17.750,11.500,49927.866
17.750,12.000,49924.032
17.750,12.500,49926.764
17.750,13.000,49922.431
17.750,13.500,49926.167
17.750,14.000,49924.365
17.750,14.500,49926.167
17.750,15.000,49924.341
17.750,15.500,49926.091
17.750,16.000,49926.072
17.750,16.500,49926.194
17.750,17.000,49926.622
17.750,17.500,49928.842
17.750,18.000,49925.856
17.750,18.500,49929.181
17.750,19.000,49926.917
17.750,19.500,49929.618
17.750,20.000,49931.660
18.000,0.000,49922.040
18.000,0.500,49919.928
18.000,1.000,49923.324
18.000,1.500,49921.949
18.000,2.000,49922.095
18.000,2.500,49922.279
18.000,3.000,49921.850
18.000,3.500,49924.661
18.000,4.000,49924.053
18.000,4.500,49923.939
18.000,5.000,49925.487
18.000,5.500,49920.664
18.000,6.000,49917.858
18.000,6.500,49924.403
18.000,7.000,49921.487
18.000,7.500,49920.752
18.000,8.000,49917.837
18.000,8.500,49918.203
18.000,9.000,49920.943
18.000,9.500,49919.356
18.000,10.000,49916.003
18.000,10.500,49917.488
18.000,11.000,49920.151
18.000,11.500,49920.197
18.000,12.000,49918.336
18.000,12.500,49922.046
18.000,13.000,49919.170
18.000,13.500,49920.243
18.000,14.000,49919.493
18.000,14.500,49918.774
18.000,15.000,49915.621
18.000,15.500,49915.394
18.000,16.000,49916.902
18.000,16.500,49918.666
18.000,17.000,49918.579
18.000,17.500,49919.460
18.000,18.000,49919.203
18.000,18.500,49920.288
18.000,19.000,49921.387
18.000,19.500,49920.243
18.000,20.000,49920.110
18.250,0.000,49910.351
18.250,0.500,49915.519
18.250,1.000,49912.970
18.250,1.500,49912.679
18.250,2.000,49915.247
18.250,2.500,49915.217
18.250,3.000,49914.742
18.250,3.500,49915.023
18.250,4.000,49911.811
18.250,4.500,49912.953
18.250,5.000,49912.302
18.250,5.500,49915.536
18.250,6.000,49914.036
18.250,6.500,49912.155
18.250,7.000,49913.547
18.250,7.500,49912.594
18.250,8.000,49911.587
18.250,8.500,49912.180
18.250,9.000,49912.462
18.250,9.500,49910.672
18.250,10.000,49908.706
18.250,10.500,49910.816
18.250,11.000,49909.603
18.250,11.500,49908.018
18.250,12.000,49908.351
18.250,12.500,49908.937
18.250,13.000,49909.208
18.250,13.500,49909.920
18.250,14.000,49908.729
18.250,14.500,49909.752
18.250,15.000,49908.607
18.250,15.500,49910.130
18.250,16.000,49910.108
18.250,16.500,49910.590
18.250,17.000,49912.155
18.250,17.500,49909.860
18.250,18.000,49908.192
18.250,18.500,49910.768
18.250,19.000,49912.400
18.250,19.500,49911.518
18.250,20.000,49912.240
18.500,0.000,49901.412
18.500,0.500,49902.674
18.500,1.000,49904.657
18.500,1.500,49904.931
18.500,2.000,49902.547
18.500,2.500,49904.121
18.500,3.000,49902.393
18.500,3.500,49901.609
18.500,4.000,49903.311
18.500,4.500,49903.384
18.500,5.000,49903.494
18.500,5.500,49903.821
18.500,6.000,49905.054
18.500,6.500,49903.758
18.500,7.000,49901.576
18.500,7.500,49903.294
18.500,8.000,49899.438
18.500,8.500,49901.533
18.500,9.000,49902.696
18.500,9.500,49901.863
18.500,10.000,49901.815
18.500,10.500,49903.172
18.500,11.000,49898.943
18.500,11.500,49901.013
18.500,12.000,49899.476
18.500,12.500,49901.119
18.500,13.000,49899.497
18.500,13.500,49900.415
18.500,14.000,49901.536
18.500,14.500,49900.188
18.500,15.000,49899.005
18.500,15.500,49898.895
18.500,16.000,49898.575
18.500,16.500,49901.378
18.500,17.000,49902.022
18.500,17.500,49899.941
18.500,18.000,49897.859
18.500,18.500,49899.894
18.500,19.000,49901.767
18.500,19.500,49899.962
18.500,20.000,49898.701
18.750,0.000,49891.534
18.750,0.500,49889.073
18.750,1.000,49892.548
18.750,1.500,49891.378
18.750,2.000,49891.981
18.750,2.500,49893.740
18.750,3.000,49890.327
18.750,3.500,49888.352
18.750,4.000,49891.405
18.750,4.500,49892.014
18.750,5.000,49889.017
18.750,5.500,49890.447
18.750,6.000,49890.304
18.750,6.500,49890.678
18.750,7.000,49889.512
18.750,7.500,49894.217
18.750,8.000,49889.603
18.750,8.500,49890.043
18.750,9.000,49888.794
18.750,9.500,49885.312
18.750,10.000,49891.104
18.750,10.500,49884.060
18.750,11.000,49890.605
18.750,11.500,49886.381
18.750,12.000,49886.144
18.750,12.500,49887.870
18.750,13.000,49891.216
18.750,13.500,49888.333
18.750,14.000,49887.543
18.750,14.500,49886.702
18.750,15.000,49888.898
18.750,15.500,49887.478
18.750,16.000,49889.253
18.750,16.500,49885.418
18.750,17.000,49889.363
18.750,17.500,49889.272
18.750,18.000,49886.993
18.750,18.500,49887.728
18.750,19.000,49889.300
18.750,19.500,49889.033
18.750,20.000,49890.432
19.000,0.000,49876.612
19.000,0.500,49877.372
19.000,1.000,49881.799
19.000,1.500,49877.288
19.000,2.000,49877.828
19.000,2.500,49878.110
19.000,3.000,49877.857
19.000,3.500,49879.976
19.000,4.000,49877.189
19.000,4.500,49879.200
19.000,5.000,49876.495
19.000,5.500,49878.786
19.000,6.000,49877.143
19.000,6.500,49877.028
19.000,7.000,49876.971
19.000,7.500,49877.733
19.000,8.000,49874.912
19.000,8.500,49875.033
19.000,9.000,49879.326
19.000,9.500,49876.809
19.000,10.000,49875.288
19.000,10.500,49876.580
19.000,11.000,49875.326
19.000,11.500,49871.855
19.000,12.000,49875.314
19.000,12.500,49874.757
19.000,13.000,49875.366
19.000,13.500,49873.619
19.000,14.000,49874.430
19.000,14.500,49876.495
19.000,15.000,49874.616
19.000,15.500,49874.296
19.000,16.000,49875.619
19.000,16.500,49874.641
19.000,17.000,49877.018
19.000,17.500,49875.355
19.000,18.000,49876.375
19.000,18.500,49874.993
19.000,19.000,49874.398
19.000,19.500,49877.568
19.000,20.000,49877.095
19.250,0.000,49864.625
19.250,0.500,49864.711
19.250,1.000,49861.335
19.250,1.500,49863.645
19.250,2.000,49860.376
19.250,2.500,49864.076
19.250,3.000,49861.574
19.250,3.500,49863.800
19.250,4.000,49864.076
19.250,4.500,49862.056
19.250,5.000,49862.700
19.250,5.500,49864.427
19.250,6.000,49859.961
19.250,6.500,49863.246
19.250,7.000,49862.286
19.250,7.500,49863.351
19.250,8.000,49859.262
19.250,8.500,49861.551
19.250,9.000,49863.003
19.250,9.500,49863.185
19.250,10.000,49859.795
19.250,10.500,49860.339
19.250,11.000,49863.341
19.250,11.500,49858.285
19.250,12.000,49860.204
19.250,12.500,49860.422
19.250,13.000,49860.332
19.250,13.500,49858.614
19.250,14.000,49861.444
19.250,14.500,49861.349
19.250,15.000,49862.793
19.250,15.500,49858.966
19.250,16.000,49859.550
19.250,16.500,49862.060
19.250,17.000,49863.302
19.250,17.500,49860.743
19.250,18.000,49858.657
19.250,18.500,49860.823
19.250,19.000,49862.794
19.250,19.500,49862.562
19.250,20.000,49863.409
19.500,0.000,49850.080
19.500,0.500,49846.487
19.500,1.000,49845.712
19.500,1.500,49845.194
19.500,2.000,49846.738
19.500,2.500,49848.367
19.500,3.000,49849.339
19.500,3.500,49846.979
19.500,4.000,49846.567
19.500,4.500,49846.232
19.500,5.000,49848.148
19.500,5.500,49845.033
19.500,6.000,49845.878
19.500,6.500,49845.769
19.500,7.000,49845.686
19.500,7.500,49848.273
19.500,8.000,49844.051
19.500,8.500,49848.894
19.500,9.000,49844.047
19.500,9.500,49843.618
19.500,10.000,49843.680
19.500,10.500,49845.473
19.500,11.000,49844.318
19.500,11.500,49845.875
19.500,12.000,49842.830
19.500,12.500,49841.452
19.500,13.000,49843.329
19.500,13.500,49844.258
19.500,14.000,49841.618
19.500,14.500,49843.678
19.500,15.000,49844.689
19.500,15.500,49842.752
19.500,16.000,49842.830
19.500,16.500,49842.550
19.500,17.000,49844.124
19.500,17.500,49845.184
19.500,18.000,49848.792
19.500,18.500,49846.597
19.500,19.000,49843.138
19.500,19.500,49842.906
19.500,20.000,49845.223
19.750,0.000,49832.628
19.750,0.500,49831.199
19.750,1.000,49829.360
19.750,1.500,49831.586
19.750,2.000,49832.077
19.750,2.500,49832.124
19.750,3.000,49828.247
19.750,3.500,49830.410
19.750,4.000,49827.732
19.750,4.500,49828.339
19.750,5.000,49827.514
19.750,5.500,49828.916
19.750,6.000,49827.023
19.750,6.500,49830.201
19.750,7.000,49828.874
19.750,7.500,49827.443
19.750,8.000,49829.309
19.750,8.500,49830.715
19.750,9.000,49828.772
19.750,9.500,49827.215
19.750,10.000,49827.504
19.750,10.500,49827.619
19.750,11.000,49826.578
19.750,11.500,49824.932
19.750,12.000,49826.819
19.750,12.500,49829.159
19.750,13.000,49825.985
19.750,13.500,49824.289
19.750,14.000,49827.037
19.750,14.500,49828.839
19.750,15.000,49824.643
19.750,15.500,49827.580
19.750,16.000,49828.004
19.750,16.500,49828.305
19.750,17.000,49828.466
19.750,17.500,49828.687
19.750,18.000,49825.553
19.750,18.500,49829.014
19.750,19.000,49830.320
19.750,19.500,49828.086
19.750,20.000,49829.138
20.000,0.000,49813.719
20.000,0.500,49817.141
20.000,1.000,49814.199
20.000,1.500,49817.537
20.000,2.000,49814.423
20.000,2.500,49815.935
20.000,3.000,49814.037
20.000,3.500,49817.566
20.000,4.000,49811.698
20.000,4.500,49815.109
20.000,5.000,49811.328
20.000,5.500,49812.525
20.000,6.000,49817.048
20.000,6.500,49815.443
20.000,7.000,49810.930
20.000,7.500,49813.796
20.000,8.000,49812.730
20.000,8.500,49814.366
20.000,9.000,49816.137
20.000,9.500,49814.193
20.000,10.000,49813.719
20.000,10.500,49813.690
20.000,11.000,49811.159
20.000,11.500,49813.733
20.000,12.000,49813.961
20.000,12.500,49811.579
20.000,13.000,49811.473
20.000,13.500,49814.574
20.000,14.000,49812.700
20.000,14.500,49810.693
20.000,15.000,49811.800
20.000,15.500,49811.811
20.000,16.000,49812.483
20.000,16.500,49812.572
20.000,17.000,49812.424
20.000,17.500,49815.439
20.000,18.000,49814.315
20.000,18.500,49815.437
20.000,19.000,49810.819
20.000,19.500,49813.678
20.000,20.000,49815.422
20.250,0.000,49808.495
20.250,0.500,49806.335
20.250,1.000,49806.164
20.250,1.500,49808.676
20.250,2.000,49806.852
20.250,2.500,49808.071
20.250,3.000,49807.257
20.250,3.500,49806.763
20.250,4.000,49807.032
20.250,4.500,49805.512
20.250,5.000,49809.207
20.250,5.500,49807.370
20.250,6.000,49808.533
20.250,6.500,49805.520
20.250,7.000,49805.378
20.250,7.500,49805.580
20.250,8.000,49804.633
20.250,8.500,49806.807
20.250,9.000,49806.722
20.250,9.500,49804.748
20.250,10.000,49804.907
20.250,10.500,49805.825
20.250,11.000,49804.015
20.250,11.500,49804.425
20.250,12.000,49807.289
20.250,12.500,49803.754
20.250,13.000,49804.045
20.250,13.500,49808.544
20.250,14.000,49801.586
20.250,14.500,49803.010
20.250,15.000,49807.516
20.250,15.500,49804.260
20.250,16.000,49805.698
20.250,16.500,49808.218
20.250,17.000,49804.068
20.250,17.500,49804.373
20.250,18.000,49806.002
20.250,18.500,49805.404
20.250,19.000,49804.866
20.250,19.500,49805.590
20.250,20.000,49803.933
20.500,0.000,49818.827
20.500,0.500,49819.330
20.500,1.000,49817.782
20.500,1.500,49817.630
20.500,2.000,49818.726
20.500,2.500,49817.028
20.500,3.000,49817.300
20.500,3.500,49817.582
20.500,4.000,49819.809
20.500,4.500,49817.438
20.500,5.000,49817.246
20.500,5.500,49817.070
20.500,6.000,49816.635
20.500,6.500,49815.652
20.500,7.000,49815.605
20.500,7.500,49818.154
20.500,8.000,49815.887
20.500,8.500,49816.755
20.500,9.000,49815.777
20.500,9.500,49814.377
20.500,10.000,49815.552
20.500,10.500,49818.231
20.500,11.000,49815.408
20.500,11.500,49814.921
20.500,12.000,49815.212
20.500,12.500,49815.286
20.500,13.000,49816.082
20.500,13.500,49815.092
20.500,14.000,49815.553
20.500,14.500,49814.973
20.500,15.000,49816.276
20.500,15.500,49816.255
20.500,16.000,49816.172
20.500,16.500,49816.885
20.500,17.000,49815.881
20.500,17.500,49817.955
20.500,18.000,49816.948
20.500,18.500,49818.600
20.500,19.000,49816.372
20.500,19.500,49817.025
20.500,20.000,49815.718
20.750,0.000,49870.558
20.750,0.500,49871.714
20.750,1.000,49869.886
20.750,1.500,49872.617
20.750,2.000,49870.357
20.750,2.500,49872.629
20.750,3.000,49868.612
20.750,3.500,49869.696
20.750,4.000,49869.288
20.750,4.500,49871.465
20.750,5.000,49870.823
20.750,5.500,49869.652
20.750,6.000,49868.984
20.750,6.500,49869.524
20.750,7.000,49870.544
20.750,7.500,49870.600
20.750,8.000,49869.144
20.750,8.500,49868.449
20.750,9.000,49869.159
20.750,9.500,49869.087
20.750,10.000,49869.164
20.750,10.500,49868.002
20.750,11.000,49871.198
20.750,11.500,49867.558
20.750,12.000,49870.697
20.750,12.500,49870.460
20.750,13.000,49869.746
20.750,13.500,49871.110
20.750,14.000,49869.124
20.750,14.500,49867.824
20.750,15.000,49867.541
20.750,15.500,49867.363
20.750,16.000,49869.684
20.750,16.500,49866.281
20.750,17.000,49866.453
20.750,17.500,49870.981
20.750,18.000,49870.304
20.750,18.500,49869.515
20.750,19.000,49870.391
20.750,19.500,49870.281
20.750,20.000,49868.954
21.000,0.000,50005.511
21.000,0.500,50009.592
21.000,1.000,50008.287
21.000,1.500,50005.500
21.000,2.000,50007.721
21.000,2.500,50006.743
21.000,3.000,50007.208
21.000,3.500,50006.819
21.000,4.000,50008.064
21.000,4.500,50006.846
21.000,5.000,50005.343
21.000,5.500,50007.997
21.000,6.000,50007.624
21.000,6.500,50004.661
21.000,7.000,50007.314
21.000,7.500,50007.929
21.000,8.000,50006.265
21.000,8.500,50006.671
21.000,9.000,50005.138
21.000,9.500,50003.557
21.000,10.000,50006.866
21.000,10.500,50005.858
21.000,11.000,50006.549
21.000,11.500,50005.475
21.000,12.000,50005.371
21.000,12.500,50005.951
21.000,13.000,50005.574
21.000,13.500,50006.944
21.000,14.000,50005.001
21.000,14.500,50003.478
21.000,15.000,50005.885
21.000,15.500,50003.753
21.000,16.000,50001.960
21.000,16.500,50004.182
21.000,17.000,50005.246
21.000,17.500,50004.796
21.000,18.000,50003.779
21.000,18.500,50005.846
21.000,19.000,50008.110
21.000,19.500,50007.633
21.000,20.000,50006.506
21.250,0.000,50295.933
21.250,0.500,50293.846
21.250,1.000,50293.136
21.250,1.500,50295.426
21.250,2.000,50292.729
21.250,2.500,50294.797
21.250,3.000,50294.196
21.250,3.500,50293.624
21.250,4.000,50293.411
21.250,4.500,50295.730
21.250,5.000,50291.562
21.250,5.500,50294.268
21.250,6.000,50293.345
21.250,6.500,50292.577
21.250,7.000,50293.655
21.250,7.500,50293.976
21.250,8.000,50293.317
21.250,8.500,50293.678
21.250,9.000,50295.337
21.250,9.500,50292.220
21.250,10.000,50293.659
21.250,10.500,50290.339
21.250,11.000,50293.554
21.250,11.500,50289.999
21.250,12.000,50293.686
21.250,12.500,50291.979
21.250,13.000,50292.902
21.250,13.500,50290.451
21.250,14.000,50292.663
21.250,14.500,50293.871
21.250,15.000,50293.586
21.250,15.500,50292.666
21.250,16.000,50292.730
21.250,16.500,50294.517
21.250,17.000,50293.973
21.250,17.500,50292.010
21.250,18.000,50292.162
21.250,18.500,50292.102
21.250,19.000,50293.162
21.250,19.500,50291.570
21.250,20.000,50290.169
21.500,0.000,50775.620
21.500,0.500,50776.285
21.500,1.000,50776.140
21.500,1.500,50777.439
21.500,2.000,50773.821
21.500,2.500,50774.935
21.500,3.000,50773.483
21.500,3.500,50775.953
21.500,4.000,50775.361
21.500,4.500,50774.727
21.500,5.000,50775.437
21.500,5.500,50774.238
21.500,6.000,50773.685
21.500,6.500,50777.506
21.500,7.000,50776.266
21.500,7.500,50774.687
21.500,8.000,50772.562
21.500,8.500,50774.464
21.500,9.000,50775.560
21.500,9.500,50774.868
21.500,10.000,50776.044
21.500,10.500,50776.294
21.500,11.000,50774.256
21.500,11.500,50773.617
21.500,12.000,50773.524
21.500,12.500,50773.602
21.500,13.000,50775.547
21.500,13.500,50773.535
21.500,14.000,50771.643
21.500,14.500,50774.868
21.500,15.000,50774.042
21.500,15.500,50773.521
21.500,16.000,50771.320
21.500,16.500,50776.075
21.500,17.000,50775.427
21.500,17.500,50772.748
21.500,18.000,50774.758
21.500,18.500,50772.987
21.500,19.000,50772.657
21.500,19.500,50771.638
21.500,20.000,50776.043
21.750,0.000,51338.104
21.750,0.500,51336.279
21.750,1.000,51336.611
21.750,1.500,51339.287
21.750,2.000,51335.472
21.750,2.500,51334.776
21.750,3.000,51336.689
21.750,3.500,51337.263
21.750,4.000,51335.931
21.750,4.500,51334.171
21.750,5.000,51335.091
21.750,5.500,51337.198
21.750,6.000,51337.167
21.750,6.500,51333.512
21.750,7.000,51334.105
21.750,7.500,51334.380
21.750,8.000,51335.738
21.750,8.500,51339.005
21.750,9.000,51335.186
21.750,9.500,51335.629
21.750,10.000,51334.266
21.750,10.500,51339.269
21.750,11.000,51334.424
21.750,11.500,51334.502
21.750,12.000,51335.455
21.750,12.500,51333.195
21.750,13.000,51336.365
21.750,13.500,51335.122
21.750,14.000,51333.865
21.750,14.500,51334.241
21.750,15.000,51332.311
21.750,15.500,51334.348
21.750,16.000,51331.808
21.750,16.500,51334.593
21.750,17.000,51334.583
21.750,17.500,51334.507
21.750,18.000,51334.587
21.750,18.500,51334.273
21.750,19.000,51337.466
21.750,19.500,51337.854
21.750,20.000,51335.522
22.000,0.000,51609.896
22.000,0.500,51607.682
22.000,1.000,51607.647
22.000,1.500,51606.814
22.000,2.000,51609.056
22.000,2.500,51608.887
22.000,3.000,51605.972
22.000,3.500,51608.092
22.000,4.000,51607.018
22.000,4.500,51606.379
22.000,5.000,51607.629
22.000,5.500,51604.722
22.000,6.000,51606.879
22.000,6.500,51610.292
22.000,7.000,51608.038
22.000,7.500,51605.606
22.000,8.000,51608.065
22.000,8.500,51607.292
22.000,9.000,51606.604
22.000,9.500,51606.135
22.000,10.000,51606.946
22.000,10.500,51605.992
22.000,11.000,51606.562
22.000,11.500,51607.879
22.000,12.000,51607.949
22.000,12.500,51604.745
22.000,13.000,51605.961
22.000,13.500,51609.058
22.000,14.000,51609.338
22.000,14.500,51607.203
22.000,15.000,51609.078
22.000,15.500,51608.502
22.000,16.000,51606.528
22.000,16.500,51603.776
22.000,17.000,51606.730
22.000,17.500,51604.958
22.000,18.000,51607.150
22.000,18.500,51609.633
22.000,19.000,51607.459
22.000,19.500,51605.982
22.000,20.000,51605.480
22.250,0.000,51334.072
22.250,0.500,51334.120
22.250,1.000,51339.380
22.250,1.500,51338.182
22.250,2.000,51336.657
22.250,2.500,51336.577
22.250,3.000,51336.678
22.250,3.500,51336.686
22.250,4.000,51338.737
22.250,4.500,51337.176
22.250,5.000,51333.556
22.250,5.500,51338.058
22.250,6.000,51333.507
22.250,6.500,51335.725
22.250,7.000,51334.187
22.250,7.500,51336.257
22.250,8.000,51334.242
22.250,8.500,51333.991
22.250,9.000,51334.420
22.250,9.500,51337.145
22.250,10.000,51335.583
22.250,10.500,51336.803
22.250,11.000,51337.790
22.250,11.500,51336.059
22.250,12.000,51336.516
22.250,12.500,51334.175
22.250,13.000,51335.479
22.250,13.500,51333.868
22.250,14.000,51336.417
22.250,14.500,51336.950
22.250,15.000,51337.054
22.250,15.500,51335.587
22.250,16.000,51337.005
22.250,16.500,51335.484
22.250,17.000,51334.907
22.250,17.500,51336.556
22.250,18.000,51336.950
22.250,18.500,51339.230
22.250,19.000,51337.084
22.250,19.500,51334.407
22.250,20.000,51334.660
22.500,0.000,50774.460
22.500,0.500,50776.493
22.500,1.000,50774.689
22.500,1.500,50778.343
22.500,2.000,50775.819
22.500,2.500,50777.175
22.500,3.000,50776.392
22.500,3.500,50776.631
22.500,4.000,50774.508
22.500,4.500,50775.958
22.500,5.000,50775.310
22.500,5.500,50775.740
22.500,6.000,50776.018
22.500,6.500,50776.791
22.500,7.000,50775.007
22.500,7.500,50776.876
22.500,8.000,50776.070
22.500,8.500,50777.971
22.500,9.000,50770.481
22.500,9.500,50774.425
22.500,10.000,50777.220
22.500,10.500,50771.496
22.500,11.000,50777.456
22.500,11.500,50775.309
22.500,12.000,50772.086
22.500,12.500,50776.208
22.500,13.000,50773.519
22.500,13.500,50773.716
22.500,14.000,50777.278
22.500,14.500,50774.505
22.500,15.000,50773.659
22.500,15.500,50778.132
22.500,16.000,50776.543
22.500,16.500,50774.684
22.500,17.000,50774.045
22.500,17.500,50774.972
22.500,18.000,50777.698
22.500,18.500,50773.916
22.500,19.000,50773.539
22.500,19.500,50777.424
22.500,20.000,50775.153
22.750,0.000,50295.398
22.750,0.500,50296.001
22.750,1.000,50294.592
22.750,1.500,50291.503
22.750,2.000,50294.781
22.750,2.500,50296.918
22.750,3.000,50298.270
22.750,3.500,50294.788
22.750,4.000,50294.872
22.750,4.500,50296.912
22.750,5.000,50295.704
22.750,5.500,50295.198
22.750,6.000,50291.730
22.750,6.500,50294.016
22.750,7.000,50294.903
22.750,7.500,50292.250
22.750,8.000,50293.913
22.750,8.500,50296.965
22.750,9.000,50293.959
22.750,9.500,50292.138
22.750,10.000,50291.406
22.750,10.500,50294.170
22.750,11.000,50293.276
22.750,11.500,50292.800
22.750,12.000,50294.410
22.750,12.500,50294.470
22.750,13.000,50294.285
22.750,13.500,50294.537
22.750,14.000,50292.163
22.750,14.500,50293.050
22.750,15.000,50293.534
22.750,15.500,50293.962
22.750,16.000,50295.554
22.750,16.500,50293.010
22.750,17.000,50292.976
22.750,17.500,50296.418
22.750,18.000,50294.474
22.750,18.500,50292.192
22.750,19.000,50293.878
22.750,19.500,50292.548
22.750,20.000,50292.756
23.000,0.000,50006.641
23.000,0.500,50007.416
23.000,1.000,50011.665
23.000,1.500,50010.055
23.000,2.000,50010.573
23.000,2.500,50010.092
23.000,3.000,50008.216
23.000,3.500,50008.979
23.000,4.000,50008.481
23.000,4.500,50006.676
23.000,5.000,50006.485
23.000,5.500,50009.527
23.000,6.000,50006.296
23.000,6.500,50008.370
23.000,7.000,50008.992
23.000,7.500,50009.087
23.000,8.000,50008.457
23.000,8.500,50006.047
23.000,9.000,50008.606
23.000,9.500,50007.536
23.000,10.000,50006.229
23.000,10.500,50004.667
23.000,11.000,50008.286
23.000,11.500,50005.244
23.000,12.000,50004.981
23.000,12.500,50010.140
23.000,13.000,50005.698
23.000,13.500,50006.859
23.000,14.000,50007.593
23.000,14.500,50007.594
23.000,15.000,50005.971
23.000,15.500,50006.455
23.000,16.000,50008.751
23.000,16.500,50007.155
23.000,17.000,50007.574
23.000,17.500,50004.406
23.000,18.000,50006.835
23.000,18.500,50009.030
23.000,19.000,50006.701
23.000,19.500,50006.421
23.000,20.000,50008.465
23.250,0.000,49872.593
23.250,0.500,49872.165
23.250,1.000,49870.782
23.250,1.500,49872.721
23.250,2.000,49874.004
23.250,2.500,49873.277
23.250,3.000,49869.137
23.250,3.500,49875.834
23.250,4.000,49869.407
23.250,4.500,49869.511
23.250,5.000,49871.760
23.250,5.500,49871.113
23.250,6.000,49871.747
23.250,6.500,49873.121
23.250,7.000,49872.498
23.250,7.500,49869.711
23.250,8.000,49871.108
23.250,8.500,49872.466
23.250,9.000,49872.479
23.250,9.500,49872.539
23.250,10.000,49872.034
23.250,10.500,49871.828
23.250,11.000,49869.958
23.250,11.500,49868.718
23.250,12.000,49871.301
23.250,12.500,49869.964
23.250,13.000,49872.496
23.250,13.500,49869.310
23.250,14.000,49870.044
23.250,14.500,49869.977
23.250,15.000,49872.079
23.250,15.500,49871.772
23.250,16.000,49870.702
23.250,16.500,49871.134
23.250,17.000,49873.151
23.250,17.500,49868.122
23.250,18.000,49871.930
23.250,18.500,49872.473
23.250,19.000,49872.721
23.250,19.500,49872.153
23.250,20.000,49869.839
23.500,0.000,49818.713
23.500,0.500,49820.485
23.500,1.000,49818.577
23.500,1.500,49819.130
23.500,2.000,49817.135
23.500,2.500,49817.568
23.500,3.000,49819.838
23.500,3.500,49818.640
23.500,4.000,49818.099
23.500,4.500,49818.912
23.500,5.000,49819.602
23.500,5.500,49818.712
23.500,6.000,49819.316
23.500,6.500,49819.143
23.500,7.000,49818.585
23.500,7.500,49818.897
23.500,8.000,49817.536
23.500,8.500,49818.067
23.500,9.000,49816.019
23.500,9.500,49816.981
23.500,10.000,49816.909
23.500,10.500,49818.053
23.500,11.000,49820.312
23.500,11.500,49818.573
23.500,12.000,49818.786
23.500,12.500,49817.127
23.500,13.000,49818.956
23.500,13.500,49821.060
23.500,14.000,49818.382
23.500,14.500,49817.279
23.500,15.000,49816.776
23.500,15.500,49818.935
23.500,16.000,49817.149
23.500,16.500,49819.656
23.500,17.000,49817.098
23.500,17.500,49816.167
23.500,18.000,49819.409
23.500,18.500,49816.790
23.500,19.000,49819.683
23.500,19.500,49820.376
23.500,20.000,49817.977
23.750,0.000,49809.344
23.750,0.500,49811.092
23.750,1.000,49808.276
23.750,1.500,49811.340
23.750,2.000,49808.416
23.750,2.500,49807.468
23.750,3.000,49808.985
23.750,3.500,49809.138
23.750,4.000,49810.463
23.750,4.500,49810.051
23.750,5.000,49809.234
23.750,5.500,49809.621
23.750,6.000,49808.864
23.750,6.500,49809.737
23.750,7.000,49807.726
23.750,7.500,49806.837
23.750,8.000,49808.728
23.750,8.500,49812.405
23.750,9.000,49809.541
23.750,9.500,49807.239
23.750,10.000,49810.342
23.750,10.500,49805.419
23.750,11.000,49807.806
23.750,11.500,49808.752
23.750,12.000,49807.123
23.750,12.500,49807.223
23.750,13.000,49807.845
23.750,13.500,49807.278
23.750,14.000,49806.913
23.750,14.500,49806.465
23.750,15.000,49805.760
23.750,15.500,49806.664
23.750,16.000,49807.980
23.750,16.500,49809.666
23.750,17.000,49807.189
23.750,17.500,49806.398
23.750,18.000,49810.659
23.750,18.500,49806.574
23.750,19.000,49808.471
23.750,19.500,49806.967
23.750,20.000,49807.336
24.000,0.000,49817.678
24.000,0.500,49817.762
24.000,1.000,49818.949
24.000,1.500,49818.015
24.000,2.000,49817.212
24.000,2.500,49817.885
24.000,3.000,49815.368
24.000,3.500,49818.694
24.000,4.000,49817.640
24.000,4.500,49817.538
24.000,5.000,49817.661
24.000,5.500,49814.504
24.000,6.000,49814.981
24.000,6.500,49816.839
24.000,7.000,49816.817
24.000,7.500,49817.420
24.000,8.000,49816.676
24.000,8.500,49816.199
24.000,9.000,49818.324
24.000,9.500,49816.924
24.000,10.000,49817.485
24.000,10.500,49818.125
24.000,11.000,49818.199
24.000,11.500,49816.754
24.000,12.000,49817.344
24.000,12.500,49816.638
24.000,13.000,49817.835
24.000,13.500,49819.639
24.000,14.000,49814.648
24.000,14.500,49815.089
24.000,15.000,49818.602
24.000,15.500,49816.518
24.000,16.000,49815.611
24.000,16.500,49815.236
24.000,17.000,49817.709
24.000,17.500,49817.173
24.000,18.000,49819.376
24.000,18.500,49816.263
24.000,19.000,49817.789
24.000,19.500,49818.957
24.000,20.000,49814.366
24.250,0.000,49830.779
24.250,0.500,49832.740
24.250,1.000,49831.447
24.250,1.500,49831.645
24.250,2.000,49831.256
24.250,2.500,49831.994
24.250,3.000,49830.827
24.250,3.500,49830.230
24.250,4.000,49832.693
24.250,4.500,49832.266
24.250,5.000,49833.510
24.250,5.500,49832.787
24.250,6.000,49832.602
24.250,6.500,49833.056
24.250,7.000,49830.516
24.250,7.500,49831.101
24.250,8.000,49832.223
24.250,8.500,49833.176
24.250,9.000,49832.707
24.250,9.500,49831.385
24.250,10.000,49831.391
24.250,10.500,49832.015
24.250,11.000,49829.879
24.250,11.500,49832.862
24.250,12.000,49832.728
24.250,12.500,49832.947
24.250,13.000,49833.033
24.250,13.500,49833.032
24.250,14.000,49828.707
24.250,14.500,49831.873
24.250,15.000,49829.398
24.250,15.500,49830.125
24.250,16.000,49831.371
24.250,16.500,49833.364
24.250,17.000,49832.110
24.250,17.500,49831.987
24.250,18.000,49834.349
24.250,18.500,49832.064
24.250,19.000,49830.313
24.250,19.500,49829.683
24.250,20.000,49830.501
24.500,0.000,49849.682
24.500,0.500,49847.178
24.500,1.000,49850.120
24.500,1.500,49849.899
24.500,2.000,49848.327
24.500,2.500,49849.534
24.500,3.000,49850.121
24.500,3.500,49848.367
24.500,4.000,49850.381
24.500,4.500,49848.173
24.500,5.000,49850.094
24.500,5.500,49851.364
24.500,6.000,49849.625
24.500,6.500,49847.195
24.500,7.000,49849.202
24.500,7.500,49849.154
24.500,8.000,49847.705
24.500,8.500,49847.073
24.500,9.000,49848.356
24.500,9.500,49850.199
24.500,10.000,49850.093
24.500,10.500,49850.639
24.500,11.000,49848.747
24.500,11.500,49851.739
24.500,12.000,49847.505
24.500,12.500,49849.420
24.500,13.000,49848.386
24.500,13.500,49850.979
24.500,14.000,49848.788
24.500,14.500,49847.194
24.500,15.000,49849.111
24.500,15.500,49847.076
24.500,16.000,49847.465
24.500,16.500,49850.182
24.500,17.000,49848.783
24.500,17.500,49850.122
24.500,18.000,49847.556
24.500,18.500,49850.842
24.500,19.000,49848.665
24.500,19.500,49846.026
24.500,20.000,49847.653
24.750,0.000,49864.125
24.750,0.500,49864.002
24.750,1.000,49866.938
24.750,1.500,49866.695
24.750,2.000,49867.006
24.750,2.500,49864.985
24.750,3.000,49866.860
24.750,3.500,49863.830
24.750,4.000,49865.276
24.750,4.500,49865.730
24.750,5.000,49865.080
24.750,5.500,49866.053
24.750,6.000,49865.834
24.750,6.500,49866.541
24.750,7.000,49866.256
24.750,7.500,49867.199
24.750,8.000,49865.013
24.750,8.500,49866.678
24.750,9.000,49866.086
24.750,9.500,49866.005
24.750,10.000,49865.813
24.750,10.500,49862.352
24.750,11.000,49868.440
24.750,11.500,49864.170
24.750,12.000,49864.332
24.750,12.500,49865.030
24.750,13.000,49863.538
24.750,13.500,49868.116
24.750,14.000,49864.566
24.750,14.500,49864.472
24.750,15.000,49864.259
24.750,15.500,49866.169
24.750,16.000,49867.620
24.750,16.500,49865.953
24.750,17.000,49864.402
24.750,17.500,49867.571
24.750,18.000,49866.037
24.750,18.500,49864.556
24.750,19.000,49865.562
24.750,19.500,49865.898
24.750,20.000,49866.089
25.000,0.000,49881.550
25.000,0.500,49881.561
25.000,1.000,49884.296
25.000,1.500,49885.727
25.000,2.000,49881.710
25.000,2.500,49880.048
25.000,3.000,49879.821
25.000,3.500,49882.587
25.000,4.000,49878.902
25.000,4.500,49881.035
25.000,5.000,49881.869
25.000,5.500,49881.518
25.000,6.000,49880.607
25.000,6.500,49883.939
25.000,7.000,49882.344
25.000,7.500,49880.412
25.000,8.000,49882.262
25.000,8.500,49880.781
25.000,9.000,49880.254
25.000,9.500,49880.389
25.000,10.000,49882.749
25.000,10.500,49880.113
25.000,11.000,49880.823
25.000,11.500,49882.441
25.000,12.000,49881.352
25.000,12.500,49881.244
25.000,13.000,49879.876
25.000,13.500,49884.365
25.000,14.000,49882.094
25.000,14.500,49877.316
25.000,15.000,49882.831
25.000,15.500,49878.954
25.000,16.000,49878.838
25.000,16.500,49879.864
25.000,17.000,49882.817
25.000,17.500,49880.543
25.000,18.000,49881.291
25.000,18.500,49878.496
25.000,19.000,49882.642
25.000,19.500,49880.656
25.000,20.000,49879.154
25.250,0.000,49895.704
25.250,0.500,49895.930
25.250,1.000,49895.300
25.250,1.500,49897.086
25.250,2.000,49896.000
25.250,2.500,49897.352
25.250,3.000,49894.990
25.250,3.500,49895.210
25.250,4.000,49896.314
25.250,4.500,49896.727
25.250,5.000,49894.460
25.250,5.500,49897.759
25.250,6.000,49895.073
25.250,6.500,49894.878
25.250,7.000,49895.503
25.250,7.500,49893.528
25.250,8.000,49892.313
25.250,8.500,49897.838
25.250,9.000,49896.323
25.250,9.500,49893.315
25.250,10.000,49894.883
25.250,10.500,49895.591
25.250,11.000,49893.904
25.250,11.500,49896.768
25.250,12.000,49893.862
25.250,12.500,49896.081
25.250,13.000,49893.639
25.250,13.500,49895.340
25.250,14.000,49896.902
25.250,14.500,49895.291
25.250,15.000,49893.852
25.250,15.500,49894.925
25.250,16.000,49895.691
25.250,16.500,49893.976
25.250,17.000,49894.043
25.250,17.500,49897.298
25.250,18.000,49896.773
25.250,18.500,49893.706
25.250,19.000,49892.750
25.250,19.500,49892.829
25.250,20.000,49893.110
25.500,0.000,49906.818
25.500,0.500,49907.109
25.500,1.000,49905.125
25.500,1.500,49907.410
25.500,2.000,49902.800
25.500,2.500,49907.341
25.500,3.000,49909.518
25.500,3.500,49905.258
25.500,4.000,49902.734
25.500,4.500,49907.277
25.500,5.000,49908.050
25.500,5.500,49906.359
25.500,6.000,49907.286
25.500,6.500,49908.852
25.500,7.000,49909.421
25.500,7.500,49907.757
25.500,8.000,49904.979
25.500,8.500,49907.061
25.500,9.000,49905.281
25.500,9.500,49906.734
25.500,10.000,49906.373
25.500,10.500,49905.858
25.500,11.000,49908.993
25.500,11.500,49906.339
25.500,12.000,49904.446
25.500,12.500,49907.226
25.500,13.000,49907.678
25.500,13.500,49906.721
25.500,14.000,49905.480
25.500,14.500,49905.996
25.500,15.000,49905.766
25.500,15.500,49905.900
25.500,16.000,49905.614
25.500,16.500,49906.349
25.500,17.000,49904.663
25.500,17.500,49907.085
25.500,18.000,49905.562
25.500,18.500,49908.073
25.500,19.000,49907.353
25.500,19.500,49909.065
25.500,20.000,49904.786
25.750,0.000,49919.879
25.750,0.500,49917.568
25.750,1.000,49918.650
25.750,1.500,49919.035
25.750,2.000,49919.120
25.750,2.500,49917.748
25.750,3.000,49918.313
25.750,3.500,49917.470
25.750,4.000,49918.674
25.750,4.500,49916.219
25.750,5.000,49918.137
25.750,5.500,49919.813
25.750,6.000,49920.488
25.750,6.500,49919.054
25.750,7.000,49919.617
25.750,7.500,49918.185
25.750,8.000,49918.955
25.750,8.500,49920.267
25.750,9.000,49917.245
25.750,9.500,49914.922
25.750,10.000,49917.028
25.750,10.500,49917.543
25.750,11.000,49916.012
25.750,11.500,49915.436
25.750,12.000,49916.481
25.750,12.500,49915.365
25.750,13.000,49918.572
25.750,13.500,49919.756
25.750,14.000,49918.211
25.750,14.500,49915.107
25.750,15.000,49917.514
25.750,15.500,49915.923
25.750,16.000,49917.640
25.750,16.500,49915.998
25.750,17.000,49918.722
25.750,17.500,49918.318
25.750,18.000,49916.802
25.750,18.500,49918.061
25.750,19.000,49917.421
25.750,19.500,49919.941
25.750,20.000,49914.522
26.000,0.000,49927.567
26.000,0.500,49928.794
26.000,1.000,49926.359
26.000,1.500,49926.140
26.000,2.000,49927.133
26.000,2.500,49925.466
26.000,3.000,49926.018
26.000,3.500,49925.264
26.000,4.000,49926.510
26.000,4.500,49923.614
26.000,5.000,49925.823
26.000,5.500,49927.541
26.000,6.000,49926.110
26.000,6.500,49926.035
26.000,7.000,49927.977
26.000,7.500,49928.971
26.000,8.000,49925.475
26.000,8.500,49928.365
26.000,9.000,49923.910
26.000,9.500,49925.246
26.000,10.000,49927.300
26.000,10.500,49926.865
26.000,11.000,49926.641
26.000,11.500,49927.746
26.000,12.000,49926.133
26.000,12.500,49927.572
26.000,13.000,49925.688
26.000,13.500,49925.476
26.000,14.000,49923.604
26.000,14.500,49927.432
26.000,15.000,49925.120
26.000,15.500,49927.940
26.000,16.000,49927.952
26.000,16.500,49926.116
26.000,17.000,49926.593
26.000,17.500,49926.775
26.000,18.000,49926.188
26.000,18.500,49924.327
26.000,19.000,49928.705
26.000,19.500,49925.706
26.000,20.000,49927.375
26.250,0.000,49935.412
26.250,0.500,49935.392
26.250,1.000,49935.267
26.250,1.500,49936.287
26.250,2.000,49933.592
26.250,2.500,49936.366
26.250,3.000,49935.105
26.250,3.500,49934.893
26.250,4.000,49934.189
26.250,4.500,49934.721
26.250,5.000,49935.635
26.250,5.500,49932.985
26.250,6.000,49932.138
26.250,6.500,49934.284
26.250,7.000,49935.726
26.250,7.500,49934.201
26.250,8.000,49936.685
26.250,8.500,49936.550
26.250,9.000,49936.690
26.250,9.500,49936.745
26.250,10.000,49934.944
26.250,10.500,49935.383
26.250,11.000,49933.495
26.250,11.500,49930.477
26.250,12.000,49935.102
26.250,12.500,49933.328
26.250,13.000,49934.178
26.250,13.500,49930.748
26.250,14.000,49935.821
26.250,14.500,49934.173
26.250,15.000,49933.594
26.250,15.500,49932.753
26.250,16.000,49933.275
26.250,16.500,49933.235
26.250,17.000,49933.061
26.250,17.500,49932.413
26.250,18.000,49934.234
26.250,18.500,49934.059
26.250,19.000,49935.875
26.250,19.500,49931.979
26.250,20.000,49933.959
26.500,0.000,49940.669
26.500,0.500,49942.500
26.500,1.000,49941.892
26.500,1.500,49943.226
26.500,2.000,49944.690
26.500,2.500,49941.914
26.500,3.000,49942.688
26.500,3.500,49940.747
26.500,4.000,49941.660
26.500,4.500,49941.866
26.500,5.000,49945.015
26.500,5.500,49940.076
26.500,6.000,49941.562
26.500,6.500,49941.770
26.500,7.000,49940.588
26.500,7.500,49942.227
26.500,8.000,49941.698
26.500,8.500,49941.836
26.500,9.000,49940.555
26.500,9.500,49942.722
26.500,10.000,49940.208
26.500,10.500,49941.030
26.500,11.000,49942.845
26.500,11.500,49943.659
26.500,12.000,49940.427
26.500,12.500,49942.479
26.500,13.000,49941.411
26.500,13.500,49943.102
26.500,14.000,49941.702
26.500,14.500,49944.081
26.500,15.000,49943.838
26.500,15.500,49940.085
26.500,16.000,49941.062
26.500,16.500,49940.437
26.500,17.000,49941.453
26.500,17.500,49938.862
26.500,18.000,49939.093
26.500,18.500,49943.150
26.500,19.000,49942.149
26.500,19.500,49942.787
26.500,20.000,49940.320
26.750,0.000,49946.606
26.750,0.500,49947.876
26.750,1.000,49950.223
26.750,1.500,49948.244
26.750,2.000,49948.387
26.750,2.500,49949.861
26.750,3.000,49948.644
26.750,3.500,49948.328
26.750,4.000,49948.676
26.750,4.500,49947.728
26.750,5.000,49950.354
26.750,5.500,49947.816
26.750,6.000,49946.871
26.750,6.500,49948.954
26.750,7.000,49949.331
26.750,7.500,49947.183
26.750,8.000,49948.957
26.750,8.500,49949.468
26.750,9.000,49942.807
26.750,9.500,49945.231
26.750,10.000,49948.403
26.750,10.500,49946.392
26.750,11.000,49950.305
26.750,11.500,49948.250
26.750,12.000,49947.603
26.750,12.500,49947.841
26.750,13.000,49947.173
26.750,13.500,49946.777
26.750,14.000,49947.921
26.750,14.500,49949.244
26.750,15.000,49945.422
26.750,15.500,49948.109
26.750,16.000,49947.081
26.750,16.500,49947.894
26.750,17.000,49946.648
26.750,17.500,49948.004
26.750,18.000,49946.194
26.750,18.500,49947.788
26.750,19.000,49947.444
26.750,19.500,49945.355
26.750,20.000,49948.499
27.000,0.000,49949.411
27.000,0.500,49953.049
27.000,1.000,49951.360
27.000,1.500,49953.965
27.000,2.000,49953.058
27.000,2.500,49954.769
27.000,3.000,49953.222
27.000,3.500,49953.187
27.000,4.000,49955.168
27.000,4.500,49952.771
27.000,5.000,49953.404
27.000,5.500,49955.568
27.000,6.000,49954.402
27.000,6.500,49956.364
27.000,7.000,49954.059
27.000,7.500,49952.557
27.000,8.000,49954.945
27.000,8.500,49954.699
27.000,9.000,49952.890
27.000,9.500,49954.094
27.000,10.000,49953.145
27.000,10.500,49954.003
27.000,11.000,49953.293
27.000,11.500,49953.039
27.000,12.000,49955.758
27.000,12.500,49953.902
27.000,13.000,49951.217
27.000,13.500,49953.523
27.000,14.000,49952.760
27.000,14.500,49953.680
27.000,15.000,49953.573
27.000,15.500,49953.767
27.000,16.000,49950.677
27.000,16.500,49950.882
27.000,17.000,49955.345
27.000,17.500,49953.216
27.000,18.000,49955.276
27.000,18.500,49954.075
27.000,19.000,49952.500
27.000,19.500,49950.783
27.000,20.000,49954.101
27.250,0.000,49959.224
27.250,0.500,49961.059
27.250,1.000,49958.113
27.250,1.500,49958.515
27.250,2.000,49955.672
27.250,2.500,49957.456
27.250,3.000,49958.718
27.250,3.500,49957.805
27.250,4.000,49957.002
27.250,4.500,49960.421
27.250,5.000,49960.680
27.250,5.500,49956.655
27.250,6.000,49958.388
27.250,6.500,49957.578
27.250,7.000,49960.430
27.250,7.500,49958.541
27.250,8.000,49959.064
27.250,8.500,49956.749
27.250,9.000,49960.127
27.250,9.500,49957.673
27.250,10.000,49960.902
27.250,10.500,49959.734
27.250,11.000,49957.108
27.250,11.500,49958.865
27.250,12.000,49958.432
27.250,12.500,49957.728
27.250,13.000,49959.180
27.250,13.500,49958.014
27.250,14.000,49958.094
27.250,14.500,49957.105
27.250,15.000,49956.939
27.250,15.500,49958.175
27.250,16.000,49958.334
27.250,16.500,49959.688
27.250,17.000,49956.052
27.250,17.500,49958.264
27.250,18.000,49960.498
27.250,18.500,49957.104
27.250,19.000,49956.571
27.250,19.500,49956.762
27.250,20.000,49959.355
27.500,0.000,49960.829
27.500,0.500,49962.743
27.500,1.000,49961.695
27.500,1.500,49961.820
27.500,2.000,49962.208
27.500,2.500,49962.089
27.500,3.000,49962.083
27.500,3.500,49962.537
27.500,4.000,49963.004
27.500,4.500,49961.903
27.500,5.000,49963.271
27.500,5.500,49961.829
27.500,6.000,49961.849
27.500,6.500,49962.576
27.500,7.000,49959.922
27.500,7.500,49961.248
27.500,8.000,49961.462
27.500,8.500,49960.914
27.500,9.000,49962.086
27.500,9.500,49961.320
27.500,10.000,49961.040
27.500,10.500,49963.919
27.500,11.000,49965.508
27.500,11.500,49963.867
27.500,12.000,49962.816
27.500,12.500,49964.048
27.500,13.000,49962.829
27.500,13.500,49961.965
27.500,14.000,49962.522
27.500,14.500,49961.852
27.500,15.000,49959.051
27.500,15.500,49961.100
27.500,16.000,49961.125
27.500,16.500,49963.101
27.500,17.000,49961.663
27.500,17.500,49959.696
27.500,18.000,49962.364
27.500,18.500,49962.850
27.500,19.000,49963.587
27.500,19.500,49962.994
27.500,20.000,49966.049
27.750,0.000,49965.245
27.750,0.500,49968.508
27.750,1.000,49967.899
27.750,1.500,49965.550
27.750,2.000,49966.296
27.750,2.500,49965.353
27.750,3.000,49966.270
27.750,3.500,49965.776
27.750,4.000,49965.757
27.750,4.500,49966.400
27.750,5.000,49964.837
27.750,5.500,49968.061
27.750,6.000,49967.675
27.750,6.500,49965.299
27.750,7.000,49967.620
27.750,7.500,49964.733
27.750,8.000,49963.619
27.750,8.500,49966.753
27.750,9.000,49967.086
27.750,9.500,49965.144
27.750,10.000,49967.031
27.750,10.500,49969.171
27.750,11.000,49970.740
27.750,11.500,49964.903
27.750,12.000,49966.696
27.750,12.500,49964.357
27.750,13.000,49970.443
27.750,13.500,49965.540
27.750,14.000,49967.483
27.750,14.500,49966.335
27.750,15.000,49964.611
27.750,15.500,49965.890
27.750,16.000,49964.175
27.750,16.500,49965.253
27.750,17.000,49965.819
27.750,17.500,49966.568
27.750,18.000,49962.834
27.750,18.500,49966.155
27.750,19.000,49970.096
27.750,19.500,49964.853
27.750,20.000,49966.784
28.000,0.000,49969.329
28.000,0.500,49965.717
28.000,1.000,49968.443
28.000,1.500,49968.897
28.000,2.000,49971.178
28.000,2.500,49969.840
28.000,3.000,49969.547
28.000,3.500,49970.872
28.000,4.000,49970.041
28.000,4.500,49969.584
28.000,5.000,49970.818
28.000,5.500,49967.736
28.000,6.000,49969.475
28.000,6.500,49971.649
28.000,7.000,49966.544
28.000,7.500,49968.553
28.000,8.000,49969.959
28.000,8.500,49970.055
28.000,9.000,49969.194
28.000,9.500,49970.331
28.000,10.000,49968.345
28.000,10.500,49971.134
28.000,11.000,49969.948
28.000,11.500,49972.371
28.000,12.000,49970.911
28.000,12.500,49970.464
28.000,13.000,49971.757
28.000,13.500,49968.425
28.000,14.000,49969.190
28.000,14.500,49967.005
28.000,15.000,49970.938
28.000,15.500,49972.117
28.000,16.000,49968.913
28.000,16.500,49967.822
28.000,17.000,49971.343
28.000,17.500,49968.559
28.000,18.000,49968.918
28.000,18.500,49971.995
28.000,19.000,49969.160
28.000,19.500,49969.432
28.000,20.000,49972.143
28.250,0.000,49973.920
28.250,0.500,49971.425
28.250,1.000,49975.266
28.250,1.500,49970.382
28.250,2.000,49974.492
28.250,2.500,49973.702
28.250,3.000,49972.167
28.250,3.500,49971.769
28.250,4.000,49971.254
28.250,4.500,49975.501
28.250,5.000,49973.080
28.250,5.500,49971.932
28.250,6.000,49973.724
28.250,6.500,49974.656
28.250,7.000,49973.313
28.250,7.500,49973.866
28.250,8.000,49974.238
28.250,8.500,49972.883
28.250,9.000,49973.257
28.250,9.500,49972.598
28.250,10.000,49971.272
28.250,10.500,49970.850
28.250,11.000,49973.418
28.250,11.500,49971.672
28.250,12.000,49972.697
28.250,12.500,49972.353
28.250,13.000,49974.176
28.250,13.500,49973.138
28.250,14.000,49973.178
28.250,14.500,49972.289
28.250,15.000,49972.514
28.250,15.500,49972.214
28.250,16.000,49973.103
28.250,16.500,49970.149
28.250,17.000,49972.713
28.250,17.500,49973.302
28.250,18.000,49973.350
28.250,18.500,49971.155
28.250,19.000,49972.151
28.250,19.500,49972.223
28.250,20.000,49971.997
28.500,0.000,49973.977
28.500,0.500,49974.160
28.500,1.000,49975.791
28.500,1.500,49976.343
28.500,2.000,49975.973
28.500,2.500,49974.430
28.500,3.000,49976.301
28.500,3.500,49975.412
28.500,4.000,49974.953
28.500,4.500,49974.294
28.500,5.000,49974.904
28.500,5.500,49976.729
28.500,6.000,49975.364
28.500,6.500,49975.442
28.500,7.000,49974.111
28.500,7.500,49979.785
28.500,8.000,49972.190
28.500,8.500,49972.533
28.500,9.000,49974.776
28.500,9.500,49975.852
28.500,10.000,49978.203
28.500,10.500,49976.305
28.500,11.000,49975.977
28.500,11.500,49976.899
28.500,12.000,49975.656
28.500,12.500,49972.576
28.500,13.000,49975.888
28.500,13.500,49975.830
28.500,14.000,49978.758
28.500,14.500,49974.422
28.500,15.000,49977.392
28.500,15.500,49973.469
28.500,16.000,49977.813
28.500,16.500,49975.718
28.500,17.000,49976.782
28.500,17.500,49976.590
28.500,18.000,49976.560
28.500,18.500,49975.699
28.500,19.000,49974.580
28.500,19.500,49975.336
28.500,20.000,49974.439
28.750,0.000,49978.138
28.750,0.500,49975.882
28.750,1.000,49978.542
28.750,1.500,49979.737
28.750,2.000,49980.061
28.750,2.500,49980.216
28.750,3.000,49978.461
28.750,3.500,49977.988
28.750,4.000,49977.823
28.750,4.500,49978.781
28.750,5.000,49979.255
28.750,5.500,49978.673
28.750,6.000,49976.135
28.750,6.500,49980.207
28.750,7.000,49978.843
28.750,7.500,49979.601
28.750,8.000,49978.181
28.750,8.500,49977.700
28.750,9.000,49980.987
28.750,9.500,49976.466
28.750,10.000,49975.529
28.750,10.500,49981.047
28.750,11.000,49978.406
28.750,11.500,49977.397
28.750,12.000,49977.156
28.750,12.500,49975.020
28.750,13.000,49980.827
28.750,13.500,49979.083
28.750,14.000,49978.789
28.750,14.500,49979.262
28.750,15.000,49976.654
28.750,15.500,49978.717
28.750,16.000,49979.662
28.750,16.500,49974.732
28.750,17.000,49978.939
28.750,17.500,49979.174
28.750,18.000,49978.214
28.750,18.500,49976.742
28.750,19.000,49977.832
28.750,19.500,49977.404
28.750,20.000,49978.647
29.000,0.000,49979.783
29.000,0.500,49981.717
29.000,1.000,49979.781
29.000,1.500,49979.767
29.000,2.000,49982.287
29.000,2.500,49980.281
29.000,3.000,49981.307
29.000,3.500,49978.551
29.000,4.000,49982.766
29.000,4.500,49978.294
29.000,5.000,49980.605
29.000,5.500,49980.110
29.000,6.000,49979.290
29.000,6.500,49980.010
29.000,7.000,49982.263
29.000,7.500,49983.007
29.000,8.000,49980.032
29.000,8.500,49979.840
29.000,9.000,49977.549
29.000,9.500,49982.929
29.000,10.000,49978.749
29.000,10.500,49978.975
29.000,11.000,49980.490
29.000,11.500,49981.428
29.000,12.000,49982.607
29.000,12.500,49983.580
29.000,13.000,49981.446
29.000,13.500,49979.593
29.000,14.000,49979.328
29.000,14.500,49980.046
29.000,15.000,49981.522
29.000,15.500,49981.750
29.000,16.000,49981.247
29.000,16.500,49977.485
29.000,17.000,49979.484
29.000,17.500,49982.525
29.000,18.000,49979.548
29.000,18.500,49980.236
29.000,19.000,49984.456
29.000,19.500,49980.265
29.000,20.000,49982.522
29.250,0.000,49985.410
29.250,0.500,49983.779
29.250,1.000,49981.978
29.250,1.500,49979.199
29.250,2.000,49981.319
29.250,2.500,49983.561
29.250,3.000,49983.472
29.250,3.500,49984.331
29.250,4.000,49980.901
29.250,4.500,49982.847
29.250,5.000,49979.461
29.250,5.500,49981.200
29.250,6.000,49983.306
29.250,6.500,49979.227
29.250,7.000,49983.714
29.250,7.500,49985.224
29.250,8.000,49980.314
29.250,8.500,49982.069
29.250,9.000,49985.026
29.250,9.500,49983.190
29.250,10.000,49983.027
29.250,10.500,49982.585
29.250,11.000,49980.359
29.250,11.500,49982.206
29.250,12.000,49984.337
29.250,12.500,49982.533
29.250,13.000,49983.483
29.250,13.500,49981.856
29.250,14.000,49981.091
29.250,14.500,49981.752
29.250,15.000,49980.821
29.250,15.500,49980.360
29.250,16.000,49982.377
29.250,16.500,49982.068
29.250,17.000,49981.006
29.250,17.500,49983.468
29.250,18.000,49981.034
29.250,18.500,49983.078
29.250,19.000,49983.196
29.250,19.500,49984.957
29.250,20.000,49982.981
29.500,0.000,49985.729
29.500,0.500,49984.646
29.500,1.000,49982.413
29.500,1.500,49985.796
29.500,2.000,49987.021
29.500,2.500,49984.304
29.500,3.000,49987.620
29.500,3.500,49985.854
29.500,4.000,49987.458
29.500,4.500,49984.173
29.500,5.000,49983.107
29.500,5.500,49984.506
29.500,6.000,49983.322
29.500,6.500,49984.698
29.500,7.000,49984.027
29.500,7.500,49984.626
29.500,8.000,49984.234
29.500,8.500,49982.898
29.500,9.000,49983.556
29.500,9.500,49986.246
29.500,10.000,49984.239
29.500,10.500,49982.316
29.500,11.000,49981.296
29.500,11.500,49983.832
29.500,12.000,49984.730
29.500,12.500,49982.538
29.500,13.000,49981.625
29.500,13.500,49985.145
29.500,14.000,49989.095
29.500,14.500,49985.612
29.500,15.000,49982.811
29.500,15.500,49984.132
29.500,16.000,49984.133
29.500,16.500,49982.408
29.500,17.000,49982.215
29.500,17.500,49984.113
29.500,18.000,49985.520
29.500,18.500,49984.721
29.500,19.000,49983.326
29.500,19.500,49985.124
29.500,20.000,49985.151
29.750,0.000,49984.804
29.750,0.500,49984.442
29.750,1.000,49987.226
29.750,1.500,49987.952
29.750,2.000,49986.846
29.750,2.500,49987.996
29.750,3.000,49988.417
29.750,3.500,49983.913
29.750,4.000,49986.912
29.750,4.500,49988.157
29.750,5.000,49987.873
29.750,5.500,49988.303
29.750,6.000,49985.270
29.750,6.500,49987.163
29.750,7.000,49987.295
29.750,7.500,49985.224
29.750,8.000,49986.397
29.750,8.500,49984.105
29.750,9.000,49984.821
29.750,9.500,49986.577
29.750,10.000,49987.656
29.750,10.500,49986.071
29.750,11.000,49988.368
29.750,11.500,49988.295
29.750,12.000,49984.583
29.750,12.500,49985.902
29.750,13.000,49985.296
29.750,13.500,49987.285
29.750,14.000,49987.127
29.750,14.500,49984.860
29.750,15.000,49987.438
29.750,15.500,49984.073
29.750,16.000,49987.824
29.750,16.500,49982.403
29.750,17.000,49985.798
29.750,17.500,49985.010
29.750,18.000,49987.093
29.750,18.500,49986.465
29.750,19.000,49982.807
29.750,19.500,49984.084
29.750,20.000,49985.231
30.000,0.000,49989.647
30.000,0.500,49990.309
30.000,1.000,49988.876
30.000,1.500,49989.977
30.000,2.000,49986.703
30.000,2.500,49988.447
30.000,3.000,49988.003
30.000,3.500,49986.182
30.000,4.000,49987.266
30.000,4.500,49987.246
30.000,5.000,49988.455
30.000,5.500,49988.504
30.000,6.000,49986.928
30.000,6.500,49986.943
30.000,7.000,49984.880
30.000,7.500,49988.480
30.000,8.000,49987.558
30.000,8.500,49987.661
30.000,9.000,49988.515
30.000,9.500,49986.946
30.000,10.000,49986.236
30.000,10.500,49986.773
30.000,11.000,49987.155
30.000,11.500,49987.992
30.000,12.000,49986.753
30.000,12.500,49986.997
30.000,13.000,49985.662
30.000,13.500,49987.044
30.000,14.000,49985.034
30.000,14.500,49986.664
30.000,15.000,49988.466
30.000,15.500,49987.916
30.000,16.000,49987.427
30.000,16.500,49987.329
30.000,17.000,49989.021
30.000,17.500,49985.908
30.000,18.000,49988.345
30.000,18.500,49986.614
30.000,19.000,49988.114
30.000,19.500,49987.476
30.000,20.000,49986.898
